timestamp,open,high,low,close,volume
2024-01-01T00:00:00Z,42283.58000000,42554.57000000,42261.02000000,42475.23000000,1271.68108000
2024-01-01T01:00:00Z,42475.23000000,42775.00000000,42431.65000000,42613.56000000,1196.37856000
2024-01-01T02:00:00Z,42613.57000000,42638.41000000,42500.00000000,42581.10000000,685.21980000
2024-01-01T03:00:00Z,42581.09000000,42586.64000000,42230.08000000,42330.49000000,794.80391000
2024-01-01T04:00:00Z,42330.50000000,42399.99000000,42209.46000000,42399.99000000,715.41760000
2024-01-01T05:00:00Z,42399.98000000,42406.00000000,42180.77000000,42234.01000000,736.53152000
2024-01-01T06:00:00Z,42234.01000000,42424.82000000,42208.68000000,42396.69000000,601.37250000
2024-01-01T07:00:00Z,42396.69000000,42500.00000000,42396.68000000,42492.46000000,653.67718000
2024-01-01T08:00:00Z,42492.46000000,42556.50000000,42452.58000000,42549.99000000,427.19365000
2024-01-01T09:00:00Z,42550.00000000,42699.32000000,42537.18000000,42649.69000000,879.62491000
2024-01-01T10:00:00Z,42649.69000000,42749.36000000,42628.00000000,42691.10000000,856.81851000
2024-01-01T11:00:00Z,42691.10000000,42762.39000000,42605.21000000,42690.20000000,785.16567000
2024-01-01T12:00:00Z,42690.21000000,42780.00000000,42611.45000000,42648.38000000,785.52851000
2024-01-01T13:00:00Z,42648.37000000,42748.00000000,42612.76000000,42715.54000000,497.20240000
2024-01-01T14:00:00Z,42715.54000000,42715.55000000,42580.00000000,42612.24000000,711.01152000
2024-01-01T15:00:00Z,42612.24000000,42847.07000000,42586.51000000,42783.05000000,942.70163000
2024-01-01T16:00:00Z,42783.05000000,42856.00000000,42664.42000000,42725.15000000,918.71056000
2024-01-01T17:00:00Z,42725.15000000,42824.90000000,42704.42000000,42812.70000000,677.33678000
2024-01-01T18:00:00Z,42812.71000000,43208.86000000,42812.70000000,43111.10000000,2143.30897000
2024-01-01T19:00:00Z,43111.10000000,43550.00000000,43103.64000000,43517.99000000,1947.61533000
2024-01-01T20:00:00Z,43517.98000000,43829.99000000,43510.71000000,43687.86000000,2905.07295000
2024-01-01T21:00:00Z,43687.85000000,43792.59000000,43480.76000000,43619.21000000,1541.59126000
2024-01-01T22:00:00Z,43619.22000000,43661.10000000,43361.60000000,43529.93000000,1024.36372000
2024-01-01T23:00:00Z,43529.94000000,44184.10000000,43529.93000000,44179.55000000,3475.97051000
2024-01-02T00:00:00Z,44179.55000000,45200.00000000,44148.34000000,45056.00000000,6986.25967000
2024-01-02T01:00:00Z,45056.00000000,45372.79000000,44686.00000000,44855.96000000,4397.86376000
2024-01-02T02:00:00Z,44855.96000000,45381.42000000,44855.95000000,45378.96000000,3016.04235000
2024-01-02T03:00:00Z,45378.96000000,45500.00000000,45131.10000000,45402.38000000,2693.12081000
2024-01-02T04:00:00Z,45402.38000000,45468.99000000,45170.00000000,45179.80000000,2268.27572000
2024-01-02T05:00:00Z,45179.80000000,45324.72000000,45121.96000000,45179.48000000,1617.28420000
2024-01-02T06:00:00Z,45179.48000000,45308.15000000,45130.00000000,45168.75000000,1390.33832000
2024-01-02T07:00:00Z,45168.75000000,45643.75000000,45168.74000000,45455.53000000,3112.52478000
2024-01-02T08:00:00Z,45455.52000000,45852.93000000,45326.60000000,45759.30000000,3323.21707000
2024-01-02T09:00:00Z,45759.30000000,45879.63000000,45631.10000000,45673.48000000,2096.46195000
2024-01-02T10:00:00Z,45673.48000000,45711.10000000,45431.52000000,45584.99000000,2069.22249000
2024-01-02T11:00:00Z,45585.00000000,45698.67000000,45200.00000000,45433.99000000,2538.49307000
2024-01-02T12:00:00Z,45433.99000000,45589.68000000,45271.04000000,45301.99000000,2128.11147000
2024-01-02T13:00:00Z,45302.00000000,45705.80000000,45264.39000000,45637.93000000,2253.76868000
2024-01-02T14:00:00Z,45637.92000000,45800.00000000,44970.00000000,45258.73000000,4553.21243000
2024-01-02T15:00:00Z,45258.73000000,45349.98000000,44833.33000000,45184.82000000,4301.03657000
2024-01-02T16:00:00Z,45184.83000000,45399.84000000,44890.11000000,45357.84000000,3052.23783000
2024-01-02T17:00:00Z,45357.84000000,45382.08000000,44950.48000000,44966.15000000,2540.00308000
2024-01-02T18:00:00Z,44966.16000000,45271.20000000,44944.00000000,45154.69000000,1806.07730000
2024-01-02T19:00:00Z,45154.70000000,45243.00000000,44790.96000000,45039.49000000,2347.28624000
2024-01-02T20:00:00Z,45039.49000000,45180.55000000,44742.96000000,44788.28000000,1940.02489000
2024-01-02T21:00:00Z,44788.27000000,45119.76000000,44600.00000000,45119.74000000,2043.74183000
2024-01-02T22:00:00Z,45119.74000000,45297.26000000,44840.01000000,44981.73000000,1591.57491000
2024-01-02T23:00:00Z,44981.72000000,45049.98000000,44802.01000000,44946.91000000,1080.22719000
2024-01-03T00:00:00Z,44946.91000000,45212.57000000,44862.11000000,45135.61000000,1410.31904000
2024-01-03T01:00:00Z,45135.61000000,45329.83000000,45102.72000000,45317.58000000,1166.18095000
2024-01-03T02:00:00Z,45317.58000000,45410.91000000,45211.73000000,45274.57000000,1434.81631000
2024-01-03T03:00:00Z,45274.57000000,45310.00000000,45151.91000000,45262.69000000,739.36966000
2024-01-03T04:00:00Z,45262.70000000,45272.16000000,45115.59000000,45183.45000000,796.78600000
2024-01-03T05:00:00Z,45183.45000000,45294.11000000,45118.91000000,45172.13000000,849.38832000
2024-01-03T06:00:00Z,45172.12000000,45363.19000000,45160.00000000,45326.93000000,1264.55564000
2024-01-03T07:00:00Z,45326.92000000,45384.84000000,44940.93000000,45011.77000000,1780.38521000
2024-01-03T08:00:00Z,45011.77000000,45200.00000000,45001.10000000,45200.00000000,1462.95207000
2024-01-03T09:00:00Z,45200.00000000,45500.00000000,45185.39000000,45344.67000000,2006.28796000
2024-01-03T10:00:00Z,45344.66000000,45398.37000000,45045.95000000,45151.91000000,1918.59612000
2024-01-03T11:00:00Z,45151.91000000,45174.07000000,43500.00000000,43702.88000000,7849.69163000
2024-01-03T12:00:00Z,43702.89000000,43716.00000000,40750.00000000,42789.38000000,20155.46959000
2024-01-03T13:00:00Z,42789.39000000,42820.92000000,42310.00000000,42529.40000000,5587.04560000
2024-01-03T14:00:00Z,42529.40000000,42532.00000000,42050.00000000,42179.99000000,4566.28860000
2024-01-03T15:00:00Z,42180.00000000,43009.02000000,42175.14000000,43000.01000000,5175.34831000
2024-01-03T16:00:00Z,43000.01000000,43567.92000000,42773.34000000,42992.67000000,6973.81609000
2024-01-03T17:00:00Z,42992.68000000,43034.59000000,42600.00000000,42906.00000000,2945.17641000
2024-01-03T18:00:00Z,42906.00000000,43050.00000000,42000.00000000,42255.72000000,3314.04996000
2024-01-03T19:00:00Z,42255.72000000,43011.10000000,42161.10000000,42596.67000000,3662.29946000
2024-01-03T20:00:00Z,42596.66000000,42846.17000000,42518.70000000,42721.02000000,1931.53987000
2024-01-03T21:00:00Z,42721.02000000,42966.27000000,42581.10000000,42917.62000000,1692.53055000
2024-01-03T22:00:00Z,42917.61000000,42941.10000000,42596.24000000,42749.68000000,1385.88591000
2024-01-03T23:00:00Z,42749.69000000,42845.23000000,42591.09000000,42845.23000000,1125.77247000
2024-01-04T00:00:00Z,42845.23000000,42983.77000000,42754.00000000,42874.01000000,1619.84247000
2024-01-04T01:00:00Z,42874.00000000,42936.79000000,42613.77000000,42708.01000000,1337.96527000
2024-01-04T02:00:00Z,42708.01000000,43219.36000000,42690.02000000,43138.49000000,1256.17270000
2024-01-04T03:00:00Z,43138.50000000,43220.56000000,43002.15000000,43102.80000000,1274.15811000
2024-01-04T04:00:00Z,43102.79000000,43200.00000000,42955.50000000,43149.99000000,1080.01392000
2024-01-04T05:00:00Z,43149.99000000,43273.08000000,43072.70000000,43183.74000000,971.30246000
2024-01-04T06:00:00Z,43183.74000000,43232.95000000,43086.59000000,43155.46000000,989.98669000
2024-01-04T07:00:00Z,43155.46000000,43261.64000000,42756.97000000,42763.08000000,2402.09322000
2024-01-04T08:00:00Z,42763.08000000,42975.38000000,42699.83000000,42849.66000000,1650.32861000
2024-01-04T09:00:00Z,42849.67000000,43084.38000000,42849.66000000,43007.74000000,1411.97913000
2024-01-04T10:00:00Z,43007.73000000,43100.00000000,42616.28000000,43073.26000000,2250.33233000
2024-01-04T11:00:00Z,43073.26000000,43233.81000000,42927.33000000,43176.32000000,1433.76942000
2024-01-04T12:00:00Z,43176.33000000,43423.95000000,43097.06000000,43378.12000000,2238.88425000
2024-01-04T13:00:00Z,43378.11000000,43484.84000000,43167.27000000,43346.68000000,1658.84054000
2024-01-04T14:00:00Z,43346.67000000,43753.15000000,43250.00000000,43676.07000000,2649.80670000
2024-01-04T15:00:00Z,43676.07000000,44329.99000000,43608.00000000,44051.10000000,5051.47874000
2024-01-04T16:00:00Z,44051.10000000,44134.80000000,43777.86000000,43915.71000000,2764.45038000
2024-01-04T17:00:00Z,43915.70000000,44225.75000000,43827.69000000,43990.01000000,2510.89188000
2024-01-04T18:00:00Z,43990.01000000,44152.09000000,43881.31000000,44048.96000000,1520.18678000
2024-01-04T19:00:00Z,44048.95000000,44437.50000000,43910.01000000,43956.48000000,2603.99272000
2024-01-04T20:00:00Z,43956.48000000,44690.00000000,43890.90000000,44113.68000000,3043.38975000
2024-01-04T21:00:00Z,44113.68000000,44589.04000000,44113.67000000,44430.86000000,2538.90479000
2024-01-04T22:00:00Z,44430.86000000,44729.58000000,44150.64000000,44318.00000000,2470.81905000
2024-01-04T23:00:00Z,44318.01000000,44355.22000000,44050.00000000,44151.10000000,1308.47343000
2024-01-05T00:00:00Z,44151.10000000,44248.47000000,43950.84000000,44211.10000000,1764.77429000
2024-01-05T01:00:00Z,44211.10000000,44284.00000000,42450.00000000,43376.00000000,5302.04832000
2024-01-05T02:00:00Z,43376.00000000,43972.86000000,43302.00000000,43506.00000000,3111.00846000
2024-01-05T03:00:00Z,43506.01000000,43770.00000000,43409.79000000,43465.21000000,1543.67157000
2024-01-05T04:00:00Z,43465.21000000,43629.99000000,43187.89000000,43589.88000000,1790.05634000
2024-01-05T05:00:00Z,43589.87000000,43723.13000000,43507.48000000,43644.15000000,947.34888000
2024-01-05T06:00:00Z,43644.16000000,43926.00000000,43578.08000000,43844.82000000,1112.36781000
2024-01-05T07:00:00Z,43845.08000000,43926.00000000,43715.93000000,43777.47000000,1099.83728000
2024-01-05T08:00:00Z,43777.48000000,43947.99000000,43771.10000000,43911.44000000,989.55630000
2024-01-05T09:00:00Z,43911.44000000,44324.80000000,43911.44000000,44147.21000000,2628.68996000
2024-01-05T10:00:00Z,44147.22000000,44157.03000000,43433.00000000,43628.18000000,1876.88721000
2024-01-05T11:00:00Z,43628.19000000,43916.80000000,43605.36000000,43771.34000000,1560.50376000
2024-01-05T12:00:00Z,43771.34000000,44110.07000000,43616.00000000,43882.52000000,1865.99113000
2024-01-05T13:00:00Z,43882.52000000,44096.49000000,43721.06000000,43986.01000000,1994.26258000
2024-01-05T14:00:00Z,43986.01000000,44062.36000000,43100.00000000,43486.04000000,3583.28008000
2024-01-05T15:00:00Z,43488.21000000,43801.10000000,43355.54000000,43500.01000000,2600.74661000
2024-01-05T16:00:00Z,43500.01000000,43592.64000000,43220.00000000,43225.99000000,2401.19219000
2024-01-05T17:00:00Z,43225.99000000,43627.57000000,43100.46000000,43609.53000000,2540.97502000
2024-01-05T18:00:00Z,43609.52000000,43690.12000000,43418.00000000,43610.07000000,1274.08655000
2024-01-05T19:00:00Z,43610.08000000,43808.07000000,43520.15000000,43600.00000000,1243.82237000
2024-01-05T20:00:00Z,43600.00000000,44357.46000000,43599.99000000,43955.07000000,2500.69771000
2024-01-05T21:00:00Z,43955.07000000,43971.10000000,43580.51000000,43946.26000000,1609.24913000
2024-01-05T22:00:00Z,43946.26000000,44048.64000000,43764.42000000,43967.44000000,1024.55085000
2024-01-05T23:00:00Z,43967.44000000,44318.61000000,43967.44000000,44145.11000000,1709.64887000
2024-01-06T00:00:00Z,44145.12000000,44214.42000000,43975.00000000,44068.80000000,879.60338000
2024-01-06T01:00:00Z,44068.79000000,44094.40000000,43906.19000000,43970.64000000,857.49986000
2024-01-06T02:00:00Z,43970.65000000,44009.24000000,43823.06000000,43909.31000000,718.07637000
2024-01-06T03:00:00Z,43909.31000000,44018.57000000,43812.50000000,43931.10000000,668.28232000
2024-01-06T04:00:00Z,43931.10000000,43971.10000000,43832.00000000,43850.00000000,422.35739000
2024-01-06T05:00:00Z,43850.01000000,43871.10000000,43588.00000000,43698.72000000,1174.66016000
2024-01-06T06:00:00Z,43698.72000000,43700.34000000,43425.00000000,43454.70000000,1659.55792000
2024-01-06T07:00:00Z,43454.70000000,43668.02000000,43397.05000000,43653.20000000,986.22209000
2024-01-06T08:00:00Z,43653.20000000,43744.37000000,43551.28000000,43692.33000000,813.66676000
2024-01-06T09:00:00Z,43692.33000000,43756.00000000,43636.70000000,43651.90000000,562.07964000
2024-01-06T10:00:00Z,43651.90000000,43771.10000000,43584.00000000,43694.48000000,677.68295000
2024-01-06T11:00:00Z,43694.47000000,43705.23000000,43616.02000000,43671.96000000,396.12062000
2024-01-06T12:00:00Z,43671.97000000,43750.00000000,43527.27000000,43607.96000000,531.76575000
2024-01-06T13:00:00Z,43607.95000000,43740.27000000,43542.00000000,43704.07000000,473.09350000
2024-01-06T14:00:00Z,43704.08000000,43920.08000000,43703.41000000,43828.21000000,998.40603000
2024-01-06T15:00:00Z,43828.20000000,43898.00000000,43791.10000000,43867.17000000,606.87310000
2024-01-06T16:00:00Z,43867.17000000,43978.78000000,43828.50000000,43872.34000000,762.52286000
2024-01-06T17:00:00Z,43872.35000000,44000.00000000,43842.97000000,43963.72000000,618.69382000
2024-01-06T18:00:00Z,43963.73000000,44148.58000000,43884.04000000,43995.89000000,883.24997000
2024-01-06T19:00:00Z,43995.89000000,44017.46000000,43830.88000000,43906.36000000,706.77767000
2024-01-06T20:00:00Z,43906.35000000,43961.33000000,43611.19000000,43826.44000000,727.31918000
2024-01-06T21:00:00Z,43826.45000000,43935.21000000,43723.76000000,43889.43000000,583.21345000
2024-01-06T22:00:00Z,43889.43000000,43928.00000000,43740.00000000,43878.61000000,480.59040000
2024-01-06T23:00:00Z,43878.62000000,43980.00000000,43732.50000000,43968.32000000,646.74625000
2024-01-07T00:00:00Z,43968.32000000,44259.29000000,43915.56000000,44119.11000000,1359.49776000
2024-01-07T01:00:00Z,44119.11000000,44160.00000000,43963.89000000,43967.72000000,668.13600000
2024-01-07T02:00:00Z,43967.71000000,44089.10000000,43833.40000000,43930.28000000,741.95675000
2024-01-07T03:00:00Z,43930.28000000,44034.92000000,43904.18000000,43940.41000000,627.84726000
2024-01-07T04:00:00Z,43940.41000000,44035.90000000,43885.24000000,44000.00000000,545.34387000
2024-01-07T05:00:00Z,44000.01000000,44067.84000000,43843.52000000,43885.47000000,519.68969000
2024-01-07T06:00:00Z,43885.48000000,44088.01000000,43858.00000000,44022.00000000,705.67701000
2024-01-07T07:00:00Z,44021.99000000,44100.00000000,43991.10000000,44080.00000000,576.40730000
2024-01-07T08:00:00Z,44080.00000000,44167.81000000,44000.00000000,44017.99000000,866.45352000
2024-01-07T09:00:00Z,44018.00000000,44065.00000000,43880.65000000,43938.90000000,745.22164000
2024-01-07T10:00:00Z,43938.90000000,43996.00000000,43906.91000000,43960.00000000,673.28346000
2024-01-07T11:00:00Z,43960.00000000,44118.19000000,43959.10000000,44061.10000000,738.77639000
2024-01-07T12:00:00Z,44061.10000000,44139.43000000,43969.62000000,44088.63000000,637.81941000
2024-01-07T13:00:00Z,44088.63000000,44449.98000000,44082.66000000,44409.31000000,2234.29499000
2024-01-07T14:00:00Z,44409.31000000,44480.59000000,44277.12000000,44402.00000000,1427.92526000
2024-01-07T15:00:00Z,44402.00000000,44431.10000000,43945.15000000,44047.57000000,1672.94945000
2024-01-07T16:00:00Z,44047.57000000,44185.00000000,43857.14000000,43922.00000000,1260.33931000
2024-01-07T17:00:00Z,43922.00000000,44110.15000000,43700.00000000,44064.84000000,1223.59528000
2024-01-07T18:00:00Z,44064.83000000,44176.04000000,44035.25000000,44106.11000000,546.77236000
2024-01-07T19:00:00Z,44106.11000000,44262.53000000,44041.27000000,44244.77000000,560.18451000
2024-01-07T20:00:00Z,44244.77000000,44269.92000000,44120.00000000,44120.01000000,527.84094000
2024-01-07T21:00:00Z,44120.01000000,44249.00000000,44110.45000000,44231.53000000,551.38125000
2024-01-07T22:00:00Z,44231.53000000,44231.54000000,43778.13000000,43862.85000000,1399.67049000
2024-01-07T23:00:00Z,43862.85000000,44024.99000000,43572.09000000,43929.02000000,2212.78690000
2024-01-08T00:00:00Z,43929.01000000,43986.00000000,43625.18000000,43632.00000000,1712.48374000
2024-01-08T01:00:00Z,43632.00000000,43809.18000000,43610.25000000,43713.06000000,1111.57206000
2024-01-08T02:00:00Z,43713.07000000,43800.07000000,43175.00000000,43371.09000000,2425.01013000
2024-01-08T03:00:00Z,43371.09000000,43568.85000000,43225.00000000,43518.20000000,2122.92505000
2024-01-08T04:00:00Z,43518.20000000,43610.68000000,43430.79000000,43599.26000000,1115.01613000
2024-01-08T05:00:00Z,43599.26000000,43650.00000000,43475.00000000,43641.74000000,1134.27526000
2024-01-08T06:00:00Z,43641.74000000,44341.80000000,43584.87000000,43912.87000000,3381.02051000
2024-01-08T07:00:00Z,43912.88000000,44074.99000000,43784.86000000,43974.55000000,1527.12031000
2024-01-08T08:00:00Z,43974.55000000,44069.41000000,43851.10000000,43868.53000000,829.24271000
2024-01-08T09:00:00Z,43868.53000000,43920.14000000,43641.73000000,43720.46000000,1124.68124000
2024-01-08T10:00:00Z,43720.45000000,44128.19000000,43689.26000000,44088.85000000,1256.15965000
2024-01-08T11:00:00Z,44088.86000000,44688.00000000,43950.00000000,44635.99000000,3426.18407000
2024-01-08T12:00:00Z,44636.00000000,45200.00000000,44350.00000000,45111.09000000,7517.56070000
2024-01-08T13:00:00Z,45111.10000000,45179.14000000,44807.56000000,44911.58000000,3323.31376000
2024-01-08T14:00:00Z,44911.58000000,45090.00000000,44724.37000000,44783.91000000,2288.27888000
2024-01-08T15:00:00Z,44783.90000000,45333.00000000,44667.22000000,44963.04000000,4083.38544000
2024-01-08T16:00:00Z,44963.04000000,45171.42000000,44793.97000000,44940.30000000,2531.38293000
2024-01-08T17:00:00Z,44940.31000000,45668.88000000,44903.86000000,45648.00000000,4294.58934000
2024-01-08T18:00:00Z,45648.01000000,46995.00000000,45648.00000000,46970.01000000,10702.46628000
2024-01-08T19:00:00Z,46970.02000000,47248.99000000,46540.01000000,46979.35000000,6934.53877000
2024-01-08T20:00:00Z,46979.36000000,47143.15000000,46709.92000000,46774.01000000,3446.63730000
2024-01-08T21:00:00Z,46774.01000000,47207.16000000,46653.84000000,47071.41000000,2789.04666000
2024-01-08T22:00:00Z,47071.41000000,47120.00000000,46799.18000000,46999.99000000,1797.31670000
2024-01-08T23:00:00Z,47000.00000000,47100.00000000,46833.88000000,46951.04000000,1940.36827000
2024-01-09T00:00:00Z,46951.04000000,47150.00000000,46230.00000000,46668.88000000,4454.55224000
2024-01-09T01:00:00Z,46668.87000000,46786.83000000,46288.00000000,46556.62000000,2579.21111000
2024-01-09T02:00:00Z,46556.62000000,46785.22000000,46483.83000000,46779.81000000,1420.86767000
2024-01-09T03:00:00Z,46779.82000000,46974.42000000,46750.92000000,46926.96000000,1647.49829000
2024-01-09T04:00:00Z,46926.96000000,46940.00000000,46670.91000000,46803.54000000,1286.08627000
2024-01-09T05:00:00Z,46803.54000000,46858.00000000,46599.43000000,46714.67000000,1293.90068000
2024-01-09T06:00:00Z,46714.66000000,46838.40000000,46665.84000000,46788.01000000,911.52160000
2024-01-09T07:00:00Z,46788.02000000,46931.70000000,46735.18000000,46825.51000000,1215.90126000
2024-01-09T08:00:00Z,46825.52000000,46874.94000000,46510.00000000,46544.65000000,1331.10707000
2024-01-09T09:00:00Z,46544.65000000,46694.61000000,46407.90000000,46491.99000000,1571.60244000
2024-01-09T10:00:00Z,46491.99000000,46680.00000000,46381.10000000,46441.89000000,1685.90791000
2024-01-09T11:00:00Z,46441.88000000,46644.00000000,46426.20000000,46615.99000000,1430.21749000
2024-01-09T12:00:00Z,46616.00000000,47000.00000000,45450.00000000,46166.35000000,4416.37703000
2024-01-09T13:00:00Z,46166.36000000,47051.21000000,46055.51000000,46834.00000000,5041.75722000
2024-01-09T14:00:00Z,46834.01000000,47007.83000000,46498.93000000,46561.10000000,2999.84714000
2024-01-09T15:00:00Z,46561.11000000,47010.00000000,46429.31000000,46868.09000000,3353.84219000
2024-01-09T16:00:00Z,46868.08000000,46975.00000000,46719.69000000,46902.88000000,1950.39781000
2024-01-09T17:00:00Z,46902.89000000,46919.99000000,46632.01000000,46715.99000000,1744.55384000
2024-01-09T18:00:00Z,46716.00000000,46731.10000000,46500.00000000,46640.50000000,2182.23673000
2024-01-09T19:00:00Z,46640.50000000,46890.00000000,46573.92000000,46876.01000000,1433.29461000
2024-01-09T20:00:00Z,46876.00000000,46930.74000000,46591.60000000,46642.54000000,1427.66813000
2024-01-09T21:00:00Z,46642.53000000,47972.00000000,44748.67000000,45439.44000000,17027.62509000
2024-01-09T22:00:00Z,45439.44000000,46261.09000000,45295.19000000,46254.00000000,4757.30303000
2024-01-09T23:00:00Z,46254.00000000,46254.01000000,45924.00000000,46110.00000000,2764.38932000
2024-01-10T00:00:00Z,46110.00000000,46249.14000000,45788.85000000,45856.42000000,2839.97544000
2024-01-10T01:00:00Z,45856.41000000,45960.00000000,45622.00000000,45929.30000000,2013.31088000
2024-01-10T02:00:00Z,45929.30000000,46082.87000000,45882.41000000,45971.09000000,1108.50161000
2024-01-10T03:00:00Z,45971.10000000,46211.95000000,45922.86000000,46117.10000000,1002.73836000
2024-01-10T04:00:00Z,46117.10000000,46186.00000000,45944.82000000,45960.98000000,1131.61113000
2024-01-10T05:00:00Z,45960.97000000,46027.08000000,45890.58000000,45975.99000000,1082.47607000
2024-01-10T06:00:00Z,45975.99000000,46065.85000000,45875.28000000,46006.00000000,847.24073000
2024-01-10T07:00:00Z,46006.00000000,46023.40000000,45734.56000000,45757.98000000,1379.97341000
2024-01-10T08:00:00Z,45757.98000000,45861.10000000,45320.53000000,45329.94000000,2517.14697000
2024-01-10T09:00:00Z,45329.94000000,45700.00000000,45321.99000000,45661.42000000,2388.37211000
2024-01-10T10:00:00Z,45661.43000000,45731.10000000,45532.00000000,45532.00000000,1101.89012000
2024-01-10T11:00:00Z,45532.01000000,45659.42000000,45000.00000000,45515.89000000,2363.70366000
2024-01-10T12:00:00Z,45515.88000000,45662.01000000,44363.93000000,44670.53000000,5540.87031000
2024-01-10T13:00:00Z,44670.54000000,45393.99000000,44300.36000000,45118.01000000,4518.06082000
2024-01-10T14:00:00Z,45118.00000000,45404.89000000,44820.35000000,44884.00000000,3293.59955000
2024-01-10T15:00:00Z,44884.01000000,45630.70000000,44800.00000000,45546.40000000,4166.81930000
2024-01-10T16:00:00Z,45546.39000000,45708.31000000,45173.97000000,45311.10000000,3383.80525000
2024-01-10T17:00:00Z,45311.09000000,46449.00000000,45227.01000000,46401.89000000,5565.30304000
2024-01-10T18:00:00Z,46401.88000000,46633.86000000,45840.00000000,46527.33000000,4249.44238000
2024-01-10T19:00:00Z,46527.32000000,46666.00000000,46043.69000000,46489.18000000,4609.96145000
2024-01-10T20:00:00Z,46489.19000000,46504.92000000,44800.00000000,46127.00000000,10674.42987000
2024-01-10T21:00:00Z,46127.00000000,46301.04000000,45080.00000000,45946.00000000,8142.82709000
2024-01-10T22:00:00Z,45946.00000000,46948.98000000,45760.45000000,46902.69000000,6635.62295000
2024-01-10T23:00:00Z,46902.69000000,47695.93000000,46381.86000000,46653.99000000,9353.72953000
2024-01-11T00:00:00Z,46654.00000000,46721.37000000,46296.46000000,46670.01000000,2859.39936000
2024-01-11T01:00:00Z,46670.01000000,46750.00000000,46468.33000000,46506.94000000,1772.59330000
2024-01-11T02:00:00Z,46506.93000000,46622.39000000,46500.00000000,46559.00000000,1242.76928000
2024-01-11T03:00:00Z,46559.00000000,46590.81000000,46200.00000000,46502.16000000,2090.15306000
2024-01-11T04:00:00Z,46502.17000000,46507.08000000,46304.96000000,46400.01000000,1666.06111000
2024-01-11T05:00:00Z,46400.01000000,46417.33000000,45896.23000000,46070.00000000,2132.23648000
2024-01-11T06:00:00Z,46070.00000000,46091.53000000,45618.10000000,45907.30000000,2234.87531000
2024-01-11T07:00:00Z,45907.29000000,46166.99000000,45881.10000000,46101.40000000,1518.70045000
2024-01-11T08:00:00Z,46101.40000000,46318.10000000,46052.00000000,46277.00000000,1468.58251000
2024-01-11T09:00:00Z,46277.00000000,46354.00000000,46211.94000000,46220.12000000,1341.13559000
2024-01-11T10:00:00Z,46220.12000000,46860.00000000,46210.00000000,46859.91000000,2559.25355000
2024-01-11T11:00:00Z,46859.90000000,47150.00000000,46705.97000000,47060.00000000,3169.51389000
2024-01-11T12:00:00Z,47059.99000000,47464.87000000,46941.10000000,47449.63000000,3177.46648000
2024-01-11T13:00:00Z,47449.64000000,47449.64000000,46762.86000000,47325.20000000,4404.70297000
2024-01-11T14:00:00Z,47325.21000000,48969.48000000,47215.00000000,48571.22000000,15868.93224000
2024-01-11T15:00:00Z,48571.21000000,48657.98000000,46463.19000000,46783.78000000,12867.70365000
2024-01-11T16:00:00Z,46783.77000000,47022.07000000,45788.00000000,46007.29000000,9918.42093000
2024-01-11T17:00:00Z,46007.29000000,46550.00000000,45606.06000000,46497.14000000,4932.85516000
2024-01-11T18:00:00Z,46497.14000000,46644.72000000,46259.09000000,46609.99000000,2426.83408000
2024-01-11T19:00:00Z,46610.00000000,46735.29000000,46283.14000000,46692.30000000,1894.15573000
2024-01-11T20:00:00Z,46692.29000000,46975.00000000,46120.00000000,46241.92000000,4521.03099000
2024-01-11T21:00:00Z,46241.91000000,46450.00000000,46120.03000000,46156.01000000,1507.69927000
2024-01-11T22:00:00Z,46156.00000000,46430.21000000,46084.69000000,46399.99000000,968.31728000
2024-01-11T23:00:00Z,46399.99000000,46491.93000000,46296.37000000,46339.16000000,926.93693000
2024-01-12T00:00:00Z,46339.16000000,46515.53000000,46012.80000000,46293.43000000,1773.38738000
2024-01-12T01:00:00Z,46293.42000000,46327.81000000,45898.00000000,46135.48000000,1400.91048000
2024-01-12T02:00:00Z,46135.48000000,46250.00000000,45996.01000000,46144.01000000,998.84335000
2024-01-12T03:00:00Z,46144.01000000,46184.57000000,45922.01000000,45994.00000000,1204.29880000
2024-01-12T04:00:00Z,45994.01000000,46110.00000000,45858.00000000,45956.34000000,1377.83064000
2024-01-12T05:00:00Z,45956.34000000,46209.98000000,45898.00000000,46194.01000000,1141.56622000
2024-01-12T06:00:00Z,46194.01000000,46366.00000000,46100.82000000,46100.85000000,1062.83821000
2024-01-12T07:00:00Z,46100.85000000,46144.45000000,45742.49000000,46008.19000000,2184.03364000
2024-01-12T08:00:00Z,46008.19000000,46008.19000000,45632.00000000,45860.01000000,1397.30176000
2024-01-12T09:00:00Z,45860.00000000,46076.34000000,45537.37000000,45925.92000000,2131.76464000
2024-01-12T10:00:00Z,45925.93000000,46133.33000000,45841.10000000,46063.62000000,1532.73873000
2024-01-12T11:00:00Z,46063.62000000,46267.00000000,45941.61000000,45954.35000000,1976.90053000
2024-01-12T12:00:00Z,45954.35000000,46109.00000000,45667.47000000,45866.56000000,1852.17109000
2024-01-12T13:00:00Z,45866.57000000,45944.12000000,45573.44000000,45779.02000000,2155.66091000
2024-01-12T14:00:00Z,45779.02000000,45904.66000000,45250.01000000,45442.02000000,5702.97549000
2024-01-12T15:00:00Z,45442.01000000,45459.28000000,44333.44000000,44462.01000000,9485.40906000
2024-01-12T16:00:00Z,44462.00000000,44675.88000000,43212.00000000,43624.00000000,12653.69131000
2024-01-12T17:00:00Z,43623.99000000,43836.88000000,43278.00000000,43803.99000000,6405.60756000
2024-01-12T18:00:00Z,43803.98000000,43925.23000000,43250.00000000,43472.00000000,4482.59182000
2024-01-12T19:00:00Z,43472.00000000,43720.00000000,43274.68000000,43472.55000000,2846.14963000
2024-01-12T20:00:00Z,43472.56000000,43981.10000000,43401.64000000,43653.38000000,4898.54520000
2024-01-12T21:00:00Z,43653.39000000,43861.10000000,43213.73000000,43449.00000000,3001.91979000
2024-01-12T22:00:00Z,43450.01000000,43458.00000000,41500.00000000,42510.00000000,10954.10629000
2024-01-12T23:00:00Z,42509.99000000,42958.00000000,42481.10000000,42782.73000000,3706.69454000
2024-01-13T00:00:00Z,42782.74000000,42997.29000000,42766.45000000,42801.76000000,2784.58772000
2024-01-13T01:00:00Z,42801.76000000,42891.09000000,42514.89000000,42673.83000000,3059.07599000
2024-01-13T02:00:00Z,42673.83000000,42853.75000000,42525.16000000,42530.00000000,2279.56144000
2024-01-13T03:00:00Z,42530.00000000,42682.00000000,42436.12000000,42609.94000000,1822.30914000
2024-01-13T04:00:00Z,42609.94000000,42850.00000000,42555.84000000,42840.01000000,1425.89376000
2024-01-13T05:00:00Z,42840.02000000,43138.00000000,42769.63000000,43101.09000000,1760.17482000
2024-01-13T06:00:00Z,43101.09000000,43185.00000000,42950.64000000,43149.99000000,1692.14955000
2024-01-13T07:00:00Z,43149.99000000,43254.03000000,43064.83000000,43102.97000000,1359.60409000
2024-01-13T08:00:00Z,43102.97000000,43254.96000000,43063.72000000,43170.01000000,1167.90273000
2024-01-13T09:00:00Z,43170.01000000,43193.46000000,42819.31000000,42923.21000000,1671.71121000
2024-01-13T10:00:00Z,42923.20000000,42923.21000000,42627.63000000,42700.12000000,2039.14575000
2024-01-13T11:00:00Z,42700.13000000,42801.09000000,42509.11000000,42624.00000000,2083.54075000
2024-01-13T12:00:00Z,42624.01000000,42753.56000000,42505.00000000,42684.88000000,1343.63876000
2024-01-13T13:00:00Z,42684.88000000,42791.10000000,42601.10000000,42739.14000000,1075.91091000
2024-01-13T14:00:00Z,42739.15000000,42961.10000000,42640.01000000,42856.92000000,1828.24882000
2024-01-13T15:00:00Z,42856.92000000,43257.00000000,42856.10000000,43154.48000000,1815.55776000
2024-01-13T16:00:00Z,43154.48000000,43185.00000000,42780.71000000,42895.41000000,1641.70519000
2024-01-13T17:00:00Z,42895.41000000,42988.00000000,42769.38000000,42898.33000000,1001.47905000
2024-01-13T18:00:00Z,42898.95000000,42904.00000000,42724.39000000,42806.01000000,738.81709000
2024-01-13T19:00:00Z,42806.00000000,42996.64000000,42782.00000000,42786.25000000,799.84192000
2024-01-13T20:00:00Z,42786.25000000,42923.03000000,42699.52000000,42870.00000000,872.06655000
2024-01-13T21:00:00Z,42870.00000000,42976.15000000,42818.00000000,42963.44000000,640.52376000
2024-01-13T22:00:00Z,42963.45000000,43040.01000000,42886.00000000,42990.65000000,613.97101000
2024-01-13T23:00:00Z,42990.65000000,42996.08000000,42800.30000000,42847.99000000,601.05687000
2024-01-14T00:00:00Z,42847.99000000,42890.23000000,42664.00000000,42687.36000000,927.44774000
2024-01-14T01:00:00Z,42687.36000000,42839.86000000,42676.88000000,42769.19000000,615.79960000
2024-01-14T02:00:00Z,42769.18000000,42829.33000000,42657.58000000,42779.06000000,520.14094000
2024-01-14T03:00:00Z,42779.07000000,42804.78000000,42643.98000000,42681.82000000,705.78485000
2024-01-14T04:00:00Z,42681.82000000,42698.99000000,42562.56000000,42580.01000000,691.38369000
2024-01-14T05:00:00Z,42580.00000000,42815.17000000,42576.26000000,42749.99000000,519.82513000
2024-01-14T06:00:00Z,42749.99000000,42999.00000000,42749.99000000,42998.99000000,864.88904000
2024-01-14T07:00:00Z,42999.00000000,43060.00000000,42891.12000000,43011.44000000,960.65538000
2024-01-14T08:00:00Z,43011.44000000,43030.00000000,42888.00000000,42996.25000000,569.71770000
2024-01-14T09:00:00Z,42996.26000000,43079.00000000,42818.34000000,43052.41000000,775.89013000
2024-01-14T10:00:00Z,43052.41000000,43066.56000000,42865.90000000,42889.04000000,668.92506000
2024-01-14T11:00:00Z,42889.04000000,42938.75000000,42759.34000000,42829.99000000,870.74380000
2024-01-14T12:00:00Z,42829.99000000,42847.20000000,42710.00000000,42758.00000000,992.57492000
2024-01-14T13:00:00Z,42757.99000000,42921.10000000,42735.75000000,42891.69000000,622.71029000
2024-01-14T14:00:00Z,42891.68000000,43005.25000000,42790.00000000,42811.99000000,1144.92876000
2024-01-14T15:00:00Z,42811.99000000,42967.97000000,42804.01000000,42904.38000000,875.65217000
2024-01-14T16:00:00Z,42904.39000000,42965.00000000,42856.72000000,42929.95000000,1007.12731000
2024-01-14T17:00:00Z,42929.94000000,43010.84000000,42877.77000000,42973.27000000,941.54492000
2024-01-14T18:00:00Z,42973.27000000,43003.99000000,42836.00000000,42900.01000000,687.20360000
2024-01-14T19:00:00Z,42900.01000000,42930.56000000,42632.59000000,42660.00000000,1388.49237000
2024-01-14T20:00:00Z,42660.00000000,42745.98000000,42183.68000000,42507.92000000,2883.67843000
2024-01-14T21:00:00Z,42507.91000000,42595.41000000,42000.00000000,42554.89000000,3242.00758000
2024-01-14T22:00:00Z,42554.89000000,42649.00000000,42073.87000000,42270.99000000,1609.15241000
2024-01-14T23:00:00Z,42271.00000000,42316.00000000,41720.00000000,41732.35000000,4142.13312000
2024-01-15T00:00:00Z,41732.35000000,42353.94000000,41718.05000000,42279.75000000,2433.52283000
2024-01-15T01:00:00Z,42279.76000000,42398.73000000,42176.28000000,42275.18000000,1404.64040000
2024-01-15T02:00:00Z,42275.17000000,42411.62000000,42194.12000000,42399.72000000,850.09544000
2024-01-15T03:00:00Z,42399.71000000,42640.00000000,42389.27000000,42565.99000000,1140.03904000
2024-01-15T04:00:00Z,42565.99000000,42634.00000000,42499.01000000,42591.77000000,1090.60435000
2024-01-15T05:00:00Z,42591.76000000,42824.68000000,42569.73000000,42739.85000000,1213.71533000
2024-01-15T06:00:00Z,42739.85000000,42797.06000000,42612.00000000,42651.10000000,985.96635000
2024-01-15T07:00:00Z,42651.09000000,42764.00000000,42513.14000000,42714.78000000,1093.23136000
2024-01-15T08:00:00Z,42714.78000000,42775.00000000,42641.10000000,42680.44000000,1082.69198000
2024-01-15T09:00:00Z,42680.43000000,42762.11000000,42585.86000000,42750.88000000,966.05532000
2024-01-15T10:00:00Z,42750.89000000,42761.10000000,42540.00000000,42565.26000000,916.19805000
2024-01-15T11:00:00Z,42565.25000000,42703.95000000,42542.00000000,42697.99000000,847.57790000
2024-01-15T12:00:00Z,42698.00000000,42715.99000000,42570.00000000,42663.79000000,1219.39859000
2024-01-15T13:00:00Z,42663.79000000,42958.03000000,42614.12000000,42852.54000000,1610.94481000
2024-01-15T14:00:00Z,42852.55000000,42868.53000000,42172.14000000,42199.00000000,3628.83988000
2024-01-15T15:00:00Z,42199.01000000,42473.99000000,42163.32000000,42278.99000000,2136.55160000
2024-01-15T16:00:00Z,42278.99000000,42549.00000000,42249.00000000,42522.61000000,1121.26001000
2024-01-15T17:00:00Z,42522.60000000,42779.78000000,42521.10000000,42696.58000000,1280.44041000
2024-01-15T18:00:00Z,42696.57000000,43400.43000000,42696.57000000,43015.82000000,7891.28853000
2024-01-15T19:00:00Z,43015.82000000,43133.80000000,42825.84000000,42992.67000000,2038.31756000
2024-01-15T20:00:00Z,42992.67000000,43114.45000000,42850.00000000,42960.00000000,1245.90158000
2024-01-15T21:00:00Z,42959.99000000,42960.00000000,42710.00000000,42716.00000000,920.68651000
2024-01-15T22:00:00Z,42716.00000000,42818.31000000,42342.18000000,42628.00000000,1850.23943000
2024-01-15T23:00:00Z,42628.00000000,42639.99000000,42474.00000000,42511.10000000,1301.68577000
2024-01-16T00:00:00Z,42511.10000000,42674.00000000,42466.88000000,42600.00000000,1007.25697000
2024-01-16T01:00:00Z,42600.01000000,42726.97000000,42555.00000000,42584.34000000,875.50468000
2024-01-16T02:00:00Z,42584.34000000,42732.45000000,42553.96000000,42710.00000000,967.07632000
2024-01-16T03:00:00Z,42710.00000000,42939.50000000,42702.00000000,42924.56000000,1175.44142000
2024-01-16T04:00:00Z,42924.57000000,42946.05000000,42755.33000000,42803.19000000,917.47192000
2024-01-16T05:00:00Z,42803.18000000,42931.33000000,42768.00000000,42773.82000000,814.04215000
2024-01-16T06:00:00Z,42773.82000000,42780.00000000,42646.89000000,42741.09000000,963.99198000
2024-01-16T07:00:00Z,42741.10000000,42791.14000000,42606.92000000,42791.13000000,952.74344000
2024-01-16T08:00:00Z,42791.14000000,43022.00000000,42720.06000000,43014.53000000,1421.99021000
2024-01-16T09:00:00Z,43014.53000000,43153.66000000,42896.41000000,42940.01000000,1762.34779000
2024-01-16T10:00:00Z,42940.01000000,42971.10000000,42851.45000000,42872.00000000,823.26434000
2024-01-16T11:00:00Z,42872.01000000,42945.54000000,42753.55000000,42900.54000000,841.64338000
2024-01-16T12:00:00Z,42900.55000000,43166.00000000,42857.32000000,43156.12000000,1134.71946000
2024-01-16T13:00:00Z,43156.11000000,43174.48000000,42700.00000000,42805.83000000,1752.96929000
2024-01-16T14:00:00Z,42805.83000000,42954.00000000,42050.00000000,42690.00000000,9514.26629000
2024-01-16T15:00:00Z,42690.00000000,43314.73000000,42543.01000000,43252.67000000,5566.03085000
2024-01-16T16:00:00Z,43252.45000000,43434.00000000,43011.10000000,43249.72000000,3535.61086000
2024-01-16T17:00:00Z,43249.72000000,43249.72000000,43031.00000000,43051.74000000,1495.67672000
2024-01-16T18:00:00Z,43051.74000000,43157.85000000,42834.29000000,43013.00000000,1537.50667000
2024-01-16T19:00:00Z,43013.00000000,43182.56000000,42949.00000000,43166.11000000,1155.16262000
2024-01-16T20:00:00Z,43166.10000000,43370.11000000,43060.69000000,43200.01000000,2329.86499000
2024-01-16T21:00:00Z,43200.01000000,43578.01000000,43185.01000000,43434.71000000,2305.15993000
2024-01-16T22:00:00Z,43434.71000000,43496.05000000,43202.00000000,43206.00000000,968.43985000
2024-01-16T23:00:00Z,43206.00000000,43286.00000000,43112.00000000,43137.95000000,1227.56376000
2024-01-17T00:00:00Z,43137.94000000,43175.99000000,43050.01000000,43092.00000000,938.65364000
2024-01-17T01:00:00Z,43092.00000000,43198.00000000,42960.64000000,42970.00000000,868.43470000
2024-01-17T02:00:00Z,42970.01000000,43061.10000000,42918.11000000,42997.25000000,1068.46920000
2024-01-17T03:00:00Z,42997.26000000,43025.71000000,42844.98000000,42849.00000000,836.39500000
2024-01-17T04:00:00Z,42849.00000000,42921.10000000,42781.49000000,42854.01000000,791.39640000
2024-01-17T05:00:00Z,42854.01000000,42925.49000000,42765.41000000,42783.39000000,661.25196000
2024-01-17T06:00:00Z,42783.39000000,42876.34000000,42766.00000000,42806.05000000,802.28142000
2024-01-17T07:00:00Z,42806.05000000,42851.10000000,42619.60000000,42655.94000000,1357.30632000
2024-01-17T08:00:00Z,42655.95000000,42747.65000000,42564.00000000,42728.76000000,1188.18884000
2024-01-17T09:00:00Z,42728.76000000,42830.00000000,42674.00000000,42678.57000000,938.26640000
2024-01-17T10:00:00Z,42678.56000000,42850.55000000,42622.36000000,42850.04000000,1193.04037000
2024-01-17T11:00:00Z,42850.05000000,42850.55000000,42672.95000000,42680.16000000,1093.25163000
2024-01-17T12:00:00Z,42680.16000000,42788.00000000,42411.00000000,42782.43000000,2445.67123000
2024-01-17T13:00:00Z,42782.42000000,42782.43000000,42518.00000000,42609.84000000,1305.63482000
2024-01-17T14:00:00Z,42609.83000000,42926.02000000,42365.58000000,42576.01000000,3407.69990000
2024-01-17T15:00:00Z,42576.02000000,42768.00000000,42472.85000000,42482.79000000,2383.89587000
2024-01-17T16:00:00Z,42482.80000000,42564.13000000,42250.31000000,42360.28000000,2301.05574000
2024-01-17T17:00:00Z,42360.29000000,42470.32000000,42200.69000000,42371.10000000,1419.22346000
2024-01-17T18:00:00Z,42371.10000000,42612.48000000,42278.98000000,42612.45000000,1471.83973000
2024-01-17T19:00:00Z,42612.46000000,42745.99000000,42555.22000000,42611.11000000,1041.37370000
2024-01-17T20:00:00Z,42611.10000000,42876.48000000,42559.29000000,42722.90000000,2990.71477000
2024-01-17T21:00:00Z,42722.90000000,42822.96000000,42603.20000000,42676.13000000,1125.24713000
2024-01-17T22:00:00Z,42676.14000000,42729.06000000,42450.00000000,42722.14000000,767.12266000
2024-01-17T23:00:00Z,42722.13000000,42792.48000000,42619.73000000,42776.10000000,869.79899000
2024-01-18T00:00:00Z,42776.09000000,42784.40000000,42617.31000000,42660.79000000,877.07281000
2024-01-18T01:00:00Z,42660.79000000,42713.92000000,42502.19000000,42584.62000000,814.27639000
2024-01-18T02:00:00Z,42584.61000000,42721.00000000,42584.12000000,42653.82000000,563.69795000
2024-01-18T03:00:00Z,42653.81000000,42676.75000000,42550.00000000,42592.05000000,522.20522000
2024-01-18T04:00:00Z,42592.04000000,42689.95000000,42589.00000000,42665.00000000,550.15100000
2024-01-18T05:00:00Z,42664.99000000,42784.99000000,42634.00000000,42772.87000000,797.44359000
2024-01-18T06:00:00Z,42772.86000000,42873.25000000,42759.13000000,42807.05000000,817.27204000
2024-01-18T07:00:00Z,42807.04000000,42922.00000000,42804.00000000,42915.33000000,1228.24675000
2024-01-18T08:00:00Z,42915.32000000,42930.00000000,42724.00000000,42742.00000000,870.48171000
2024-01-18T09:00:00Z,42742.00000000,42871.85000000,42709.61000000,42743.84000000,958.87490000
2024-01-18T10:00:00Z,42743.85000000,42779.27000000,42388.00000000,42447.66000000,1548.48202000
2024-01-18T11:00:00Z,42447.67000000,42551.10000000,42387.68000000,42544.59000000,1489.29762000
2024-01-18T12:00:00Z,42544.60000000,42547.39000000,42353.80000000,42433.44000000,1113.60163000
2024-01-18T13:00:00Z,42433.45000000,42657.16000000,42362.00000000,42508.00000000,1491.62445000
2024-01-18T14:00:00Z,42508.01000000,42742.00000000,42428.37000000,42738.70000000,1312.17402000
2024-01-18T15:00:00Z,42738.70000000,42810.00000000,42611.10000000,42619.32000000,1369.13154000
2024-01-18T16:00:00Z,42619.31000000,42619.32000000,41736.27000000,41948.99000000,4847.44805000
2024-01-18T17:00:00Z,41948.99000000,42178.39000000,41500.00000000,41816.71000000,4035.11879000
2024-01-18T18:00:00Z,41816.71000000,41916.07000000,41370.00000000,41508.95000000,3372.52432000
2024-01-18T19:00:00Z,41508.95000000,41601.52000000,40831.99000000,41022.32000000,5153.56414000
2024-01-18T20:00:00Z,41022.33000000,41315.80000000,40683.28000000,40835.60000000,4564.22596000
2024-01-18T21:00:00Z,40835.60000000,41266.00000000,40757.85000000,41124.00000000,2812.08735000
2024-01-18T22:00:00Z,41123.99000000,41366.99000000,41076.01000000,41354.67000000,1784.04241000
2024-01-18T23:00:00Z,41354.67000000,41361.00000000,41203.18000000,41327.50000000,1014.47175000
2024-01-19T00:00:00Z,41327.51000000,41370.99000000,41100.00000000,41290.50000000,1141.18505000
2024-01-19T01:00:00Z,41290.50000000,41333.46000000,41122.15000000,41270.00000000,1267.99894000
2024-01-19T02:00:00Z,41270.01000000,41303.89000000,41084.03000000,41119.44000000,1095.25472000
2024-01-19T03:00:00Z,41119.44000000,41147.58000000,40752.26000000,41055.87000000,2243.08236000
2024-01-19T04:00:00Z,41055.88000000,41225.00000000,41038.81000000,41098.53000000,893.56087000
2024-01-19T05:00:00Z,41098.53000000,41238.56000000,41062.72000000,41210.50000000,713.83193000
2024-01-19T06:00:00Z,41210.51000000,41522.41000000,41194.01000000,41474.00000000,1605.55925000
2024-01-19T07:00:00Z,41474.01000000,41576.00000000,41270.70000000,41284.25000000,2039.35220000
2024-01-19T08:00:00Z,41284.26000000,41385.59000000,41143.33000000,41289.99000000,1124.49065000
2024-01-19T09:00:00Z,41290.00000000,41464.34000000,41248.10000000,41398.37000000,1417.81427000
2024-01-19T10:00:00Z,41398.37000000,41489.73000000,41334.00000000,41486.06000000,928.98376000
2024-01-19T11:00:00Z,41486.05000000,41509.69000000,41368.90000000,41475.37000000,961.48242000
2024-01-19T12:00:00Z,41475.37000000,41488.20000000,41260.21000000,41337.31000000,1249.91312000
2024-01-19T13:00:00Z,41337.30000000,41429.86000000,41268.33000000,41393.08000000,1053.49049000
2024-01-19T14:00:00Z,41393.08000000,41455.00000000,40841.10000000,40969.31000000,3475.38975000
2024-01-19T15:00:00Z,40969.31000000,41156.38000000,40718.00000000,40894.71000000,3482.09452000
2024-01-19T16:00:00Z,40894.71000000,40953.59000000,40310.00000000,40395.01000000,4971.06182000
2024-01-19T17:00:00Z,40395.00000000,41250.00000000,40280.00000000,41239.57000000,4450.92747000
2024-01-19T18:00:00Z,41239.57000000,41979.00000000,41006.61000000,41808.08000000,4197.78344000
2024-01-19T19:00:00Z,41808.08000000,41929.65000000,41575.40000000,41814.27000000,2480.82816000
2024-01-19T20:00:00Z,41814.27000000,42196.86000000,41517.60000000,41620.00000000,4230.96342000
2024-01-19T21:00:00Z,41619.99000000,41791.70000000,41552.35000000,41633.83000000,1610.94515000
2024-01-19T22:00:00Z,41633.83000000,41735.61000000,41532.89000000,41687.10000000,890.03453000
2024-01-19T23:00:00Z,41687.10000000,41721.10000000,41613.67000000,41659.03000000,816.71730000
2024-01-20T00:00:00Z,41659.03000000,41679.52000000,41456.30000000,41482.29000000,1037.43812000
2024-01-20T01:00:00Z,41482.28000000,41700.00000000,41482.28000000,41655.42000000,792.03395000
2024-01-20T02:00:00Z,41655.42000000,41662.74000000,41538.00000000,41621.23000000,594.98282000
2024-01-20T03:00:00Z,41621.23000000,41649.61000000,41524.00000000,41634.65000000,561.75741000
2024-01-20T04:00:00Z,41634.64000000,41659.03000000,41578.63000000,41607.20000000,436.82811000
2024-01-20T05:00:00Z,41607.19000000,41646.46000000,41564.81000000,41627.63000000,453.58365000
2024-01-20T06:00:00Z,41627.62000000,41698.71000000,41615.92000000,41672.02000000,582.85375000
2024-01-20T07:00:00Z,41672.02000000,41774.00000000,41644.72000000,41650.95000000,638.34351000
2024-01-20T08:00:00Z,41650.95000000,41668.66000000,41522.38000000,41590.00000000,1054.68234000
2024-01-20T09:00:00Z,41590.01000000,41643.06000000,41459.02000000,41521.10000000,735.91109000
2024-01-20T10:00:00Z,41521.10000000,41616.43000000,41495.81000000,41543.31000000,640.82500000
2024-01-20T11:00:00Z,41543.30000000,41619.00000000,41475.69000000,41580.83000000,674.93419000
2024-01-20T12:00:00Z,41580.82000000,41700.00000000,41540.00000000,41620.01000000,645.31586000
2024-01-20T13:00:00Z,41620.00000000,41685.77000000,41584.68000000,41633.12000000,653.88181000
2024-01-20T14:00:00Z,41633.11000000,41646.00000000,41491.16000000,41542.99000000,795.56394000
2024-01-20T15:00:00Z,41542.98000000,41688.53000000,41478.00000000,41570.11000000,813.88059000
2024-01-20T16:00:00Z,41570.10000000,41645.81000000,41537.84000000,41563.66000000,625.85698000
2024-01-20T17:00:00Z,41563.66000000,41625.00000000,41543.61000000,41591.11000000,495.01011000
2024-01-20T18:00:00Z,41591.10000000,41634.19000000,41526.36000000,41606.17000000,565.61990000
2024-01-20T19:00:00Z,41606.16000000,41684.94000000,41605.01000000,41632.96000000,456.72684000
2024-01-20T20:00:00Z,41632.97000000,41822.99000000,41617.58000000,41751.36000000,829.62416000
2024-01-20T21:00:00Z,41751.37000000,41872.56000000,41729.90000000,41733.85000000,726.76463000
2024-01-20T22:00:00Z,41733.85000000,41819.99000000,41669.90000000,41781.53000000,478.92579000
2024-01-20T23:00:00Z,41781.54000000,41809.87000000,41610.54000000,41696.04000000,632.65038000
2024-01-21T00:00:00Z,41696.05000000,41727.00000000,41629.87000000,41645.98000000,405.51248000
2024-01-21T01:00:00Z,41645.98000000,41722.14000000,41633.80000000,41666.82000000,411.49944000
2024-01-21T02:00:00Z,41666.83000000,41719.36000000,41652.29000000,41699.80000000,406.21108000
2024-01-21T03:00:00Z,41699.80000000,41730.00000000,41661.74000000,41680.82000000,377.67063000
2024-01-21T04:00:00Z,41680.83000000,41685.55000000,41651.74000000,41673.41000000,258.81267000
2024-01-21T05:00:00Z,41673.41000000,41691.11000000,41628.46000000,41628.47000000,305.06196000
2024-01-21T06:00:00Z,41628.46000000,41654.99000000,41564.29000000,41597.66000000,349.76971000
2024-01-21T07:00:00Z,41597.66000000,41669.94000000,41587.27000000,41648.51000000,284.99252000
2024-01-21T08:00:00Z,41648.50000000,41710.00000000,41648.50000000,41663.96000000,423.86113000
2024-01-21T09:00:00Z,41663.96000000,41747.53000000,41663.96000000,41747.53000000,430.35767000
2024-01-21T10:00:00Z,41747.52000000,41826.97000000,41709.99000000,41785.99000000,717.32999000
2024-01-21T11:00:00Z,41786.00000000,41795.61000000,41686.00000000,41719.89000000,401.37890000
2024-01-21T12:00:00Z,41719.90000000,41821.10000000,41700.91000000,41735.99000000,509.28923000
2024-01-21T13:00:00Z,41735.99000000,41862.02000000,41735.98000000,41859.53000000,691.91268000
2024-01-21T14:00:00Z,41859.52000000,41881.39000000,41757.25000000,41787.50000000,630.51659000
2024-01-21T15:00:00Z,41787.49000000,41860.00000000,41605.00000000,41656.28000000,978.43312000
2024-01-21T16:00:00Z,41656.27000000,41673.06000000,41525.00000000,41607.18000000,791.19285000
2024-01-21T17:00:00Z,41607.18000000,41695.07000000,41599.39000000,41678.00000000,481.67127000
2024-01-21T18:00:00Z,41677.99000000,41729.77000000,41627.00000000,41681.09000000,467.73485000
2024-01-21T19:00:00Z,41681.09000000,41720.00000000,41635.25000000,41719.40000000,360.44499000
2024-01-21T20:00:00Z,41719.39000000,41772.75000000,41618.68000000,41643.91000000,686.10169000
2024-01-21T21:00:00Z,41643.90000000,41811.10000000,41620.27000000,41785.91000000,419.96350000
2024-01-21T22:00:00Z,41785.90000000,41785.91000000,41620.23000000,41633.39000000,340.64799000
2024-01-21T23:00:00Z,41633.39000000,41676.78000000,41500.98000000,41580.33000000,599.79607000
2024-01-22T00:00:00Z,41580.32000000,41683.53000000,41467.58000000,41657.43000000,958.26920000
2024-01-22T01:00:00Z,41657.43000000,41689.65000000,41263.60000000,41363.37000000,1980.37830000
2024-01-22T02:00:00Z,41363.38000000,41426.03000000,41258.10000000,41317.98000000,824.53378000
2024-01-22T03:00:00Z,41317.97000000,41343.99000000,41058.22000000,41197.04000000,1431.49598000
2024-01-22T04:00:00Z,41197.04000000,41221.99000000,40768.00000000,40786.41000000,2024.89969000
2024-01-22T05:00:00Z,40786.41000000,41157.23000000,40684.00000000,41138.46000000,2043.09323000
2024-01-22T06:00:00Z,41138.47000000,41321.17000000,41009.16000000,41205.99000000,1603.68724000
2024-01-22T07:00:00Z,41205.99000000,41214.00000000,40978.63000000,41043.70000000,1048.82053000
2024-01-22T08:00:00Z,41043.70000000,41043.71000000,40761.87000000,40959.00000000,1986.47106000
2024-01-22T09:00:00Z,40958.99000000,41047.51000000,40610.00000000,40744.85000000,1725.51154000
2024-01-22T10:00:00Z,40744.86000000,40852.10000000,40364.63000000,40703.91000000,3247.98208000
2024-01-22T11:00:00Z,40703.90000000,40941.09000000,40670.98000000,40815.99000000,1820.31952000
2024-01-22T12:00:00Z,40815.92000000,40922.14000000,40685.96000000,40884.97000000,1281.48051000
2024-01-22T13:00:00Z,40884.97000000,41244.06000000,40865.60000000,40943.17000000,2170.12828000
2024-01-22T14:00:00Z,40943.17000000,40978.69000000,40515.90000000,40694.75000000,2673.37652000
2024-01-22T15:00:00Z,40694.76000000,40850.00000000,40350.00000000,40771.99000000,3208.29236000
2024-01-22T16:00:00Z,40772.00000000,40874.99000000,40400.00000000,40518.60000000,2429.98915000
2024-01-22T17:00:00Z,40518.61000000,40806.42000000,40457.95000000,40708.00000000,1602.30202000
2024-01-22T18:00:00Z,40707.99000000,40800.01000000,40119.11000000,40316.01000000,3457.46147000
2024-01-22T19:00:00Z,40316.00000000,40570.83000000,39431.58000000,39820.31000000,7927.00782000
2024-01-22T20:00:00Z,39820.31000000,40343.18000000,39751.14000000,40181.20000000,3814.77652000
2024-01-22T21:00:00Z,40181.20000000,40206.34000000,39845.70000000,39849.95000000,2123.78160000
2024-01-22T22:00:00Z,39849.95000000,40088.88000000,39480.00000000,39832.80000000,2201.86927000
2024-01-22T23:00:00Z,39832.81000000,39961.10000000,39488.12000000,39568.02000000,1840.27144000
2024-01-23T00:00:00Z,39568.02000000,39888.00000000,39511.10000000,39872.00000000,1591.36214000
2024-01-23T01:00:00Z,39872.00000000,39912.18000000,39713.20000000,39830.71000000,883.18985000
2024-01-23T02:00:00Z,39830.70000000,40067.99000000,39810.00000000,40060.46000000,1017.58919000
2024-01-23T03:00:00Z,40060.47000000,40118.87000000,39979.52000000,40000.44000000,954.67378000
2024-01-23T04:00:00Z,40000.43000000,40176.74000000,40000.43000000,40065.51000000,819.53223000
2024-01-23T05:00:00Z,40065.50000000,40129.16000000,40062.30000000,40069.34000000,528.46380000
2024-01-23T06:00:00Z,40069.35000000,40129.12000000,39960.87000000,40019.42000000,810.99682000
2024-01-23T07:00:00Z,40019.43000000,40026.37000000,39665.02000000,39780.00000000,1693.37353000
2024-01-23T08:00:00Z,39780.01000000,39860.00000000,39328.00000000,39464.96000000,2986.78985000
2024-01-23T09:00:00Z,39464.97000000,39492.57000000,38907.67000000,38961.39000000,6604.67363000
2024-01-23T10:00:00Z,38961.39000000,39150.00000000,38855.12000000,38917.28000000,3342.72993000
2024-01-23T11:00:00Z,38917.27000000,39045.56000000,38657.00000000,38845.56000000,3393.58407000
2024-01-23T12:00:00Z,38845.56000000,39088.01000000,38758.82000000,39065.67000000,2870.76139000
2024-01-23T13:00:00Z,39065.68000000,39083.35000000,38853.39000000,38864.16000000,1462.05395000
2024-01-23T14:00:00Z,38864.15000000,38900.00000000,38555.00000000,38767.74000000,4060.57085000
2024-01-23T15:00:00Z,38767.75000000,39460.00000000,38766.00000000,39204.00000000,5829.55514000
2024-01-23T16:00:00Z,39204.00000000,39374.11000000,38925.20000000,39307.59000000,4118.59618000
2024-01-23T17:00:00Z,39307.60000000,39634.29000000,39270.00000000,39398.89000000,3340.69119000
2024-01-23T18:00:00Z,39398.88000000,39654.34000000,39092.54000000,39092.54000000,2484.66969000
2024-01-23T19:00:00Z,39092.55000000,39287.57000000,38981.10000000,39148.07000000,1755.83945000
2024-01-23T20:00:00Z,39148.07000000,39365.96000000,39032.02000000,39175.06000000,2123.40651000
2024-01-23T21:00:00Z,39175.07000000,39303.91000000,39070.00000000,39223.75000000,1242.30046000
2024-01-23T22:00:00Z,39223.76000000,39554.70000000,39201.10000000,39468.71000000,1183.11412000
2024-01-23T23:00:00Z,39468.71000000,39907.23000000,39468.71000000,39897.60000000,2858.11576000
2024-01-24T00:00:00Z,39897.59000000,40250.00000000,39784.34000000,40179.52000000,2520.72618000
2024-01-24T01:00:00Z,40179.53000000,40179.53000000,39757.91000000,39769.97000000,2861.66348000
2024-01-24T02:00:00Z,39769.98000000,39895.36000000,39701.34000000,39763.49000000,833.35398000
2024-01-24T03:00:00Z,39763.50000000,39796.71000000,39570.43000000,39614.00000000,1292.50052000
2024-01-24T04:00:00Z,39614.00000000,39747.11000000,39557.01000000,39654.38000000,1290.20825000
2024-01-24T05:00:00Z,39654.39000000,39847.46000000,39654.38000000,39798.85000000,1493.42547000
2024-01-24T06:00:00Z,39798.85000000,39888.00000000,39661.91000000,39888.00000000,1359.63753000
2024-01-24T07:00:00Z,39888.00000000,40191.97000000,39821.02000000,39981.09000000,2365.65855000
2024-01-24T08:00:00Z,39981.09000000,40137.44000000,39859.51000000,39954.53000000,1325.22092000
2024-01-24T09:00:00Z,39954.53000000,40104.95000000,39910.38000000,40024.81000000,1235.71287000
2024-01-24T10:00:00Z,40024.82000000,40555.00000000,39985.49000000,40352.42000000,2438.24395000
2024-01-24T11:00:00Z,40352.42000000,40373.98000000,40100.00000000,40209.34000000,1433.94563000
2024-01-24T12:00:00Z,40209.34000000,40298.86000000,39975.78000000,40029.66000000,1663.46694000
2024-01-24T13:00:00Z,40029.66000000,40122.83000000,39885.00000000,39984.87000000,1525.73714000
2024-01-24T14:00:00Z,39984.87000000,40222.43000000,39766.00000000,39914.01000000,3051.04305000
2024-01-24T15:00:00Z,39914.00000000,40118.26000000,39840.00000000,40050.71000000,1880.47332000
2024-01-24T16:00:00Z,40050.72000000,40190.61000000,39923.42000000,40190.02000000,1600.34595000
2024-01-24T17:00:00Z,40190.01000000,40207.00000000,40047.36000000,40141.98000000,1229.58381000
2024-01-24T18:00:00Z,40141.98000000,40150.18000000,39615.76000000,39761.11000000,2000.38477000
2024-01-24T19:00:00Z,39761.10000000,39847.44000000,39640.58000000,39803.05000000,884.85462000
2024-01-24T20:00:00Z,39803.04000000,40000.00000000,39511.61000000,39544.40000000,1926.08163000
2024-01-24T21:00:00Z,39544.40000000,39792.75000000,39484.19000000,39792.74000000,1240.02202000
2024-01-24T22:00:00Z,39792.75000000,39900.00000000,39754.11000000,39875.98000000,596.56918000
2024-01-24T23:00:00Z,39875.98000000,40175.11000000,39849.06000000,40084.88000000,1244.96885000
2024-01-25T00:00:00Z,40084.89000000,40178.84000000,40012.00000000,40170.15000000,1009.56617000
2024-01-25T01:00:00Z,40170.15000000,40178.62000000,39925.79000000,39978.83000000,1209.84353000
2024-01-25T02:00:00Z,39978.84000000,40065.62000000,39914.00000000,39939.84000000,556.29622000
2024-01-25T03:00:00Z,39939.84000000,40099.87000000,39931.86000000,40012.01000000,708.95318000
2024-01-25T04:00:00Z,40012.01000000,40032.50000000,39912.00000000,39956.89000000,776.13036000
2024-01-25T05:00:00Z,39956.88000000,39965.00000000,39792.01000000,39876.47000000,1073.67047000
2024-01-25T06:00:00Z,39876.47000000,40050.00000000,39876.46000000,40035.00000000,942.68110000
2024-01-25T07:00:00Z,40035.01000000,40135.37000000,39985.57000000,40130.00000000,855.68848000
2024-01-25T08:00:00Z,40130.00000000,40177.68000000,40028.01000000,40080.23000000,784.23093000
2024-01-25T09:00:00Z,40080.23000000,40130.00000000,40023.79000000,40031.54000000,763.59512000
2024-01-25T10:00:00Z,40031.53000000,40121.00000000,39957.44000000,40115.99000000,1233.34302000
2024-01-25T11:00:00Z,40116.00000000,40300.24000000,40080.12000000,40178.07000000,1842.66754000
2024-01-25T12:00:00Z,40178.07000000,40283.82000000,39798.68000000,39859.81000000,2316.54371000
2024-01-25T13:00:00Z,39859.81000000,39965.03000000,39731.64000000,39913.84000000,1669.62305000
2024-01-25T14:00:00Z,39913.84000000,40090.19000000,39862.59000000,40012.94000000,1760.22455000
2024-01-25T15:00:00Z,40012.93000000,40046.07000000,39623.40000000,39804.24000000,2406.58999000
2024-01-25T16:00:00Z,39804.23000000,39852.20000000,39666.66000000,39710.32000000,1765.66859000
2024-01-25T17:00:00Z,39710.33000000,39844.91000000,39550.00000000,39803.16000000,1771.49832000
2024-01-25T18:00:00Z,39803.16000000,40044.91000000,39725.00000000,39842.64000000,2788.56160000
2024-01-25T19:00:00Z,39842.63000000,39991.24000000,39734.00000000,39989.25000000,1076.43910000
2024-01-25T20:00:00Z,39989.25000000,39995.99000000,39637.99000000,39838.31000000,1432.49568000
2024-01-25T21:00:00Z,39838.30000000,39935.94000000,39792.02000000,39929.60000000,1064.77144000
2024-01-25T22:00:00Z,39929.60000000,39981.10000000,39888.23000000,39956.31000000,579.54506000
2024-01-25T23:00:00Z,39956.32000000,39984.32000000,39893.03000000,39961.09000000,633.49132000
2024-01-26T00:00:00Z,39961.09000000,39970.71000000,39884.14000000,39895.92000000,473.15533000
2024-01-26T01:00:00Z,39895.93000000,39959.45000000,39822.52000000,39937.78000000,572.62062000
2024-01-26T02:00:00Z,39937.77000000,40245.00000000,39937.77000000,40144.31000000,1519.95740000
2024-01-26T03:00:00Z,40144.30000000,40191.92000000,40067.52000000,40067.52000000,614.84384000
2024-01-26T04:00:00Z,40067.52000000,40220.00000000,40067.52000000,40149.26000000,594.42059000
2024-01-26T05:00:00Z,40149.25000000,40180.71000000,40083.92000000,40102.40000000,529.74803000
2024-01-26T06:00:00Z,40102.40000000,40156.56000000,39988.69000000,40002.83000000,643.21620000
2024-01-26T07:00:00Z,40002.84000000,40028.85000000,39896.84000000,39969.99000000,1627.61036000
2024-01-26T08:00:00Z,39970.00000000,40176.47000000,39962.14000000,40133.80000000,1038.20517000
2024-01-26T09:00:00Z,40133.79000000,40411.39000000,40037.50000000,40079.82000000,2097.66496000
2024-01-26T10:00:00Z,40079.83000000,40755.98000000,40068.00000000,40692.64000000,3407.41985000
2024-01-26T11:00:00Z,40692.64000000,41348.13000000,40684.79000000,41289.52000000,4980.03788000
2024-01-26T12:00:00Z,41289.52000000,41500.00000000,41091.93000000,41140.01000000,4270.58522000
2024-01-26T13:00:00Z,41140.01000000,41229.76000000,40914.50000000,41021.65000000,2049.46599000
2024-01-26T14:00:00Z,41021.65000000,41588.00000000,41021.65000000,41588.00000000,2212.73241000
2024-01-26T15:00:00Z,41588.00000000,41588.00000000,41218.00000000,41422.99000000,3619.35725000
2024-01-26T16:00:00Z,41422.98000000,41995.99000000,41405.31000000,41961.14000000,4401.51543000
2024-01-26T17:00:00Z,41961.15000000,42010.02000000,41752.83000000,41915.16000000,2539.86023000
2024-01-26T18:00:00Z,41915.17000000,42193.80000000,41851.50000000,42105.01000000,2701.00331000
2024-01-26T19:00:00Z,42105.00000000,42125.00000000,41936.00000000,42064.49000000,1717.73397000
2024-01-26T20:00:00Z,42064.48000000,42246.82000000,41838.83000000,41977.18000000,2276.19959000
2024-01-26T21:00:00Z,41977.18000000,42048.00000000,41878.93000000,41998.78000000,1148.22293000
2024-01-26T22:00:00Z,41998.77000000,42011.75000000,41820.64000000,41906.28000000,1674.96289000
2024-01-26T23:00:00Z,41906.28000000,41972.00000000,41800.02000000,41823.51000000,674.42781000
2024-01-27T00:00:00Z,41823.51000000,41866.67000000,41708.00000000,41785.94000000,930.04300000
2024-01-27T01:00:00Z,41785.94000000,41933.17000000,41768.50000000,41818.86000000,630.61808000
2024-01-27T02:00:00Z,41818.86000000,41896.09000000,41815.48000000,41838.59000000,382.71397000
2024-01-27T03:00:00Z,41838.60000000,41865.21000000,41765.64000000,41815.01000000,832.99188000
2024-01-27T04:00:00Z,41815.01000000,41875.67000000,41791.10000000,41844.26000000,491.10343000
2024-01-27T05:00:00Z,41844.26000000,41890.00000000,41738.59000000,41762.48000000,435.47050000
2024-01-27T06:00:00Z,41762.49000000,41812.00000000,41691.24000000,41704.04000000,559.96951000
2024-01-27T07:00:00Z,41704.04000000,41729.41000000,41602.01000000,41710.14000000,898.52317000
2024-01-27T08:00:00Z,41710.15000000,41719.85000000,41421.21000000,41470.01000000,1368.20378000
2024-01-27T09:00:00Z,41470.01000000,41742.70000000,41394.34000000,41669.78000000,1071.11625000
2024-01-27T10:00:00Z,41669.79000000,41800.00000000,41651.10000000,41747.30000000,732.18207000
2024-01-27T11:00:00Z,41747.31000000,41786.87000000,41702.88000000,41761.23000000,575.83689000
2024-01-27T12:00:00Z,41761.22000000,41807.03000000,41714.00000000,41750.00000000,612.54473000
2024-01-27T13:00:00Z,41750.01000000,41806.55000000,41725.21000000,41742.44000000,419.38468000
2024-01-27T14:00:00Z,41742.44000000,41818.39000000,41731.01000000,41766.00000000,493.43458000
2024-01-27T15:00:00Z,41765.99000000,41894.87000000,41733.60000000,41814.00000000,581.25856000
2024-01-27T16:00:00Z,41813.99000000,41895.74000000,41791.22000000,41810.18000000,609.18361000
2024-01-27T17:00:00Z,41810.17000000,41845.34000000,41774.07000000,41779.28000000,448.23397000
2024-01-27T18:00:00Z,41779.28000000,41817.64000000,41745.26000000,41797.62000000,392.55791000
2024-01-27T19:00:00Z,41797.62000000,41986.06000000,41790.87000000,41910.47000000,806.22964000
2024-01-27T20:00:00Z,41910.48000000,42076.70000000,41910.47000000,42059.93000000,664.97501000
2024-01-27T21:00:00Z,42059.94000000,42176.47000000,42022.92000000,42150.59000000,746.05127000
2024-01-27T22:00:00Z,42150.59000000,42200.00000000,42079.25000000,42155.51000000,624.65370000
2024-01-27T23:00:00Z,42155.50000000,42171.08000000,42090.00000000,42120.63000000,917.13648000
2024-01-28T00:00:00Z,42120.63000000,42145.28000000,41925.00000000,41990.85000000,968.77133000
2024-01-28T01:00:00Z,41990.85000000,42244.00000000,41990.85000000,42100.00000000,1661.33541000
2024-01-28T02:00:00Z,42100.00000000,42177.40000000,42100.00000000,42102.22000000,700.81020000
2024-01-28T03:00:00Z,42102.21000000,42244.00000000,42100.00000000,42231.83000000,600.99075000
2024-01-28T04:00:00Z,42231.84000000,42765.22000000,42228.64000000,42720.32000000,2631.50653000
2024-01-28T05:00:00Z,42720.33000000,42842.68000000,42453.41000000,42562.44000000,2401.72500000
2024-01-28T06:00:00Z,42562.45000000,42577.81000000,42293.66000000,42413.27000000,1652.27318000
2024-01-28T07:00:00Z,42413.27000000,42530.63000000,42359.13000000,42388.82000000,1168.39227000
2024-01-28T08:00:00Z,42388.82000000,42614.18000000,42323.14000000,42491.10000000,1299.94364000
2024-01-28T09:00:00Z,42491.09000000,42698.00000000,42424.00000000,42575.03000000,1422.02088000
2024-01-28T10:00:00Z,42575.02000000,42645.83000000,42500.00000000,42600.02000000,683.94970000
2024-01-28T11:00:00Z,42600.03000000,42612.62000000,42357.88000000,42471.98000000,1042.17023000
2024-01-28T12:00:00Z,42471.98000000,42493.33000000,42291.11000000,42417.04000000,1188.06665000
2024-01-28T13:00:00Z,42417.04000000,42449.99000000,42240.22000000,42397.18000000,910.01882000
2024-01-28T14:00:00Z,42397.19000000,42544.00000000,42252.13000000,42288.00000000,910.41591000
2024-01-28T15:00:00Z,42288.00000000,42411.10000000,42155.55000000,42258.01000000,970.07038000
2024-01-28T16:00:00Z,42258.00000000,42354.70000000,42136.58000000,42312.34000000,755.82534000
2024-01-28T17:00:00Z,42312.35000000,42312.35000000,42100.00000000,42168.17000000,755.94073000
2024-01-28T18:00:00Z,42168.16000000,42170.40000000,41920.51000000,41971.67000000,1049.86327000
2024-01-28T19:00:00Z,41971.67000000,42025.00000000,41721.08000000,41785.92000000,1257.92530000
2024-01-28T20:00:00Z,41785.91000000,41969.75000000,41681.72000000,41945.09000000,1140.40494000
2024-01-28T21:00:00Z,41945.09000000,42028.00000000,41810.00000000,41979.59000000,626.47209000
2024-01-28T22:00:00Z,41979.59000000,41979.59000000,41620.81000000,41834.00000000,726.07206000
2024-01-28T23:00:00Z,41834.01000000,42073.81000000,41753.19000000,42031.06000000,770.03377000
2024-01-29T00:00:00Z,42031.05000000,42069.23000000,41874.94000000,41971.42000000,735.96031000
2024-01-29T01:00:00Z,41971.43000000,42318.31000000,41967.57000000,42160.21000000,893.00449000
2024-01-29T02:00:00Z,42160.21000000,42328.67000000,42127.96000000,42237.56000000,689.79483000
2024-01-29T03:00:00Z,42237.56000000,42504.00000000,42237.56000000,42331.20000000,1118.92636000
2024-01-29T04:00:00Z,42331.19000000,42345.36000000,42195.61000000,42218.00000000,560.51436000
2024-01-29T05:00:00Z,42218.00000000,42284.94000000,42131.10000000,42144.23000000,656.26092000
2024-01-29T06:00:00Z,42144.23000000,42251.75000000,42133.00000000,42163.23000000,643.13454000
2024-01-29T07:00:00Z,42163.24000000,42242.15000000,41988.88000000,42053.46000000,875.94242000
2024-01-29T08:00:00Z,42053.45000000,42151.26000000,41966.02000000,42122.85000000,711.30358000
2024-01-29T09:00:00Z,42122.85000000,42329.93000000,41961.10000000,42295.67000000,946.51948000
2024-01-29T10:00:00Z,42295.90000000,42381.10000000,42208.20000000,42313.18000000,867.17290000
2024-01-29T11:00:00Z,42313.18000000,42353.27000000,42191.10000000,42246.95000000,679.92992000
2024-01-29T12:00:00Z,42246.95000000,42371.10000000,41975.00000000,42102.66000000,1381.93262000
2024-01-29T13:00:00Z,42102.67000000,42139.21000000,41930.88000000,42006.70000000,1287.44408000
2024-01-29T14:00:00Z,42006.71000000,42104.98000000,41804.88000000,41951.86000000,1502.31136000
2024-01-29T15:00:00Z,41951.86000000,42647.27000000,41882.33000000,42641.75000000,2591.39618000
2024-01-29T16:00:00Z,42641.75000000,43313.80000000,42518.00000000,43200.00000000,5705.29111000
2024-01-29T17:00:00Z,43200.01000000,43308.69000000,42920.01000000,42996.57000000,2648.14943000
2024-01-29T18:00:00Z,42996.56000000,43118.10000000,42883.72000000,43028.75000000,1544.40022000
2024-01-29T19:00:00Z,43028.74000000,43152.47000000,42978.29000000,42995.99000000,1416.98804000
2024-01-29T20:00:00Z,42995.99000000,43199.99000000,42982.66000000,43147.60000000,1242.65529000
2024-01-29T21:00:00Z,43147.61000000,43263.15000000,43061.66000000,43176.29000000,1186.41986000
2024-01-29T22:00:00Z,43176.29000000,43210.31000000,43081.10000000,43111.10000000,685.97624000
2024-01-29T23:00:00Z,43111.11000000,43333.00000000,43078.11000000,43302.70000000,971.31353000
2024-01-30T00:00:00Z,43302.71000000,43310.97000000,43133.90000000,43162.02000000,944.79046000
2024-01-30T01:00:00Z,43162.02000000,43559.00000000,43157.15000000,43439.51000000,2487.03277000
2024-01-30T02:00:00Z,43439.51000000,43787.35000000,43439.51000000,43615.15000000,1837.02834000
2024-01-30T03:00:00Z,43615.15000000,43685.20000000,43460.02000000,43519.71000000,1493.36525000
2024-01-30T04:00:00Z,43519.71000000,43570.09000000,43412.00000000,43421.49000000,817.52946000
2024-01-30T05:00:00Z,43421.50000000,43465.22000000,43342.00000000,43365.04000000,650.69606000
2024-01-30T06:00:00Z,43365.03000000,43422.71000000,43259.26000000,43340.68000000,792.67818000
2024-01-30T07:00:00Z,43340.68000000,43446.11000000,43323.82000000,43358.25000000,1091.75741000
2024-01-30T08:00:00Z,43358.24000000,43467.03000000,43215.76000000,43432.10000000,1235.47793000
2024-01-30T09:00:00Z,43432.10000000,43459.89000000,43320.40000000,43324.40000000,893.68806000
2024-01-30T10:00:00Z,43324.41000000,43510.00000000,43295.55000000,43482.01000000,949.27329000
2024-01-30T11:00:00Z,43482.01000000,43564.85000000,43414.41000000,43537.74000000,1045.71402000
2024-01-30T12:00:00Z,43537.75000000,43882.36000000,43257.39000000,43394.53000000,3427.46676000
2024-01-30T13:00:00Z,43394.54000000,43480.00000000,43153.06000000,43287.61000000,1976.10308000
2024-01-30T14:00:00Z,43287.61000000,43498.00000000,43114.13000000,43473.99000000,1788.03155000
2024-01-30T15:00:00Z,43474.00000000,43622.00000000,43292.98000000,43375.50000000,2628.65407000
2024-01-30T16:00:00Z,43375.50000000,43516.06000000,43224.00000000,43499.03000000,1844.52412000
2024-01-30T17:00:00Z,43499.03000000,43599.00000000,43306.51000000,43398.31000000,1501.00015000
2024-01-30T18:00:00Z,43398.31000000,43496.00000000,43282.94000000,43371.63000000,1362.58564000
2024-01-30T19:00:00Z,43371.64000000,43574.80000000,43336.35000000,43547.98000000,1126.04706000
2024-01-30T20:00:00Z,43547.99000000,43760.00000000,43480.18000000,43561.10000000,2556.66446000
2024-01-30T21:00:00Z,43561.10000000,43694.15000000,43488.32000000,43546.07000000,1431.55277000
2024-01-30T22:00:00Z,43546.07000000,43574.80000000,43326.27000000,43327.77000000,1000.28757000
2024-01-30T23:00:00Z,43327.78000000,43354.48000000,42683.99000000,42941.10000000,2737.29700000
2024-01-31T00:00:00Z,42941.10000000,43107.77000000,42850.00000000,42933.21000000,1782.34600000
2024-01-31T01:00:00Z,42933.20000000,43000.00000000,42724.31000000,42782.82000000,1138.38172000
2024-01-31T02:00:00Z,42782.81000000,42899.55000000,42655.07000000,42883.00000000,1250.57913000
2024-01-31T03:00:00Z,42883.01000000,42991.49000000,42861.10000000,42930.07000000,742.17294000
2024-01-31T04:00:00Z,42930.06000000,42994.27000000,42871.10000000,42962.64000000,599.95705000
2024-01-31T05:00:00Z,42962.64000000,43050.04000000,42924.13000000,42980.00000000,695.26876000
2024-01-31T06:00:00Z,42980.00000000,43061.30000000,42909.20000000,42975.93000000,698.88654000
2024-01-31T07:00:00Z,42975.92000000,43087.93000000,42945.00000000,43050.01000000,845.39333000
2024-01-31T08:00:00Z,43050.01000000,43091.10000000,42938.35000000,42978.01000000,701.56744000
2024-01-31T09:00:00Z,42978.00000000,42978.01000000,42585.17000000,42646.00000000,1698.27618000
2024-01-31T10:00:00Z,42645.99000000,42796.72000000,42383.00000000,42384.73000000,2369.64791000
2024-01-31T11:00:00Z,42384.72000000,42678.03000000,42355.00000000,42647.98000000,1346.73860000
2024-01-31T12:00:00Z,42647.98000000,42729.36000000,42550.54000000,42622.81000000,1259.93539000
2024-01-31T13:00:00Z,42622.80000000,42925.52000000,42521.31000000,42803.92000000,1599.83425000
2024-01-31T14:00:00Z,42803.91000000,42988.97000000,42571.10000000,42882.08000000,2001.57212000
2024-01-31T15:00:00Z,42882.08000000,43465.02000000,42691.10000000,43361.10000000,3277.41349000
2024-01-31T16:00:00Z,43361.11000000,43611.80000000,43294.46000000,43474.81000000,2297.91748000
2024-01-31T17:00:00Z,43474.81000000,43745.10000000,43432.01000000,43715.04000000,1913.45351000
2024-01-31T18:00:00Z,43715.04000000,43745.11000000,43474.13000000,43513.38000000,1499.79579000
2024-01-31T19:00:00Z,43513.38000000,43551.99000000,43041.10000000,43334.64000000,2549.59458000
2024-01-31T20:00:00Z,43334.63000000,43361.10000000,42519.92000000,42541.18000000,3928.70425000
2024-01-31T21:00:00Z,42541.19000000,42707.68000000,42276.84000000,42487.12000000,3017.45402000
2024-01-31T22:00:00Z,42487.12000000,42690.42000000,42381.10000000,42656.07000000,1398.31850000
2024-01-31T23:00:00Z,42656.07000000,42688.88000000,42555.46000000,42580.00000000,1257.92790000
2024-02-01T00:00:00Z,42580.00000000,42687.63000000,42220.85000000,42474.95000000,1507.53813000
2024-02-01T01:00:00Z,42474.96000000,42476.00000000,41884.28000000,41983.54000000,2384.42419000
2024-02-01T02:00:00Z,41983.54000000,42176.87000000,41958.71000000,42162.56000000,1253.03633000
2024-02-01T03:00:00Z,42162.55000000,42190.40000000,41958.71000000,42015.65000000,1014.26773000
2024-02-01T04:00:00Z,42015.65000000,42141.68000000,41889.95000000,42073.43000000,1689.40041000
2024-02-01T05:00:00Z,42073.43000000,42198.00000000,42028.41000000,42156.50000000,1043.08963000
2024-02-01T06:00:00Z,42156.50000000,42225.47000000,42123.35000000,42192.40000000,1034.13285000
2024-02-01T07:00:00Z,42192.39000000,42300.00000000,42124.59000000,42190.16000000,1046.12528000
2024-02-01T08:00:00Z,42190.15000000,42250.00000000,42125.25000000,42244.54000000,819.12804000
2024-02-01T09:00:00Z,42244.54000000,42261.81000000,42130.00000000,42148.31000000,744.12464000
2024-02-01T10:00:00Z,42148.31000000,42331.10000000,42112.95000000,42226.02000000,1161.43848000
2024-02-01T11:00:00Z,42226.01000000,42298.03000000,42026.52000000,42087.52000000,1278.06135000
2024-02-01T12:00:00Z,42087.52000000,42237.24000000,41944.89000000,42142.80000000,1494.45184000
2024-02-01T13:00:00Z,42142.81000000,42294.00000000,41981.17000000,42219.61000000,1253.09846000
2024-02-01T14:00:00Z,42219.61000000,42657.48000000,42186.00000000,42651.10000000,2229.76128000
2024-02-01T15:00:00Z,42651.10000000,42946.60000000,42516.11000000,42516.12000000,2881.03040000
2024-02-01T16:00:00Z,42516.12000000,42698.00000000,42364.00000000,42658.15000000,1874.20315000
2024-02-01T17:00:00Z,42658.15000000,43169.23000000,42628.00000000,42924.00000000,2693.82895000
2024-02-01T18:00:00Z,42923.99000000,43053.03000000,42771.82000000,42847.06000000,1644.69310000
2024-02-01T19:00:00Z,42847.07000000,43285.13000000,42831.11000000,43218.94000000,1870.84384000
2024-02-01T20:00:00Z,43218.94000000,43279.91000000,42895.86000000,43011.83000000,1625.64930000
2024-02-01T21:00:00Z,43011.83000000,43220.00000000,42967.19000000,43096.41000000,1259.54812000
2024-02-01T22:00:00Z,43096.42000000,43111.10000000,42872.91000000,42927.11000000,731.61076000
2024-02-01T23:00:00Z,42927.12000000,43086.13000000,42886.33000000,43082.94000000,697.56038000
2024-02-02T00:00:00Z,43082.95000000,43432.63000000,43046.48000000,43174.41000000,1792.38480000
2024-02-02T01:00:00Z,43174.41000000,43296.35000000,43104.79000000,43121.10000000,1034.42382000
2024-02-02T02:00:00Z,43121.10000000,43200.00000000,43039.00000000,43080.41000000,963.35197000
2024-02-02T03:00:00Z,43080.40000000,43108.48000000,43026.15000000,43037.25000000,456.17682000
2024-02-02T04:00:00Z,43037.25000000,43061.11000000,42943.71000000,42966.65000000,530.31751000
2024-02-02T05:00:00Z,42966.65000000,43140.25000000,42951.10000000,43103.97000000,726.65740000
2024-02-02T06:00:00Z,43103.98000000,43271.10000000,43086.95000000,43165.00000000,1382.56480000
2024-02-02T07:00:00Z,43165.00000000,43258.03000000,43086.89000000,43086.89000000,1424.82076000
2024-02-02T08:00:00Z,43086.90000000,43107.97000000,42957.70000000,43015.99000000,1112.07579000
2024-02-02T09:00:00Z,43015.99000000,43081.09000000,42957.43000000,42980.91000000,905.74704000
2024-02-02T10:00:00Z,42980.91000000,43140.00000000,42941.10000000,43122.48000000,1137.69292000
2024-02-02T11:00:00Z,43122.47000000,43199.00000000,43060.00000000,43148.41000000,939.24926000
2024-02-02T12:00:00Z,43148.42000000,43239.57000000,43060.00000000,43130.81000000,1277.78253000
2024-02-02T13:00:00Z,43130.81000000,43146.17000000,42546.79000000,42694.01000000,2822.02176000
2024-02-02T14:00:00Z,42694.01000000,42913.01000000,42610.00000000,42805.35000000,1700.43067000
2024-02-02T15:00:00Z,42805.35000000,43250.00000000,42750.00000000,43242.09000000,2693.30089000
2024-02-02T16:00:00Z,43242.10000000,43488.00000000,43100.00000000,43216.36000000,2806.19754000
2024-02-02T17:00:00Z,43216.35000000,43296.00000000,42901.10000000,42958.47000000,1481.05645000
2024-02-02T18:00:00Z,42958.47000000,42990.00000000,42783.09000000,42928.01000000,1174.01302000
2024-02-02T19:00:00Z,42928.00000000,43080.00000000,42920.36000000,43061.97000000,901.39668000
2024-02-02T20:00:00Z,43061.98000000,43089.91000000,42900.48000000,42952.65000000,782.65743000
2024-02-02T21:00:00Z,42952.65000000,43067.78000000,42950.63000000,42995.17000000,484.16268000
2024-02-02T22:00:00Z,42995.16000000,43226.61000000,42995.16000000,43202.59000000,569.54090000
2024-02-02T23:00:00Z,43202.60000000,43238.01000000,43132.46000000,43200.00000000,574.12074000
2024-02-03T00:00:00Z,43199.99000000,43380.01000000,43151.11000000,43229.07000000,970.35215000
2024-02-03T01:00:00Z,43229.07000000,43322.00000000,43192.79000000,43221.10000000,509.33294000
2024-02-03T02:00:00Z,43221.11000000,43233.55000000,43154.28000000,43187.98000000,402.32040000
2024-02-03T03:00:00Z,43187.98000000,43234.03000000,43142.00000000,43173.94000000,341.21743000
2024-02-03T04:00:00Z,43173.95000000,43222.75000000,43153.68000000,43191.67000000,296.33943000
2024-02-03T05:00:00Z,43191.66000000,43209.11000000,43095.56000000,43168.78000000,431.51848000
2024-02-03T06:00:00Z,43168.78000000,43168.82000000,43081.10000000,43095.39000000,294.70009000
2024-02-03T07:00:00Z,43095.39000000,43133.96000000,43040.00000000,43053.05000000,323.55811000
2024-02-03T08:00:00Z,43053.05000000,43089.58000000,43004.00000000,43016.79000000,386.45599000
2024-02-03T09:00:00Z,43016.78000000,43123.43000000,43016.78000000,43092.13000000,425.87144000
2024-02-03T10:00:00Z,43092.12000000,43125.28000000,43041.79000000,43062.07000000,413.16430000
2024-02-03T11:00:00Z,43062.07000000,43062.07000000,42973.66000000,42995.04000000,584.93265000
2024-02-03T12:00:00Z,42995.04000000,43084.82000000,42974.99000000,43070.25000000,458.19900000
2024-02-03T13:00:00Z,43070.25000000,43093.52000000,43041.10000000,43071.59000000,329.10642000
2024-02-03T14:00:00Z,43071.60000000,43081.96000000,43022.90000000,43042.27000000,414.56612000
2024-02-03T15:00:00Z,43042.28000000,43190.00000000,42880.00000000,43119.06000000,1304.09113000
2024-02-03T16:00:00Z,43119.06000000,43186.77000000,43072.53000000,43095.04000000,620.63671000
2024-02-03T17:00:00Z,43095.04000000,43270.00000000,43091.10000000,43230.01000000,842.36557000
2024-02-03T18:00:00Z,43230.00000000,43243.52000000,43028.88000000,43070.35000000,806.97707000
2024-02-03T19:00:00Z,43070.35000000,43088.82000000,43016.28000000,43061.09000000,401.64152000
2024-02-03T20:00:00Z,43061.09000000,43104.68000000,43007.44000000,43065.15000000,347.05646000
2024-02-03T21:00:00Z,43065.15000000,43093.04000000,43027.18000000,43045.02000000,300.90176000
2024-02-03T22:00:00Z,43045.01000000,43076.98000000,43013.05000000,43031.31000000,302.27852000
2024-02-03T23:00:00Z,43031.32000000,43075.39000000,42953.33000000,43011.09000000,525.82629000
2024-02-04T00:00:00Z,43011.10000000,43017.44000000,42880.01000000,43008.15000000,746.00106000
2024-02-04T01:00:00Z,43008.14000000,43044.56000000,42948.32000000,43041.33000000,280.68765000
2024-02-04T02:00:00Z,43041.32000000,43068.79000000,43021.41000000,43022.65000000,272.52037000
2024-02-04T03:00:00Z,43022.64000000,43047.98000000,43022.64000000,43027.16000000,157.70980000
2024-02-04T04:00:00Z,43027.16000000,43029.17000000,42901.19000000,42916.50000000,325.57336000
2024-02-04T05:00:00Z,42916.50000000,42960.09000000,42862.51000000,42892.38000000,541.39000000
2024-02-04T06:00:00Z,42892.39000000,42932.74000000,42743.95000000,42746.13000000,761.57396000
2024-02-04T07:00:00Z,42746.13000000,42862.18000000,42720.07000000,42845.03000000,579.83170000
2024-02-04T08:00:00Z,42845.03000000,42845.03000000,42774.47000000,42795.25000000,389.88820000
2024-02-04T09:00:00Z,42795.24000000,42986.40000000,42741.60000000,42942.73000000,1001.63504000
2024-02-04T10:00:00Z,42942.73000000,42944.61000000,42872.30000000,42944.00000000,415.49135000
2024-02-04T11:00:00Z,42944.00000000,43119.04000000,42931.32000000,43060.10000000,770.93915000
2024-02-04T12:00:00Z,43060.09000000,43115.76000000,42994.43000000,42994.44000000,616.83738000
2024-02-04T13:00:00Z,42994.44000000,43037.92000000,42963.53000000,42995.52000000,426.19642000
2024-02-04T14:00:00Z,42995.53000000,43016.16000000,42850.00000000,42874.00000000,927.07957000
2024-02-04T15:00:00Z,42874.00000000,42954.59000000,42845.51000000,42943.21000000,574.59974000
2024-02-04T16:00:00Z,42943.20000000,42943.21000000,42881.14000000,42913.16000000,405.86823000
2024-02-04T17:00:00Z,42913.16000000,42969.79000000,42841.10000000,42899.45000000,679.14031000
2024-02-04T18:00:00Z,42899.44000000,42942.95000000,42757.00000000,42794.01000000,793.22597000
2024-02-04T19:00:00Z,42794.00000000,42818.04000000,42573.17000000,42636.44000000,1729.87924000
2024-02-04T20:00:00Z,42636.43000000,42938.00000000,42541.40000000,42880.78000000,1400.52338000
2024-02-04T21:00:00Z,42880.79000000,42985.73000000,42772.18000000,42779.97000000,898.18268000
2024-02-04T22:00:00Z,42779.97000000,42880.93000000,42222.00000000,42571.62000000,1588.48589000
2024-02-04T23:00:00Z,42571.61000000,42652.50000000,42506.99000000,42582.88000000,783.63359000
2024-02-05T00:00:00Z,42582.88000000,42629.41000000,42355.01000000,42360.96000000,1080.11300000
2024-02-05T01:00:00Z,42360.96000000,42546.76000000,42258.10000000,42529.67000000,1092.95799000
2024-02-05T02:00:00Z,42529.67000000,42529.68000000,42379.01000000,42447.06000000,751.20014000
2024-02-05T03:00:00Z,42447.07000000,42729.02000000,42447.06000000,42718.31000000,784.73907000
2024-02-05T04:00:00Z,42718.31000000,42825.00000000,42670.12000000,42749.13000000,864.87503000
2024-02-05T05:00:00Z,42749.13000000,42777.25000000,42642.00000000,42777.24000000,739.00099000
2024-02-05T06:00:00Z,42777.24000000,42843.75000000,42697.52000000,42819.32000000,624.34278000
2024-02-05T07:00:00Z,42819.31000000,43176.39000000,42792.01000000,43071.88000000,1954.08375000
2024-02-05T08:00:00Z,43071.87000000,43195.36000000,42991.15000000,43033.53000000,1186.42906000
2024-02-05T09:00:00Z,43033.53000000,43067.33000000,42954.54000000,43037.59000000,633.02755000
2024-02-05T10:00:00Z,43037.59000000,43268.98000000,43037.59000000,43143.34000000,1486.58066000
2024-02-05T11:00:00Z,43143.35000000,43205.35000000,43080.00000000,43194.08000000,768.52047000
2024-02-05T12:00:00Z,43194.08000000,43299.00000000,43122.23000000,43255.36000000,809.69119000
2024-02-05T13:00:00Z,43255.35000000,43569.76000000,43219.05000000,43447.67000000,2642.99233000
2024-02-05T14:00:00Z,43447.67000000,43493.20000000,43150.91000000,43195.28000000,1643.23083000
2024-02-05T15:00:00Z,43195.28000000,43195.29000000,42600.11000000,42644.03000000,2914.13067000
2024-02-05T16:00:00Z,42644.04000000,42771.10000000,42501.00000000,42741.69000000,2335.75351000
2024-02-05T17:00:00Z,42741.70000000,42853.70000000,42660.00000000,42720.94000000,1093.66841000
2024-02-05T18:00:00Z,42720.94000000,42738.95000000,42574.35000000,42730.89000000,873.21216000
2024-02-05T19:00:00Z,42730.89000000,42869.66000000,42703.43000000,42765.36000000,766.75568000
2024-02-05T20:00:00Z,42765.35000000,42798.37000000,42333.33000000,42426.01000000,1989.29246000
2024-02-05T21:00:00Z,42426.00000000,42556.89000000,42365.81000000,42386.00000000,922.78119000
2024-02-05T22:00:00Z,42386.01000000,42530.23000000,42330.52000000,42504.74000000,656.59281000
2024-02-05T23:00:00Z,42504.73000000,42722.30000000,42462.16000000,42708.70000000,853.78732000
2024-02-06T00:00:00Z,42708.70000000,42730.00000000,42591.10000000,42600.34000000,588.85344000
2024-02-06T01:00:00Z,42600.34000000,42769.22000000,42574.00000000,42671.11000000,594.07204000
2024-02-06T02:00:00Z,42671.11000000,42941.47000000,42650.00000000,42852.19000000,1035.93674000
2024-02-06T03:00:00Z,42852.18000000,42960.01000000,42769.96000000,42851.11000000,678.30297000
2024-02-06T04:00:00Z,42851.10000000,42926.73000000,42784.26000000,42826.18000000,571.81254000
2024-02-06T05:00:00Z,42826.18000000,42846.00000000,42753.99000000,42785.28000000,385.73964000
2024-02-06T06:00:00Z,42785.27000000,42796.16000000,42667.00000000,42780.46000000,559.29759000
2024-02-06T07:00:00Z,42780.46000000,42911.10000000,42743.81000000,42890.00000000,684.44354000
2024-02-06T08:00:00Z,42889.99000000,43089.38000000,42887.48000000,43069.02000000,1396.78690000
2024-02-06T09:00:00Z,43069.02000000,43119.90000000,42950.00000000,42991.55000000,1201.85225000
2024-02-06T10:00:00Z,42991.56000000,43100.00000000,42670.61000000,42799.50000000,2004.02342000
2024-02-06T11:00:00Z,42799.49000000,42853.84000000,42701.04000000,42826.96000000,977.01483000
2024-02-06T12:00:00Z,42826.96000000,42895.73000000,42658.00000000,42789.36000000,1173.54011000
2024-02-06T13:00:00Z,42789.36000000,43010.01000000,42739.94000000,42881.33000000,1361.85192000
2024-02-06T14:00:00Z,42881.34000000,43093.83000000,42815.75000000,42942.80000000,1262.74237000
2024-02-06T15:00:00Z,42942.79000000,43270.89000000,42897.97000000,43244.89000000,2151.59923000
2024-02-06T16:00:00Z,43244.89000000,43399.98000000,43149.64000000,43165.46000000,2071.12259000
2024-02-06T17:00:00Z,43165.46000000,43269.75000000,43101.70000000,43180.66000000,1157.15112000
2024-02-06T18:00:00Z,43180.67000000,43256.62000000,43000.00000000,43200.31000000,1022.22951000
2024-02-06T19:00:00Z,43200.31000000,43295.04000000,43119.61000000,43278.78000000,841.09052000
2024-02-06T20:00:00Z,43278.79000000,43322.00000000,43070.29000000,43095.67000000,938.37420000
2024-02-06T21:00:00Z,43095.67000000,43273.06000000,43060.28000000,43166.31000000,776.43390000
2024-02-06T22:00:00Z,43166.31000000,43217.11000000,43114.73000000,43199.98000000,480.74641000
2024-02-06T23:00:00Z,43199.97000000,43222.94000000,43032.71000000,43098.95000000,760.83655000
2024-02-07T00:00:00Z,43098.96000000,43192.00000000,43049.23000000,43096.47000000,732.59917000
2024-02-07T01:00:00Z,43096.46000000,43186.98000000,43043.95000000,43049.71000000,551.08075000
2024-02-07T02:00:00Z,43049.71000000,43101.12000000,43001.10000000,43049.04000000,506.66000000
2024-02-07T03:00:00Z,43049.04000000,43049.04000000,42788.00000000,42800.00000000,1177.75777000
2024-02-07T04:00:00Z,42799.99000000,42946.15000000,42794.67000000,42929.18000000,729.35390000
2024-02-07T05:00:00Z,42929.18000000,43051.10000000,42882.00000000,43029.12000000,625.33484000
2024-02-07T06:00:00Z,43029.12000000,43030.61000000,42891.52000000,42961.92000000,565.82276000
2024-02-07T07:00:00Z,42961.92000000,43006.00000000,42900.00000000,42918.03000000,552.74195000
2024-02-07T08:00:00Z,42918.02000000,42969.08000000,42872.37000000,42942.83000000,496.68460000
2024-02-07T09:00:00Z,42942.82000000,43200.00000000,42907.62000000,43146.00000000,953.76251000
2024-02-07T10:00:00Z,43146.01000000,43151.10000000,42838.01000000,42897.94000000,1071.70228000
2024-02-07T11:00:00Z,42897.94000000,42992.84000000,42870.00000000,42928.29000000,779.26601000
2024-02-07T12:00:00Z,42928.28000000,43103.10000000,42890.51000000,43073.28000000,919.57696000
2024-02-07T13:00:00Z,43073.29000000,43179.56000000,43038.53000000,43141.98000000,866.26403000
2024-02-07T14:00:00Z,43141.97000000,43325.03000000,42941.10000000,43028.60000000,2091.84728000
2024-02-07T15:00:00Z,43028.59000000,43190.43000000,42921.10000000,43071.08000000,1296.95027000
2024-02-07T16:00:00Z,43071.08000000,43245.48000000,43013.75000000,43240.71000000,1332.20333000
2024-02-07T17:00:00Z,43240.70000000,43710.00000000,43228.00000000,43499.91000000,4634.72100000
2024-02-07T18:00:00Z,43499.91000000,43670.00000000,43460.22000000,43650.96000000,2187.08017000
2024-02-07T19:00:00Z,43650.95000000,43699.98000000,43431.10000000,43615.47000000,1492.80980000
2024-02-07T20:00:00Z,43615.47000000,44261.10000000,43615.47000000,44131.37000000,5364.35734000
2024-02-07T21:00:00Z,44131.37000000,44396.50000000,44113.96000000,44185.96000000,2672.37987000
2024-02-07T22:00:00Z,44185.95000000,44344.00000000,44125.88000000,44160.69000000,1224.25664000
2024-02-07T23:00:00Z,44160.68000000,44363.80000000,44152.68000000,44349.60000000,1567.38592000
2024-02-08T00:00:00Z,44349.60000000,44698.46000000,44331.10000000,44676.01000000,3531.43254000
2024-02-08T01:00:00Z,44676.02000000,44695.47000000,44476.92000000,44654.73000000,1683.51254000
2024-02-08T02:00:00Z,44654.73000000,44780.00000000,44536.01000000,44648.32000000,2033.36119000
2024-02-08T03:00:00Z,44648.33000000,44727.42000000,44534.00000000,44540.99000000,1587.88976000
2024-02-08T04:00:00Z,44540.98000000,44605.00000000,44480.53000000,44489.90000000,806.92713000
2024-02-08T05:00:00Z,44489.89000000,44633.78000000,44489.89000000,44552.90000000,1056.72544000
2024-02-08T06:00:00Z,44552.89000000,44576.00000000,44450.00000000,44463.99000000,805.47228000
2024-02-08T07:00:00Z,44463.99000000,44545.99000000,44427.01000000,44513.24000000,805.39107000
2024-02-08T08:00:00Z,44513.25000000,44744.00000000,44513.24000000,44718.33000000,1350.57478000
2024-02-08T09:00:00Z,44718.33000000,44788.01000000,44612.66000000,44692.81000000,1179.72665000
2024-02-08T10:00:00Z,44692.82000000,44850.00000000,44686.61000000,44828.27000000,1663.73936000
2024-02-08T11:00:00Z,44828.26000000,44885.00000000,44685.89000000,44698.97000000,1664.23633000
2024-02-08T12:00:00Z,44698.97000000,44841.10000000,44606.00000000,44689.20000000,1322.97171000
2024-02-08T13:00:00Z,44689.21000000,45000.00000000,44684.87000000,44984.00000000,2206.39765000
2024-02-08T14:00:00Z,44984.00000000,45241.40000000,44868.01000000,45077.99000000,4347.04013000
2024-02-08T15:00:00Z,45077.99000000,45467.14000000,44950.00000000,45432.30000000,4036.99420000
2024-02-08T16:00:00Z,45432.30000000,45498.00000000,44904.13000000,45066.01000000,3579.95002000
2024-02-08T17:00:00Z,45066.00000000,45239.53000000,44890.00000000,45042.53000000,2359.49348000
2024-02-08T18:00:00Z,45042.54000000,45318.35000000,44991.10000000,45302.46000000,1457.17287000
2024-02-08T19:00:00Z,45302.47000000,45438.59000000,45230.00000000,45284.14000000,1536.97220000
2024-02-08T20:00:00Z,45284.13000000,45614.30000000,45267.44000000,45496.21000000,2888.80631000
2024-02-08T21:00:00Z,45496.20000000,45501.10000000,45278.07000000,45321.04000000,1535.35074000
2024-02-08T22:00:00Z,45321.03000000,45409.81000000,45227.00000000,45272.55000000,946.00150000
2024-02-08T23:00:00Z,45272.54000000,45407.62000000,45261.10000000,45288.65000000,1053.48243000
2024-02-09T00:00:00Z,45288.66000000,45400.01000000,45242.12000000,45289.10000000,1082.78010000
2024-02-09T01:00:00Z,45289.10000000,45500.00000000,45275.29000000,45492.00000000,815.61742000
2024-02-09T02:00:00Z,45492.01000000,46384.27000000,45441.40000000,46285.23000000,4790.56244000
2024-02-09T03:00:00Z,46285.22000000,46350.00000000,46033.09000000,46060.74000000,2793.57991000
2024-02-09T04:00:00Z,46060.74000000,46148.00000000,45855.00000000,45960.73000000,1938.03283000
2024-02-09T05:00:00Z,45960.74000000,46278.00000000,45932.56000000,46267.15000000,1565.75457000
2024-02-09T06:00:00Z,46267.15000000,46269.20000000,46132.17000000,46195.91000000,977.22252000
2024-02-09T07:00:00Z,46195.92000000,46425.03000000,46190.00000000,46202.00000000,2330.22305000
2024-02-09T08:00:00Z,46202.01000000,46675.86000000,46201.53000000,46639.99000000,2562.74751000
2024-02-09T09:00:00Z,46640.00000000,46750.00000000,46482.35000000,46522.00000000,2911.57888000
2024-02-09T10:00:00Z,46522.00000000,46806.24000000,46521.99000000,46779.52000000,1734.15463000
2024-02-09T11:00:00Z,46779.53000000,47299.88000000,46677.75000000,47180.02000000,4364.43199000
2024-02-09T12:00:00Z,47180.01000000,47699.00000000,47126.29000000,47323.99000000,6269.54291000
2024-02-09T13:00:00Z,47324.00000000,47640.82000000,47254.01000000,47465.96000000,3042.13286000
2024-02-09T14:00:00Z,47465.97000000,47719.44000000,46652.00000000,47062.01000000,7226.43714000
2024-02-09T15:00:00Z,47062.00000000,47271.10000000,46765.44000000,47159.99000000,4659.54706000
2024-02-09T16:00:00Z,47159.99000000,47498.00000000,47134.00000000,47275.88000000,3475.83863000
2024-02-09T17:00:00Z,47275.88000000,47661.99000000,47215.69000000,47652.24000000,3223.87771000
2024-02-09T18:00:00Z,47652.24000000,48200.00000000,47489.47000000,47602.00000000,7081.27669000
2024-02-09T19:00:00Z,47602.00000000,47663.71000000,47248.04000000,47509.48000000,3180.19736000
2024-02-09T20:00:00Z,47509.48000000,47693.28000000,47457.13000000,47511.29000000,3010.02275000
2024-02-09T21:00:00Z,47511.30000000,47600.00000000,47286.11000000,47507.25000000,1967.69425000
2024-02-09T22:00:00Z,47507.24000000,47552.00000000,47035.92000000,47272.61000000,1337.29002000
2024-02-09T23:00:00Z,47272.61000000,47283.69000000,47058.00000000,47132.77000000,1162.93777000
2024-02-10T00:00:00Z,47132.78000000,47250.00000000,47044.88000000,47088.00000000,1111.66671000
2024-02-10T01:00:00Z,47088.00000000,47355.23000000,47061.10000000,47302.01000000,1109.83397000
2024-02-10T02:00:00Z,47302.01000000,47333.00000000,47275.06000000,47311.39000000,531.47681000
2024-02-10T03:00:00Z,47311.40000000,47504.00000000,47311.39000000,47376.62000000,1148.05953000
2024-02-10T04:00:00Z,47376.62000000,47430.03000000,47313.29000000,47409.50000000,534.44554000
2024-02-10T05:00:00Z,47409.49000000,47421.29000000,47255.39000000,47326.83000000,489.20761000
2024-02-10T06:00:00Z,47326.82000000,47350.00000000,47265.69000000,47349.99000000,473.08547000
2024-02-10T07:00:00Z,47349.99000000,47352.98000000,47145.40000000,47151.72000000,658.55420000
2024-02-10T08:00:00Z,47151.72000000,47274.00000000,47068.35000000,47087.70000000,832.29961000
2024-02-10T09:00:00Z,47087.69000000,47228.07000000,47049.63000000,47066.00000000,762.14702000
2024-02-10T10:00:00Z,47066.00000000,47172.69000000,46800.00000000,46884.22000000,1574.54712000
2024-02-10T11:00:00Z,46884.22000000,47199.41000000,46851.65000000,47182.00000000,1377.94159000
2024-02-10T12:00:00Z,47182.01000000,47267.98000000,47151.10000000,47231.55000000,968.00077000
2024-02-10T13:00:00Z,47231.54000000,47378.41000000,47105.44000000,47303.59000000,1291.43620000
2024-02-10T14:00:00Z,47303.58000000,47374.00000000,47236.89000000,47270.00000000,694.97488000
2024-02-10T15:00:00Z,47270.00000000,47358.17000000,47249.55000000,47353.48000000,670.46692000
2024-02-10T16:00:00Z,47353.48000000,47353.48000000,47198.00000000,47250.00000000,586.82519000
2024-02-10T17:00:00Z,47249.99000000,47340.00000000,47154.52000000,47196.48000000,776.17718000
2024-02-10T18:00:00Z,47196.49000000,47337.92000000,47182.31000000,47329.37000000,604.31858000
2024-02-10T19:00:00Z,47329.38000000,47660.00000000,47304.72000000,47531.09000000,1413.68092000
2024-02-10T20:00:00Z,47531.09000000,48170.00000000,47454.37000000,47878.00000000,2793.79967000
2024-02-10T21:00:00Z,47878.00000000,48149.81000000,47775.01000000,47941.63000000,1930.43555000
2024-02-10T22:00:00Z,47941.64000000,47954.00000000,47606.28000000,47825.90000000,1437.58220000
2024-02-10T23:00:00Z,47825.90000000,47944.81000000,47700.00000000,47751.09000000,1031.39612000
2024-02-11T00:00:00Z,47751.08000000,47779.57000000,47610.48000000,47732.43000000,751.47522000
2024-02-11T01:00:00Z,47732.44000000,47759.05000000,47557.16000000,47626.58000000,647.86987000
2024-02-11T02:00:00Z,47626.59000000,47776.20000000,47623.41000000,47774.23000000,574.29725000
2024-02-11T03:00:00Z,47774.23000000,48557.00000000,47774.22000000,48519.61000000,4479.29883000
2024-02-11T04:00:00Z,48519.60000000,48592.66000000,48261.49000000,48294.76000000,1661.35630000
2024-02-11T05:00:00Z,48294.76000000,48340.00000000,48133.33000000,48224.70000000,925.81841000
2024-02-11T06:00:00Z,48224.71000000,48314.54000000,48125.00000000,48221.94000000,1128.06797000
2024-02-11T07:00:00Z,48221.94000000,48355.00000000,48061.10000000,48179.52000000,1037.19003000
2024-02-11T08:00:00Z,48179.51000000,48286.55000000,48075.87000000,48140.00000000,800.50147000
2024-02-11T09:00:00Z,48139.99000000,48223.59000000,48096.00000000,48139.99000000,717.14712000
2024-02-11T10:00:00Z,48140.00000000,48187.62000000,47922.33000000,48142.78000000,1033.27320000
2024-02-11T11:00:00Z,48142.79000000,48438.81000000,48138.05000000,48411.71000000,1356.06845000
2024-02-11T12:00:00Z,48411.71000000,48469.07000000,48257.01000000,48291.01000000,1360.05282000
2024-02-11T13:00:00Z,48291.01000000,48347.00000000,48026.53000000,48058.12000000,1774.25568000
2024-02-11T14:00:00Z,48058.12000000,48245.01000000,47931.82000000,48234.56000000,1431.34837000
2024-02-11T15:00:00Z,48234.55000000,48234.56000000,48028.87000000,48150.43000000,900.56310000
2024-02-11T16:00:00Z,48150.43000000,48205.00000000,47948.38000000,48104.01000000,1274.71353000
2024-02-11T17:00:00Z,48104.01000000,48394.29000000,48104.00000000,48292.00000000,1327.55281000
2024-02-11T18:00:00Z,48292.01000000,48356.37000000,48012.00000000,48282.22000000,1282.83115000
2024-02-11T19:00:00Z,48282.22000000,48388.00000000,48242.26000000,48284.00000000,756.31572000
2024-02-11T20:00:00Z,48283.99000000,48375.00000000,47981.10000000,48034.55000000,1413.22456000
2024-02-11T21:00:00Z,48034.55000000,48133.99000000,47971.18000000,48116.00000000,1072.59822000
2024-02-11T22:00:00Z,48115.99000000,48230.47000000,48088.00000000,48136.00000000,1117.46161000
2024-02-11T23:00:00Z,48135.99000000,48300.00000000,48021.81000000,48299.99000000,1135.52668000
2024-02-12T00:00:00Z,48300.00000000,48826.81000000,48231.10000000,48604.00000000,3876.37218000
2024-02-12T01:00:00Z,48604.01000000,48611.00000000,48333.00000000,48485.74000000,1430.13582000
2024-02-12T02:00:00Z,48485.74000000,48540.00000000,48009.52000000,48151.10000000,1662.85798000
2024-02-12T03:00:00Z,48151.10000000,48231.10000000,48069.96000000,48145.00000000,754.32016000
2024-02-12T04:00:00Z,48145.00000000,48145.01000000,48022.80000000,48070.00000000,646.94197000
2024-02-12T05:00:00Z,48070.00000000,48183.43000000,48065.33000000,48073.18000000,482.26385000
2024-02-12T06:00:00Z,48073.18000000,48171.21000000,47755.81000000,48149.43000000,1679.36861000
2024-02-12T07:00:00Z,48149.43000000,48382.27000000,48118.08000000,48203.98000000,1636.34482000
2024-02-12T08:00:00Z,48203.98000000,48311.15000000,48057.72000000,48114.01000000,986.77915000
2024-02-12T09:00:00Z,48114.00000000,48129.47000000,47833.33000000,47880.92000000,1312.32130000
2024-02-12T10:00:00Z,47880.92000000,48070.01000000,47710.01000000,47872.07000000,1756.39686000
2024-02-12T11:00:00Z,47872.06000000,47926.36000000,47750.00000000,47903.03000000,1389.27351000
2024-02-12T12:00:00Z,47903.04000000,48035.59000000,47841.00000000,48032.00000000,998.16608000
2024-02-12T13:00:00Z,48031.99000000,48049.99000000,47894.24000000,47949.85000000,821.47270000
2024-02-12T14:00:00Z,47949.85000000,48798.00000000,47929.13000000,48798.00000000,4057.27981000
2024-02-12T15:00:00Z,48797.99000000,49950.00000000,48669.39000000,49917.80000000,10844.63202000
2024-02-12T16:00:00Z,49917.80000000,49949.95000000,49372.22000000,49582.33000000,5386.65429000
2024-02-12T17:00:00Z,49582.34000000,50334.82000000,49551.10000000,49854.48000000,7188.22064000
2024-02-12T18:00:00Z,49854.49000000,49995.00000000,49673.10000000,49741.96000000,2623.01792000
2024-02-12T19:00:00Z,49741.96000000,49942.76000000,49500.00000000,49532.03000000,2080.05295000
2024-02-12T20:00:00Z,49532.02000000,50240.00000000,49532.02000000,50162.96000000,2691.51991000
2024-02-12T21:00:00Z,50162.97000000,50271.02000000,49805.71000000,49816.30000000,2151.09064000
2024-02-12T22:00:00Z,49816.31000000,50076.00000000,49816.30000000,50021.10000000,1072.29466000
2024-02-12T23:00:00Z,50021.09000000,50049.43000000,49815.40000000,49917.27000000,1482.18922000
2024-02-13T00:00:00Z,49917.28000000,50160.57000000,49904.00000000,50101.70000000,1751.68312000
2024-02-13T01:00:00Z,50101.71000000,50368.61000000,49990.00000000,50141.16000000,1894.40779000
2024-02-13T02:00:00Z,50141.15000000,50155.08000000,49840.00000000,49947.57000000,1321.82342000
2024-02-13T03:00:00Z,49947.57000000,49959.24000000,49724.33000000,49789.99000000,1207.29588000
2024-02-13T04:00:00Z,49790.00000000,49971.10000000,49789.99000000,49902.46000000,742.81902000
2024-02-13T05:00:00Z,49902.46000000,50050.00000000,49816.60000000,50050.00000000,854.83365000
2024-02-13T06:00:00Z,50049.99000000,50099.00000000,49962.14000000,50000.00000000,894.78904000
2024-02-13T07:00:00Z,50000.00000000,50117.84000000,49900.10000000,49983.09000000,1562.62636000
2024-02-13T08:00:00Z,49983.09000000,50151.10000000,49972.00000000,50117.98000000,1531.24026000
2024-02-13T09:00:00Z,50117.99000000,50247.00000000,50000.66000000,50204.99000000,2287.51431000
2024-02-13T10:00:00Z,50204.98000000,50220.60000000,49842.98000000,49861.09000000,2273.04945000
2024-02-13T11:00:00Z,49861.08000000,50032.14000000,49650.00000000,49988.12000000,2733.08983000
2024-02-13T12:00:00Z,49988.12000000,49996.00000000,49791.10000000,49860.00000000,1347.40959000
2024-02-13T13:00:00Z,49860.00000000,49930.22000000,49188.10000000,49528.06000000,4797.41297000
2024-02-13T14:00:00Z,49528.05000000,49651.30000000,48400.00000000,48692.16000000,8589.65035000
2024-02-13T15:00:00Z,48692.17000000,49009.95000000,48444.00000000,48727.47000000,4624.00024000
2024-02-13T16:00:00Z,48727.47000000,48855.29000000,48460.08000000,48477.07000000,2764.10380000
2024-02-13T17:00:00Z,48477.58000000,48888.88000000,48300.95000000,48844.19000000,3201.76673000
2024-02-13T18:00:00Z,48844.18000000,49263.57000000,48825.00000000,49107.84000000,2659.17205000
2024-02-13T19:00:00Z,49107.84000000,49268.21000000,48912.00000000,49036.73000000,1767.21820000
2024-02-13T20:00:00Z,49036.74000000,49500.00000000,49011.10000000,49399.41000000,2745.41119000
2024-02-13T21:00:00Z,49399.40000000,49743.34000000,49341.94000000,49525.00000000,1852.05652000
2024-02-13T22:00:00Z,49524.99000000,49624.00000000,49315.69000000,49521.54000000,993.28324000
2024-02-13T23:00:00Z,49521.53000000,49775.00000000,49358.00000000,49699.59000000,1154.91005000
2024-02-14T00:00:00Z,49699.60000000,49712.94000000,49381.10000000,49482.81000000,1098.18833000
2024-02-14T01:00:00Z,49482.80000000,49531.10000000,49333.00000000,49433.29000000,931.36429000
2024-02-14T02:00:00Z,49433.29000000,49560.06000000,49378.07000000,49490.48000000,581.45418000
2024-02-14T03:00:00Z,49490.47000000,49615.97000000,49471.44000000,49518.61000000,595.44621000
2024-02-14T04:00:00Z,49518.61000000,49584.55000000,49225.01000000,49385.99000000,827.14980000
2024-02-14T05:00:00Z,49385.99000000,49633.77000000,49385.99000000,49539.05000000,879.77535000
2024-02-14T06:00:00Z,49539.05000000,49656.07000000,49512.40000000,49637.83000000,876.97938000
2024-02-14T07:00:00Z,49637.83000000,49877.22000000,49627.52000000,49838.93000000,1415.02028000
2024-02-14T08:00:00Z,49838.93000000,50800.00000000,49741.19000000,50758.00000000,4164.03121000
2024-02-14T09:00:00Z,50758.00000000,51686.00000000,50626.53000000,51551.10000000,8448.03702000
2024-02-14T10:00:00Z,51551.10000000,51585.99000000,51238.36000000,51300.00000000,3117.11841000
2024-02-14T11:00:00Z,51300.01000000,51723.08000000,50984.80000000,51555.12000000,4171.93821000
2024-02-14T12:00:00Z,51555.12000000,51828.93000000,51411.77000000,51575.50000000,3599.00599000
2024-02-14T13:00:00Z,51575.50000000,51815.32000000,51506.20000000,51786.01000000,2435.52976000
2024-02-14T14:00:00Z,51786.00000000,52043.71000000,51557.98000000,51908.45000000,4671.42903000
2024-02-14T15:00:00Z,51908.45000000,51989.99000000,51276.24000000,51590.00000000,4728.58590000
2024-02-14T16:00:00Z,51590.00000000,51750.00000000,51200.24000000,51581.35000000,3256.79429000
2024-02-14T17:00:00Z,51581.34000000,51729.71000000,51484.54000000,51663.99000000,1867.14913000
2024-02-14T18:00:00Z,51663.99000000,51686.00000000,51378.00000000,51445.45000000,1865.86007000
2024-02-14T19:00:00Z,51445.44000000,51680.00000000,51202.44000000,51678.00000000,1879.61745000
2024-02-14T20:00:00Z,51677.99000000,51866.01000000,51634.00000000,51686.14000000,2209.91599000
2024-02-14T21:00:00Z,51686.15000000,51782.17000000,51464.00000000,51725.25000000,1245.46814000
2024-02-14T22:00:00Z,51725.26000000,51811.05000000,51608.00000000,51792.43000000,802.81576000
2024-02-14T23:00:00Z,51792.44000000,51888.00000000,51733.95000000,51795.17000000,1377.69983000
2024-02-15T00:00:00Z,51795.17000000,52500.00000000,51763.47000000,52321.20000000,3790.36754000
2024-02-15T01:00:00Z,52321.19000000,52351.10000000,51717.58000000,51901.45000000,2652.57040000
2024-02-15T02:00:00Z,51901.46000000,52220.12000000,51866.23000000,52048.46000000,1670.84571000
2024-02-15T03:00:00Z,52048.45000000,52390.00000000,52033.14000000,52343.32000000,1371.41333000
2024-02-15T04:00:00Z,52343.32000000,52364.55000000,52114.71000000,52140.00000000,1462.67778000
2024-02-15T05:00:00Z,52140.00000000,52235.29000000,51814.14000000,51955.66000000,1371.71894000
2024-02-15T06:00:00Z,51955.67000000,52091.58000000,51840.27000000,51974.50000000,1309.61682000
2024-02-15T07:00:00Z,51974.49000000,52100.00000000,51634.01000000,51776.61000000,2014.64205000
2024-02-15T08:00:00Z,51776.60000000,51981.10000000,51650.00000000,51934.01000000,1324.11775000
2024-02-15T09:00:00Z,51934.01000000,52261.36000000,51870.00000000,52165.99000000,1836.15509000
2024-02-15T10:00:00Z,52166.00000000,52344.16000000,52096.00000000,52286.70000000,1699.22638000
2024-02-15T11:00:00Z,52286.71000000,52498.12000000,52161.10000000,52330.00000000,1921.71223000
2024-02-15T12:00:00Z,52330.00000000,52494.00000000,52080.00000000,52331.94000000,2139.43803000
2024-02-15T13:00:00Z,52331.94000000,52353.55000000,52085.24000000,52217.73000000,1833.56019000
2024-02-15T14:00:00Z,52217.72000000,52816.62000000,52078.00000000,52621.31000000,4519.44224000
2024-02-15T15:00:00Z,52621.31000000,52660.00000000,51721.31000000,51948.23000000,5423.15108000
2024-02-15T16:00:00Z,51948.24000000,52380.00000000,51742.00000000,52265.32000000,3408.06139000
2024-02-15T17:00:00Z,52265.32000000,52317.30000000,51850.50000000,51875.59000000,2173.95966000
2024-02-15T18:00:00Z,51875.60000000,52060.00000000,51831.34000000,51977.99000000,1611.13065000
2024-02-15T19:00:00Z,51977.98000000,52056.00000000,51725.00000000,52002.01000000,2065.22624000
2024-02-15T20:00:00Z,52002.01000000,52011.10000000,51569.81000000,51686.00000000,2961.36308000
2024-02-15T21:00:00Z,51686.00000000,51807.65000000,51314.00000000,51327.27000000,2310.78155000
2024-02-15T22:00:00Z,51327.27000000,51823.52000000,51317.00000000,51644.40000000,1489.34918000
2024-02-15T23:00:00Z,51644.39000000,51973.48000000,51622.30000000,51880.00000000,1455.50324000
2024-02-16T00:00:00Z,51880.01000000,52005.50000000,51803.60000000,51914.08000000,1048.15528000
2024-02-16T01:00:00Z,51914.08000000,52155.50000000,51876.86000000,51952.63000000,1453.51703000
2024-02-16T02:00:00Z,51952.63000000,52200.00000000,51848.06000000,52168.15000000,1105.26394000
2024-02-16T03:00:00Z,52168.14000000,52328.00000000,52100.00000000,52280.25000000,1318.31237000
2024-02-16T04:00:00Z,52280.25000000,52343.28000000,52121.10000000,52121.99000000,1100.67086000
2024-02-16T05:00:00Z,52122.00000000,52198.99000000,52009.63000000,52064.38000000,1025.10353000
2024-02-16T06:00:00Z,52064.39000000,52164.00000000,51845.00000000,51897.95000000,1287.80636000
2024-02-16T07:00:00Z,51897.95000000,51959.00000000,51700.00000000,51731.99000000,2497.34557000
2024-02-16T08:00:00Z,51732.00000000,52000.00000000,51688.44000000,51829.30000000,1732.23718000
2024-02-16T09:00:00Z,51829.29000000,51977.40000000,51566.00000000,51827.99000000,2225.73346000
2024-02-16T10:00:00Z,51827.99000000,52300.01000000,51791.10000000,52300.00000000,2193.83727000
2024-02-16T11:00:00Z,52299.99000000,52435.86000000,52176.04000000,52213.86000000,2571.68653000
2024-02-16T12:00:00Z,52213.87000000,52400.00000000,52103.21000000,52383.44000000,1419.72726000
2024-02-16T13:00:00Z,52383.45000000,52494.00000000,52130.16000000,52464.00000000,2066.37992000
2024-02-16T14:00:00Z,52464.00000000,52572.08000000,51758.00000000,51920.31000000,3725.75766000
2024-02-16T15:00:00Z,51920.32000000,51933.39000000,51592.88000000,51888.01000000,3280.11153000
2024-02-16T16:00:00Z,51888.01000000,52245.00000000,51844.42000000,52041.10000000,1866.64810000
2024-02-16T17:00:00Z,52041.10000000,52071.09000000,51803.75000000,52016.78000000,1136.24362000
2024-02-16T18:00:00Z,52016.78000000,52037.57000000,51824.98000000,51967.33000000,815.75680000
2024-02-16T19:00:00Z,51967.33000000,52031.97000000,51655.00000000,51756.29000000,963.11327000
2024-02-16T20:00:00Z,51756.29000000,51900.00000000,51681.10000000,51838.00000000,1080.89863000
2024-02-16T21:00:00Z,51838.00000000,52008.19000000,51759.10000000,51982.01000000,613.53322000
2024-02-16T22:00:00Z,51982.01000000,51995.88000000,51891.10000000,51977.86000000,413.76742000
2024-02-16T23:00:00Z,51977.86000000,52208.43000000,51956.28000000,52124.11000000,830.64637000
2024-02-17T00:00:00Z,52124.10000000,52162.82000000,52003.80000000,52003.80000000,548.24468000
2024-02-17T01:00:00Z,52003.81000000,52026.24000000,51846.84000000,51971.33000000,525.07239000
2024-02-17T02:00:00Z,51971.34000000,52018.00000000,51881.33000000,51935.85000000,369.06015000
2024-02-17T03:00:00Z,51935.84000000,51974.00000000,51897.43000000,51968.75000000,306.26325000
2024-02-17T04:00:00Z,51968.75000000,52057.54000000,51929.86000000,52011.62000000,517.13032000
2024-02-17T05:00:00Z,52011.62000000,52013.54000000,51792.00000000,51918.98000000,520.02071000
2024-02-17T06:00:00Z,51918.98000000,51950.00000000,51884.62000000,51925.59000000,362.14332000
2024-02-17T07:00:00Z,51925.59000000,51960.00000000,51905.03000000,51911.33000000,414.60598000
2024-02-17T08:00:00Z,51911.34000000,51911.34000000,51702.37000000,51740.01000000,837.77280000
2024-02-17T09:00:00Z,51740.01000000,51795.76000000,51651.53000000,51676.40000000,931.13568000
2024-02-17T10:00:00Z,51676.39000000,51729.24000000,51500.00000000,51721.67000000,1322.86272000
2024-02-17T11:00:00Z,51721.66000000,51800.00000000,51677.23000000,51690.48000000,719.36495000
2024-02-17T12:00:00Z,51690.47000000,51735.68000000,51558.32000000,51711.10000000,657.97943000
2024-02-17T13:00:00Z,51711.10000000,51713.38000000,51088.10000000,51188.81000000,2893.39881000
2024-02-17T14:00:00Z,51188.80000000,51329.61000000,50625.00000000,50841.09000000,3930.77253000
2024-02-17T15:00:00Z,50841.09000000,51174.04000000,50642.85000000,50984.56000000,2182.56166000
2024-02-17T16:00:00Z,50984.56000000,51027.15000000,50741.10000000,50951.25000000,1351.10919000
2024-02-17T17:00:00Z,50951.26000000,51272.72000000,50944.67000000,51215.58000000,1415.03480000
2024-02-17T18:00:00Z,51215.58000000,51291.78000000,51146.00000000,51263.95000000,818.98898000
2024-02-17T19:00:00Z,51263.96000000,51444.00000000,51232.79000000,51394.43000000,802.19727000
2024-02-17T20:00:00Z,51394.44000000,51561.01000000,51303.00000000,51514.00000000,729.10855000
2024-02-17T21:00:00Z,51514.01000000,52030.18000000,51444.42000000,51803.80000000,1915.04775000
2024-02-17T22:00:00Z,51803.80000000,51864.67000000,51590.00000000,51710.51000000,1048.33394000
2024-02-17T23:00:00Z,51710.50000000,51739.13000000,51592.05000000,51642.64000000,555.79636000
2024-02-18T00:00:00Z,51642.64000000,51764.32000000,51544.09000000,51676.95000000,743.93552000
2024-02-18T01:00:00Z,51676.94000000,51798.99000000,51482.12000000,51530.83000000,884.45683000
2024-02-18T02:00:00Z,51530.83000000,51554.39000000,51163.28000000,51277.99000000,1153.39167000
2024-02-18T03:00:00Z,51277.99000000,51480.00000000,51256.93000000,51479.99000000,560.42310000
2024-02-18T04:00:00Z,51479.99000000,51640.00000000,51477.40000000,51564.12000000,688.11702000
2024-02-18T05:00:00Z,51564.12000000,51688.87000000,51541.24000000,51656.87000000,566.23677000
2024-02-18T06:00:00Z,51656.88000000,51700.01000000,51405.52000000,51509.58000000,606.44072000
2024-02-18T07:00:00Z,51509.57000000,51750.60000000,51446.10000000,51671.10000000,808.11390000
2024-02-18T08:00:00Z,51671.10000000,51795.04000000,51644.00000000,51790.01000000,691.37850000
2024-02-18T09:00:00Z,51790.00000000,52000.00000000,51790.00000000,51976.81000000,1158.19230000
2024-02-18T10:00:00Z,51976.80000000,52069.00000000,51784.50000000,51830.83000000,899.70919000
2024-02-18T11:00:00Z,51830.83000000,51836.68000000,51661.10000000,51832.01000000,695.81908000
2024-02-18T12:00:00Z,51832.01000000,51865.20000000,51535.01000000,51554.06000000,1087.03070000
2024-02-18T13:00:00Z,51554.06000000,51694.85000000,51541.10000000,51628.44000000,676.33830000
2024-02-18T14:00:00Z,51628.44000000,51948.57000000,51628.43000000,51882.00000000,974.46199000
2024-02-18T15:00:00Z,51882.00000000,51888.88000000,51727.16000000,51773.99000000,786.07940000
2024-02-18T16:00:00Z,51774.00000000,51879.76000000,51649.19000000,51835.57000000,882.35461000
2024-02-18T17:00:00Z,51835.57000000,51980.73000000,51786.81000000,51837.94000000,884.84524000
2024-02-18T18:00:00Z,51837.93000000,51837.94000000,51647.25000000,51793.95000000,857.61582000
2024-02-18T19:00:00Z,51793.96000000,51872.85000000,51691.61000000,51758.12000000,715.75078000
2024-02-18T20:00:00Z,51758.13000000,51783.72000000,51587.40000000,51776.00000000,680.31258000
2024-02-18T21:00:00Z,51776.01000000,51922.57000000,51754.94000000,51861.10000000,483.18353000
2024-02-18T22:00:00Z,51861.10000000,52377.00000000,51824.12000000,52239.80000000,2449.14088000
2024-02-18T23:00:00Z,52239.79000000,52350.00000000,51975.05000000,52137.67000000,2058.77520000
2024-02-19T00:00:00Z,52137.68000000,52428.78000000,52101.87000000,52183.72000000,1646.47146000
2024-02-19T01:00:00Z,52183.72000000,52187.62000000,51904.83000000,52092.06000000,1361.67412000
2024-02-19T02:00:00Z,52092.06000000,52210.48000000,52092.06000000,52148.60000000,851.79074000
2024-02-19T03:00:00Z,52148.60000000,52167.35000000,51977.12000000,52063.81000000,752.37547000
2024-02-19T04:00:00Z,52063.80000000,52221.10000000,52020.61000000,52097.39000000,952.14245000
2024-02-19T05:00:00Z,52097.38000000,52156.00000000,51989.21000000,52130.42000000,725.01109000
2024-02-19T06:00:00Z,52130.43000000,52471.79000000,52130.42000000,52387.53000000,1697.75120000
2024-02-19T07:00:00Z,52387.53000000,52488.77000000,52297.40000000,52394.04000000,1059.83048000
2024-02-19T08:00:00Z,52394.04000000,52410.73000000,52063.52000000,52098.50000000,1163.91356000
2024-02-19T09:00:00Z,52098.50000000,52365.26000000,52098.49000000,52262.99000000,1214.97997000
2024-02-19T10:00:00Z,52262.98000000,52450.00000000,52163.14000000,52350.01000000,1368.49870000
2024-02-19T11:00:00Z,52350.01000000,52423.77000000,52284.92000000,52336.22000000,922.83197000
2024-02-19T12:00:00Z,52336.22000000,52454.11000000,52232.00000000,52271.09000000,1276.18628000
2024-02-19T13:00:00Z,52271.09000000,52372.55000000,52117.40000000,52150.17000000,1536.68715000
2024-02-19T14:00:00Z,52150.18000000,52202.68000000,52027.00000000,52100.00000000,1509.43734000
2024-02-19T15:00:00Z,52100.00000000,52346.05000000,52028.93000000,52127.99000000,1349.87979000
2024-02-19T16:00:00Z,52127.99000000,52230.00000000,51677.00000000,51775.76000000,2178.19956000
2024-02-19T17:00:00Z,51775.76000000,52210.00000000,51688.69000000,52151.73000000,1971.50334000
2024-02-19T18:00:00Z,52151.72000000,52200.00000000,51913.07000000,51926.61000000,1131.63654000
2024-02-19T19:00:00Z,51926.62000000,51933.79000000,51781.04000000,51820.61000000,1085.71920000
2024-02-19T20:00:00Z,51820.61000000,51933.20000000,51761.10000000,51798.99000000,834.88916000
2024-02-19T21:00:00Z,51799.00000000,51920.73000000,51705.11000000,51904.42000000,995.05661000
2024-02-19T22:00:00Z,51904.41000000,52110.00000000,51868.01000000,51936.42000000,943.17631000
2024-02-19T23:00:00Z,51936.41000000,52013.11000000,51711.10000000,51774.73000000,1005.35183000
2024-02-20T00:00:00Z,51774.74000000,51832.01000000,51500.00000000,51641.82000000,1720.30986000
2024-02-20T01:00:00Z,51641.83000000,51709.99000000,51311.00000000,51631.15000000,1907.08974000
2024-02-20T02:00:00Z,51631.14000000,51761.10000000,51550.00000000,51711.09000000,923.71736000
2024-02-20T03:00:00Z,51711.09000000,51797.00000000,51574.00000000,51580.23000000,712.89149000
2024-02-20T04:00:00Z,51580.23000000,51818.00000000,51510.00000000,51788.01000000,928.35852000
2024-02-20T05:00:00Z,51788.00000000,51984.03000000,51754.87000000,51909.10000000,921.76247000
2024-02-20T06:00:00Z,51909.10000000,52039.91000000,51899.99000000,51948.06000000,772.89817000
2024-02-20T07:00:00Z,51948.06000000,51974.58000000,51801.00000000,51839.28000000,1095.95743000
2024-02-20T08:00:00Z,51839.28000000,51883.22000000,51586.22000000,51776.80000000,1180.92112000
2024-02-20T09:00:00Z,51776.80000000,51825.41000000,51560.00000000,51761.33000000,1812.05961000
2024-02-20T10:00:00Z,51761.34000000,52120.00000000,51761.33000000,52119.99000000,1829.16437000
2024-02-20T11:00:00Z,52120.00000000,52380.00000000,52119.99000000,52286.80000000,2623.99208000
2024-02-20T12:00:00Z,52286.80000000,52395.00000000,52125.92000000,52178.92000000,1548.12369000
2024-02-20T13:00:00Z,52178.93000000,52985.00000000,52141.68000000,52840.13000000,4731.24347000
2024-02-20T14:00:00Z,52840.14000000,52864.22000000,51769.23000000,52048.74000000,6123.11806000
2024-02-20T15:00:00Z,52048.74000000,52086.56000000,51340.00000000,51680.00000000,4900.14394000
2024-02-20T16:00:00Z,51679.99000000,51798.98000000,51370.00000000,51396.33000000,2355.64595000
2024-02-20T17:00:00Z,51396.34000000,51396.34000000,50760.37000000,51324.99000000,4482.28703000
2024-02-20T18:00:00Z,51325.00000000,51544.46000000,51241.81000000,51509.89000000,1566.22934000
2024-02-20T19:00:00Z,51509.89000000,52138.31000000,51431.50000000,52101.11000000,2014.47671000
2024-02-20T20:00:00Z,52101.10000000,52215.85000000,51953.46000000,51990.63000000,1711.31343000
2024-02-20T21:00:00Z,51990.62000000,52171.10000000,51901.10000000,52024.00000000,857.33006000
2024-02-20T22:00:00Z,52024.01000000,52304.76000000,52006.00000000,52168.65000000,836.96284000
2024-02-20T23:00:00Z,52168.65000000,52517.30000000,52162.77000000,52258.82000000,2058.47644000
2024-02-21T00:00:00Z,52258.82000000,52366.80000000,52120.00000000,52174.20000000,1154.86381000
2024-02-21T01:00:00Z,52174.20000000,52291.10000000,52050.01000000,52102.56000000,806.67295000
2024-02-21T02:00:00Z,52102.55000000,52160.00000000,52041.10000000,52067.99000000,690.55691000
2024-02-21T03:00:00Z,52067.99000000,52104.03000000,51988.91000000,52001.99000000,717.34587000
2024-02-21T04:00:00Z,52002.00000000,52009.99000000,51818.01000000,51949.58000000,882.83023000
2024-02-21T05:00:00Z,51949.57000000,52113.39000000,51817.25000000,51837.95000000,753.50661000
2024-02-21T06:00:00Z,51837.95000000,51901.85000000,51672.00000000,51741.98000000,968.65139000
2024-02-21T07:00:00Z,51741.97000000,51780.04000000,51452.45000000,51568.64000000,1459.17317000
2024-02-21T08:00:00Z,51568.64000000,51787.04000000,51530.29000000,51667.84000000,1354.26908000
2024-02-21T09:00:00Z,51667.85000000,51698.00000000,51000.93000000,51095.10000000,2744.41955000
2024-02-21T10:00:00Z,51095.10000000,51413.33000000,50888.00000000,51271.10000000,3125.30749000
2024-02-21T11:00:00Z,51271.10000000,51369.00000000,50813.00000000,50965.53000000,2156.35214000
2024-02-21T12:00:00Z,50965.53000000,51392.14000000,50625.00000000,51310.70000000,3340.80061000
2024-02-21T13:00:00Z,51310.69000000,51442.26000000,50900.00000000,51181.09000000,2373.86746000
2024-02-21T14:00:00Z,51181.10000000,51208.60000000,50750.00000000,50929.99000000,3120.40522000
2024-02-21T15:00:00Z,50930.00000000,51328.33000000,50841.10000000,51156.00000000,2818.50389000
2024-02-21T16:00:00Z,51156.00000000,51426.00000000,51010.00000000,51346.39000000,2060.51339000
2024-02-21T17:00:00Z,51346.39000000,51427.43000000,50890.00000000,50931.35000000,1933.49418000
2024-02-21T18:00:00Z,50931.35000000,51107.21000000,50810.00000000,50855.83000000,1659.40184000
2024-02-21T19:00:00Z,50855.82000000,51058.00000000,50649.28000000,51058.00000000,2100.67317000
2024-02-21T20:00:00Z,51057.99000000,51129.18000000,50862.50000000,50957.94000000,1927.60322000
2024-02-21T21:00:00Z,50957.94000000,51398.00000000,50945.46000000,51385.34000000,1807.67562000
2024-02-21T22:00:00Z,51385.35000000,51525.00000000,51221.37000000,51511.10000000,1055.99571000
2024-02-21T23:00:00Z,51511.11000000,51950.01000000,51487.93000000,51849.39000000,2066.51698000
2024-02-22T00:00:00Z,51849.38000000,51878.18000000,51500.00000000,51532.57000000,1621.87014000
2024-02-22T01:00:00Z,51532.58000000,51630.01000000,51153.69000000,51238.81000000,1393.36888000
2024-02-22T02:00:00Z,51238.82000000,51490.00000000,51224.05000000,51418.36000000,1000.46115000
2024-02-22T03:00:00Z,51418.37000000,51658.54000000,51372.60000000,51586.10000000,669.71706000
2024-02-22T04:00:00Z,51586.10000000,51640.01000000,51352.00000000,51434.61000000,800.02942000
2024-02-22T05:00:00Z,51434.62000000,51684.51000000,51421.87000000,51524.88000000,967.09202000
2024-02-22T06:00:00Z,51524.89000000,51809.62000000,51524.88000000,51767.51000000,1076.48657000
2024-02-22T07:00:00Z,51767.50000000,51910.32000000,51661.22000000,51827.63000000,1582.49944000
2024-02-22T08:00:00Z,51827.63000000,51937.89000000,51672.42000000,51888.52000000,1596.21955000
2024-02-22T09:00:00Z,51888.52000000,52034.12000000,51700.00000000,51945.31000000,1462.55867000
2024-02-22T10:00:00Z,51945.31000000,51945.32000000,51588.36000000,51694.07000000,1152.65535000
2024-02-22T11:00:00Z,51694.08000000,51699.99000000,51517.63000000,51622.04000000,1293.80778000
2024-02-22T12:00:00Z,51622.05000000,51733.05000000,51424.28000000,51521.10000000,1263.21133000
2024-02-22T13:00:00Z,51521.11000000,51543.84000000,50940.78000000,51164.02000000,2903.22242000
2024-02-22T14:00:00Z,51164.01000000,51418.39000000,51060.00000000,51374.00000000,2301.40041000
2024-02-22T15:00:00Z,51374.00000000,51674.17000000,51286.20000000,51602.40000000,2137.27392000
2024-02-22T16:00:00Z,51602.41000000,51750.01000000,51400.00000000,51479.09000000,1578.77911000
2024-02-22T17:00:00Z,51479.10000000,51731.10000000,51454.01000000,51697.40000000,1229.96141000
2024-02-22T18:00:00Z,51697.40000000,51720.87000000,51501.00000000,51718.81000000,1083.34154000
2024-02-22T19:00:00Z,51718.82000000,51718.82000000,51460.80000000,51509.99000000,1412.76654000
2024-02-22T20:00:00Z,51509.99000000,52065.78000000,51461.10000000,51995.58000000,3121.92839000
2024-02-22T21:00:00Z,51995.59000000,52007.65000000,51545.26000000,51656.96000000,1264.97024000
2024-02-22T22:00:00Z,51656.96000000,51717.87000000,51184.04000000,51456.01000000,1357.06045000
2024-02-22T23:00:00Z,51456.01000000,51482.69000000,51230.00000000,51288.42000000,1038.76395000
2024-02-23T00:00:00Z,51288.42000000,51483.09000000,51263.53000000,51455.85000000,835.28774000
2024-02-23T01:00:00Z,51455.84000000,51548.54000000,51310.41000000,51311.11000000,744.66619000
2024-02-23T02:00:00Z,51311.11000000,51426.00000000,51035.52000000,51096.39000000,1056.04694000
2024-02-23T03:00:00Z,51096.38000000,51169.99000000,50971.11000000,51100.00000000,2059.56349000
2024-02-23T04:00:00Z,51100.00000000,51321.92000000,51003.00000000,51219.59000000,1017.60517000
2024-02-23T05:00:00Z,51219.59000000,51239.43000000,51116.00000000,51236.01000000,760.84053000
2024-02-23T06:00:00Z,51236.00000000,51313.99000000,51211.10000000,51301.11000000,606.28765000
2024-02-23T07:00:00Z,51301.10000000,51301.11000000,50889.00000000,50915.96000000,1574.15652000
2024-02-23T08:00:00Z,50915.95000000,51170.00000000,50830.00000000,50958.54000000,1594.22560000
2024-02-23T09:00:00Z,50958.55000000,51066.66000000,50870.10000000,51009.38000000,1543.80118000
2024-02-23T10:00:00Z,51009.38000000,51174.56000000,50965.81000000,51171.09000000,840.94568000
2024-02-23T11:00:00Z,51171.09000000,51263.22000000,51141.20000000,51218.95000000,783.12054000
2024-02-23T12:00:00Z,51218.94000000,51225.25000000,50926.21000000,50994.01000000,1388.69200000
2024-02-23T13:00:00Z,50994.00000000,51095.00000000,50925.02000000,51058.20000000,1238.27680000
2024-02-23T14:00:00Z,51058.21000000,51333.47000000,50800.32000000,51126.00000000,3375.71574000
2024-02-23T15:00:00Z,51126.00000000,51126.00000000,50833.02000000,50911.11000000,2300.14381000
2024-02-23T16:00:00Z,50911.10000000,51121.01000000,50629.33000000,51053.07000000,2839.21808000
2024-02-23T17:00:00Z,51053.08000000,51172.91000000,50974.00000000,51139.14000000,1041.56099000
2024-02-23T18:00:00Z,51139.13000000,51193.69000000,51000.00000000,51103.76000000,935.76244000
2024-02-23T19:00:00Z,51103.76000000,51195.18000000,51032.88000000,51099.09000000,834.13729000
2024-02-23T20:00:00Z,51099.09000000,51162.04000000,50961.10000000,51079.21000000,916.76695000
2024-02-23T21:00:00Z,51079.20000000,51094.64000000,50986.12000000,50986.12000000,415.23666000
2024-02-23T22:00:00Z,50986.12000000,51025.31000000,50750.00000000,50788.01000000,540.28101000
2024-02-23T23:00:00Z,50788.00000000,50916.66000000,50521.00000000,50744.15000000,1303.45644000
2024-02-24T00:00:00Z,50744.15000000,50907.14000000,50694.71000000,50889.20000000,895.68617000
2024-02-24T01:00:00Z,50889.19000000,50891.10000000,50590.00000000,50590.01000000,794.38980000
2024-02-24T02:00:00Z,50590.01000000,50800.00000000,50585.00000000,50799.99000000,496.12804000
2024-02-24T03:00:00Z,50799.98000000,50857.12000000,50682.00000000,50849.97000000,589.22938000
2024-02-24T04:00:00Z,50849.96000000,51008.57000000,50826.47000000,50953.96000000,506.96508000
2024-02-24T05:00:00Z,50953.96000000,51062.00000000,50922.00000000,51047.36000000,589.47885000
2024-02-24T06:00:00Z,51047.36000000,51060.00000000,50944.19000000,50969.81000000,604.17619000
2024-02-24T07:00:00Z,50969.80000000,51103.87000000,50938.78000000,51068.70000000,723.74155000
2024-02-24T08:00:00Z,51068.70000000,51118.09000000,50953.00000000,50994.92000000,596.23664000
2024-02-24T09:00:00Z,50994.92000000,51119.99000000,50986.82000000,51091.10000000,519.32455000
2024-02-24T10:00:00Z,51091.10000000,51172.06000000,51074.28000000,51090.01000000,627.53030000
2024-02-24T11:00:00Z,51090.01000000,51135.04000000,51034.39000000,51119.79000000,707.23643000
2024-02-24T12:00:00Z,51119.79000000,51126.01000000,51032.34000000,51076.55000000,459.63346000
2024-02-24T13:00:00Z,51076.55000000,51180.41000000,51055.00000000,51140.00000000,586.36686000
2024-02-24T14:00:00Z,51140.00000000,51161.10000000,51072.65000000,51139.30000000,502.39947000
2024-02-24T15:00:00Z,51139.31000000,51150.04000000,51099.34000000,51099.34000000,442.04811000
2024-02-24T16:00:00Z,51099.35000000,51215.04000000,51094.99000000,51215.04000000,543.12787000
2024-02-24T17:00:00Z,51215.03000000,51698.00000000,51215.03000000,51533.99000000,2114.43892000
2024-02-24T18:00:00Z,51533.99000000,51694.16000000,51407.07000000,51434.96000000,1331.65362000
2024-02-24T19:00:00Z,51434.97000000,51638.92000000,51434.96000000,51557.07000000,645.16611000
2024-02-24T20:00:00Z,51557.08000000,51585.94000000,51437.84000000,51511.54000000,608.69189000
2024-02-24T21:00:00Z,51511.54000000,51638.90000000,51468.24000000,51562.32000000,655.49261000
2024-02-24T22:00:00Z,51562.32000000,51666.00000000,51556.60000000,51556.61000000,511.93592000
2024-02-24T23:00:00Z,51556.60000000,51651.10000000,51497.57000000,51568.22000000,509.34328000
2024-02-25T00:00:00Z,51568.21000000,51581.10000000,51442.31000000,51486.86000000,490.41291000
2024-02-25T01:00:00Z,51486.85000000,51687.80000000,51438.88000000,51684.01000000,758.60335000
2024-02-25T02:00:00Z,51684.01000000,51898.72000000,51550.01000000,51602.05000000,1537.29766000
2024-02-25T03:00:00Z,51602.06000000,51628.42000000,51456.98000000,51624.99000000,815.40513000
2024-02-25T04:00:00Z,51625.00000000,51626.84000000,51509.00000000,51617.56000000,489.30627000
2024-02-25T05:00:00Z,51617.56000000,51726.23000000,51594.00000000,51669.32000000,539.24031000
2024-02-25T06:00:00Z,51669.33000000,51800.03000000,51630.31000000,51756.88000000,814.56168000
2024-02-25T07:00:00Z,51756.88000000,51774.21000000,51681.46000000,51719.28000000,464.24459000
2024-02-25T08:00:00Z,51719.28000000,51777.64000000,51582.81000000,51606.36000000,549.61285000
2024-02-25T09:00:00Z,51606.35000000,51650.00000000,51531.73000000,51639.51000000,534.85316000
2024-02-25T10:00:00Z,51639.51000000,51679.99000000,51556.67000000,51576.01000000,482.76694000
2024-02-25T11:00:00Z,51576.00000000,51700.01000000,51553.29000000,51645.00000000,430.95874000
2024-02-25T12:00:00Z,51645.00000000,51668.02000000,51585.36000000,51656.46000000,419.69797000
2024-02-25T13:00:00Z,51656.46000000,51693.59000000,51554.53000000,51612.92000000,580.57793000
2024-02-25T14:00:00Z,51612.93000000,51780.00000000,51600.00000000,51741.22000000,974.65689000
2024-02-25T15:00:00Z,51741.22000000,51759.73000000,51436.67000000,51524.02000000,1040.13411000
2024-02-25T16:00:00Z,51524.02000000,51626.00000000,51279.80000000,51378.48000000,1697.12356000
2024-02-25T17:00:00Z,51378.49000000,51578.44000000,51355.51000000,51559.97000000,602.51743000
2024-02-25T18:00:00Z,51559.97000000,51579.99000000,51498.83000000,51579.98000000,449.16565000
2024-02-25T19:00:00Z,51579.99000000,51738.85000000,51510.79000000,51672.96000000,1106.98198000
2024-02-25T20:00:00Z,51672.97000000,51958.55000000,51672.36000000,51735.80000000,1914.47478000
2024-02-25T21:00:00Z,51735.80000000,51780.00000000,51640.88000000,51766.84000000,709.78535000
2024-02-25T22:00:00Z,51766.83000000,51860.00000000,51655.76000000,51702.01000000,658.06329000
2024-02-25T23:00:00Z,51702.00000000,51803.26000000,51670.00000000,51728.85000000,661.18906000
2024-02-26T00:00:00Z,51728.85000000,51796.50000000,51621.06000000,51678.90000000,864.92638000
2024-02-26T01:00:00Z,51678.90000000,51698.33000000,51473.17000000,51473.17000000,670.35056000
2024-02-26T02:00:00Z,51473.17000000,51546.00000000,51428.00000000,51432.92000000,638.00952000
2024-02-26T03:00:00Z,51432.92000000,51564.00000000,51400.00000000,51555.59000000,676.28034000
2024-02-26T04:00:00Z,51555.60000000,51588.88000000,51473.42000000,51534.24000000,635.90437000
2024-02-26T05:00:00Z,51534.23000000,51598.06000000,51431.10000000,51569.00000000,713.52402000
2024-02-26T06:00:00Z,51569.00000000,51598.06000000,51484.21000000,51521.09000000,540.98926000
2024-02-26T07:00:00Z,51521.08000000,51521.09000000,51288.18000000,51293.26000000,1075.19329000
2024-02-26T08:00:00Z,51293.26000000,51374.66000000,51250.15000000,51250.16000000,1005.19285000
2024-02-26T09:00:00Z,51250.16000000,51304.23000000,50901.44000000,50949.99000000,2216.38332000
2024-02-26T10:00:00Z,50950.00000000,51246.00000000,50939.60000000,51170.58000000,1223.72120000
2024-02-26T11:00:00Z,51170.58000000,51217.66000000,51044.00000000,51090.01000000,983.60262000
2024-02-26T12:00:00Z,51090.01000000,51233.83000000,50957.00000000,51233.82000000,1118.15238000
2024-02-26T13:00:00Z,51233.82000000,51437.29000000,51203.95000000,51228.50000000,1307.24404000
2024-02-26T14:00:00Z,51228.49000000,51718.60000000,51207.40000000,51687.02000000,1712.59512000
2024-02-26T15:00:00Z,51687.03000000,52847.84000000,51642.08000000,52842.32000000,7623.17786000
2024-02-26T16:00:00Z,52842.33000000,53647.71000000,52753.28000000,53391.02000000,8320.61729000
2024-02-26T17:00:00Z,53391.01000000,53510.00000000,53214.26000000,53502.60000000,3096.24017000
2024-02-26T18:00:00Z,53502.61000000,53620.00000000,53294.39000000,53591.09000000,2385.79157000
2024-02-26T19:00:00Z,53591.10000000,54512.02000000,53428.16000000,54487.11000000,6128.73376000
2024-02-26T20:00:00Z,54487.10000000,54910.00000000,54258.20000000,54448.09000000,3908.33581000
2024-02-26T21:00:00Z,54448.10000000,54736.99000000,54313.65000000,54642.89000000,1747.16973000
2024-02-26T22:00:00Z,54642.89000000,54807.40000000,54460.01000000,54659.79000000,1504.84791000
2024-02-26T23:00:00Z,54659.78000000,54659.79000000,54439.42000000,54476.47000000,1159.73862000
2024-02-27T00:00:00Z,54476.48000000,54638.00000000,54450.13000000,54554.93000000,1454.51632000
2024-02-27T01:00:00Z,54554.94000000,55795.52000000,54508.78000000,55768.41000000,4439.81430000
2024-02-27T02:00:00Z,55768.41000000,57073.84000000,55592.00000000,56298.48000000,7459.10010000
2024-02-27T03:00:00Z,56298.47000000,56530.09000000,55517.44000000,55667.60000000,3869.26358000
2024-02-27T04:00:00Z,55667.60000000,56099.52000000,55576.12000000,55737.99000000,2251.01229000
2024-02-27T05:00:00Z,55738.00000000,56204.79000000,55645.53000000,56066.01000000,2044.18467000
2024-02-27T06:00:00Z,56066.02000000,56448.00000000,56046.00000000,56363.00000000,1772.35908000
2024-02-27T07:00:00Z,56363.01000000,56378.46000000,55805.00000000,56059.08000000,2745.85000000
2024-02-27T08:00:00Z,56059.09000000,56456.77000000,56023.80000000,56235.99000000,1911.14045000
2024-02-27T09:00:00Z,56235.99000000,56760.72000000,56161.60000000,56615.94000000,2740.72085000
2024-02-27T10:00:00Z,56615.94000000,56818.02000000,56366.06000000,56528.25000000,2118.45421000
2024-02-27T11:00:00Z,56528.25000000,56579.56000000,56321.10000000,56527.79000000,1491.81806000
2024-02-27T12:00:00Z,56527.80000000,57416.93000000,56457.26000000,56786.95000000,4439.13859000
2024-02-27T13:00:00Z,56786.96000000,57200.00000000,56605.93000000,57112.29000000,3976.70789000
2024-02-27T14:00:00Z,57112.28000000,57331.28000000,56650.01000000,56976.33000000,3558.50211000
2024-02-27T15:00:00Z,56976.34000000,57299.00000000,56600.00000000,56745.66000000,3729.37291000
2024-02-27T16:00:00Z,56745.66000000,57168.97000000,56209.00000000,57040.01000000,3704.59835000
2024-02-27T17:00:00Z,57040.01000000,57200.00000000,56660.00000000,56759.99000000,2208.82915000
2024-02-27T18:00:00Z,56759.99000000,57128.77000000,56676.00000000,57111.10000000,1626.52377000
2024-02-27T19:00:00Z,57111.11000000,57588.15000000,56916.01000000,57339.68000000,2462.06569000
2024-02-27T20:00:00Z,57339.69000000,57359.00000000,56681.51000000,56967.89000000,3409.81369000
2024-02-27T21:00:00Z,56967.89000000,57000.00000000,56579.84000000,56703.32000000,1680.98419000
2024-02-27T22:00:00Z,56703.33000000,56992.28000000,56634.28000000,56892.91000000,1041.03225000
2024-02-27T23:00:00Z,56892.91000000,57105.45000000,56843.46000000,57037.34000000,1059.18312000
2024-02-28T00:00:00Z,57037.35000000,57100.00000000,56868.72000000,57015.34000000,1079.69837000
2024-02-28T01:00:00Z,57015.34000000,57101.10000000,56763.86000000,56772.64000000,1052.14505000
2024-02-28T02:00:00Z,56772.64000000,56978.99000000,56691.85000000,56925.10000000,815.15100000
2024-02-28T03:00:00Z,56925.10000000,56964.09000000,56842.01000000,56916.40000000,656.54154000
2024-02-28T04:00:00Z,56916.39000000,57271.44000000,56894.16000000,57207.50000000,1183.99506000
2024-02-28T05:00:00Z,57207.49000000,57270.00000000,57057.14000000,57080.68000000,864.37314000
2024-02-28T06:00:00Z,57080.67000000,57193.17000000,57053.02000000,57185.81000000,789.28853000
2024-02-28T07:00:00Z,57185.81000000,58379.57000000,57144.99000000,58241.10000000,4799.22480000
2024-02-28T08:00:00Z,58241.09000000,59487.88000000,58171.11000000,59448.42000000,7089.75606000
2024-02-28T09:00:00Z,59448.42000000,59485.53000000,58840.81000000,59300.01000000,4715.06668000
2024-02-28T10:00:00Z,59300.01000000,59361.88000000,59010.01000000,59266.02000000,2990.37910000
2024-02-28T11:00:00Z,59266.01000000,59494.06000000,58500.00000000,58941.11000000,4429.00110000
2024-02-28T12:00:00Z,58941.11000000,59433.49000000,58891.10000000,59354.20000000,3196.55254000
2024-02-28T13:00:00Z,59354.20000000,60800.00000000,59309.73000000,60454.77000000,9734.41519000
2024-02-28T14:00:00Z,60454.76000000,61184.64000000,59800.00000000,60971.11000000,6963.38265000
2024-02-28T15:00:00Z,60971.11000000,61360.00000000,60591.10000000,60966.22000000,6474.56782000
2024-02-28T16:00:00Z,60966.22000000,62478.00000000,60931.10000000,62412.01000000,6697.27512000
2024-02-28T17:00:00Z,62412.00000000,64000.00000000,58700.00000000,61358.60000000,23219.73689000
2024-02-28T18:00:00Z,61358.59000000,61500.02000000,59200.00000000,61101.99000000,10065.13269000
2024-02-28T19:00:00Z,61102.00000000,61496.61000000,60610.00000000,60951.11000000,5433.42340000
2024-02-28T20:00:00Z,60951.10000000,61099.00000000,59932.20000000,60403.21000000,5777.99709000
2024-02-28T21:00:00Z,60403.20000000,60605.00000000,59797.57000000,60550.46000000,3503.10263000
2024-02-28T22:00:00Z,60550.45000000,61375.00000000,60496.38000000,61274.94000000,2774.81480000
2024-02-28T23:00:00Z,61274.95000000,62647.04000000,61264.34000000,62432.10000000,4458.44859000
2024-02-29T00:00:00Z,62432.11000000,62438.22000000,61200.11000000,61359.99000000,3948.13308000
2024-02-29T01:00:00Z,61359.99000000,61516.01000000,61021.10000000,61376.07000000,2210.56030000
2024-02-29T02:00:00Z,61376.06000000,61742.01000000,61081.10000000,61740.29000000,2054.49875000
2024-02-29T03:00:00Z,61740.30000000,61740.30000000,61132.05000000,61561.33000000,1870.83638000
2024-02-29T04:00:00Z,61561.34000000,62675.22000000,61334.59000000,62443.90000000,3155.73295000
2024-02-29T05:00:00Z,62443.89000000,62666.66000000,61811.10000000,62540.91000000,2736.43945000
2024-02-29T06:00:00Z,62540.91000000,63676.35000000,62481.10000000,63000.00000000,5844.62256000
2024-02-29T07:00:00Z,63000.01000000,63158.80000000,62548.75000000,62707.17000000,3194.35961000
2024-02-29T08:00:00Z,62707.17000000,63125.55000000,62318.38000000,62785.28000000,4218.17488000
2024-02-29T09:00:00Z,62785.29000000,62963.46000000,62259.14000000,62686.39000000,2290.03437000
2024-02-29T10:00:00Z,62686.38000000,62779.69000000,62111.10000000,62703.29000000,2306.60347000
2024-02-29T11:00:00Z,62703.29000000,63340.95000000,62602.00000000,62936.02000000,3103.99204000
2024-02-29T12:00:00Z,62936.02000000,63035.88000000,62300.14000000,62661.05000000,2788.00282000
2024-02-29T13:00:00Z,62661.05000000,63040.00000000,62051.11000000,62931.66000000,3475.87367000
2024-02-29T14:00:00Z,62931.66000000,63531.88000000,62761.10000000,62902.77000000,4152.43431000
2024-02-29T15:00:00Z,62902.78000000,63288.00000000,62566.01000000,62768.02000000,2560.43081000
2024-02-29T16:00:00Z,62768.01000000,62879.30000000,61501.00000000,62171.97000000,4698.89360000
2024-02-29T17:00:00Z,62171.97000000,62406.70000000,60501.00000000,60982.35000000,6167.99495000
2024-02-29T18:00:00Z,60982.35000000,61510.00000000,60364.70000000,60800.00000000,3616.29438000
2024-02-29T19:00:00Z,60799.99000000,61635.95000000,60605.93000000,61600.00000000,2635.05817000
2024-02-29T20:00:00Z,61599.99000000,62285.47000000,61521.73000000,61934.73000000,3755.22010000
2024-02-29T21:00:00Z,61934.73000000,61999.75000000,60584.07000000,61374.94000000,4040.13908000
2024-02-29T22:00:00Z,61374.95000000,61474.81000000,60672.82000000,61224.02000000,1906.56630000
2024-02-29T23:00:00Z,61224.02000000,61536.94000000,60998.51000000,61130.98000000,1694.18000000
2024-03-01T00:00:00Z,61130.99000000,61749.00000000,61126.00000000,61501.11000000,1867.79902000
2024-03-01T01:00:00Z,61501.10000000,61566.95000000,61125.40000000,61214.35000000,1552.25486000
2024-03-01T02:00:00Z,61214.35000000,61214.36000000,60781.25000000,60980.00000000,1600.91093000
2024-03-01T03:00:00Z,60980.00000000,61222.22000000,60777.00000000,61105.91000000,1324.61160000
2024-03-01T04:00:00Z,61105.92000000,61524.09000000,61061.11000000,61524.09000000,1067.62569000
2024-03-01T05:00:00Z,61524.08000000,61546.35000000,61295.86000000,61312.01000000,1069.63815000
2024-03-01T06:00:00Z,61312.01000000,61761.00000000,61201.10000000,61568.18000000,1365.94904000
2024-03-01T07:00:00Z,61568.18000000,61772.82000000,61383.98000000,61434.00000000,2216.19216000
2024-03-01T08:00:00Z,61434.00000000,62243.53000000,61316.67000000,61908.62000000,3160.49057000
2024-03-01T09:00:00Z,61908.63000000,62188.00000000,61854.33000000,62129.15000000,2033.75971000
2024-03-01T10:00:00Z,62129.14000000,62188.00000000,61859.29000000,61991.11000000,1774.98071000
2024-03-01T11:00:00Z,61991.10000000,62110.00000000,61811.01000000,61863.72000000,1483.04892000
2024-03-01T12:00:00Z,61863.71000000,62574.99000000,61855.10000000,62230.00000000,2151.79345000
2024-03-01T13:00:00Z,62230.01000000,62677.06000000,62193.55000000,62457.98000000,2025.40049000
2024-03-01T14:00:00Z,62457.99000000,62486.00000000,61525.66000000,61948.30000000,2949.09972000
2024-03-01T15:00:00Z,61948.30000000,62181.81000000,61131.01000000,61263.99000000,2844.98539000
2024-03-01T16:00:00Z,61263.98000000,61626.16000000,61234.00000000,61427.38000000,2229.98066000
2024-03-01T17:00:00Z,61427.38000000,62097.38000000,61427.37000000,61909.98000000,2176.74646000
2024-03-01T18:00:00Z,61909.98000000,62494.31000000,61822.82000000,62333.52000000,1934.99119000
2024-03-01T19:00:00Z,62333.52000000,62361.15000000,61964.11000000,62215.50000000,1544.63743000
2024-03-01T20:00:00Z,62215.51000000,63114.23000000,62215.50000000,62861.11000000,3527.43294000
2024-03-01T21:00:00Z,62861.10000000,62884.36000000,62258.83000000,62520.47000000,2697.92463000
2024-03-01T22:00:00Z,62520.47000000,62674.92000000,62318.32000000,62490.09000000,1654.26582000
2024-03-01T23:00:00Z,62490.09000000,62725.92000000,62355.30000000,62387.90000000,1483.41519000
2024-03-02T00:00:00Z,62387.90000000,62433.19000000,62101.78000000,62299.99000000,1575.64382000
2024-03-02T01:00:00Z,62300.00000000,62306.70000000,61950.00000000,62030.01000000,1247.33022000
2024-03-02T02:00:00Z,62030.01000000,62216.71000000,61949.03000000,62111.18000000,1153.46042000
2024-03-02T03:00:00Z,62111.18000000,62426.70000000,62025.00000000,62307.45000000,1465.47878000
2024-03-02T04:00:00Z,62307.45000000,62307.45000000,62035.95000000,62035.95000000,1147.71004000
2024-03-02T05:00:00Z,62035.95000000,62079.99000000,61752.30000000,62006.55000000,1415.65823000
2024-03-02T06:00:00Z,62006.55000000,62256.00000000,61930.00000000,61946.00000000,1059.53378000
2024-03-02T07:00:00Z,61946.00000000,62041.70000000,61790.98000000,62011.85000000,1223.45307000
2024-03-02T08:00:00Z,62011.85000000,62123.00000000,61779.61000000,61939.64000000,1101.87180000
2024-03-02T09:00:00Z,61939.63000000,61988.00000000,61641.10000000,61843.06000000,1462.58666000
2024-03-02T10:00:00Z,61843.07000000,62020.00000000,61806.46000000,61904.86000000,1000.91557000
2024-03-02T11:00:00Z,61904.86000000,62040.00000000,61826.32000000,61826.32000000,846.19786000
2024-03-02T12:00:00Z,61826.32000000,62167.79000000,61820.00000000,62078.66000000,829.02145000
2024-03-02T13:00:00Z,62078.66000000,62078.66000000,61803.69000000,61803.69000000,827.32071000
2024-03-02T14:00:00Z,61803.69000000,61911.41000000,61561.12000000,61840.12000000,1397.28357000
2024-03-02T15:00:00Z,61840.12000000,61981.71000000,61709.89000000,61771.20000000,1247.72511000
2024-03-02T16:00:00Z,61771.21000000,61873.69000000,61625.00000000,61854.29000000,1037.58442000
2024-03-02T17:00:00Z,61854.29000000,61944.97000000,61740.21000000,61761.11000000,688.29637000
2024-03-02T18:00:00Z,61761.12000000,62024.30000000,61741.10000000,62024.29000000,640.04591000
2024-03-02T19:00:00Z,62024.29000000,62114.77000000,61954.00000000,62114.77000000,1052.36125000
2024-03-02T20:00:00Z,62114.76000000,62200.00000000,61762.05000000,61873.20000000,1163.76246000
2024-03-02T21:00:00Z,61873.19000000,62020.35000000,61821.67000000,61898.73000000,631.68978000
2024-03-02T22:00:00Z,61898.73000000,61944.22000000,61685.01000000,61685.02000000,523.14956000
2024-03-02T23:00:00Z,61685.01000000,62071.76000000,61685.01000000,61987.28000000,796.65575000
2024-03-03T00:00:00Z,61987.28000000,61996.17000000,61731.71000000,61736.90000000,1008.13454000
2024-03-03T01:00:00Z,61736.90000000,61900.04000000,61733.25000000,61795.53000000,676.90745000
2024-03-03T02:00:00Z,61795.52000000,61808.74000000,61642.39000000,61808.73000000,625.62928000
2024-03-03T03:00:00Z,61808.73000000,62000.00000000,61785.86000000,61931.09000000,816.42779000
2024-03-03T04:00:00Z,61931.09000000,62100.00000000,61905.01000000,62016.25000000,778.99062000
2024-03-03T05:00:00Z,62016.25000000,62044.26000000,61900.00000000,61900.00000000,718.92986000
2024-03-03T06:00:00Z,61900.00000000,62043.00000000,61763.32000000,61865.01000000,802.59416000
2024-03-03T07:00:00Z,61865.01000000,61893.74000000,61320.00000000,61598.00000000,2530.94297000
2024-03-03T08:00:00Z,61598.01000000,61710.52000000,61393.83000000,61597.11000000,1475.61089000
2024-03-03T09:00:00Z,61597.10000000,61890.96000000,61556.00000000,61715.05000000,1108.63547000
2024-03-03T10:00:00Z,61715.05000000,61807.30000000,61606.68000000,61655.57000000,736.22474000
2024-03-03T11:00:00Z,61655.58000000,61831.10000000,61616.31000000,61831.10000000,622.38251000
2024-03-03T12:00:00Z,61831.10000000,62640.18000000,61821.09000000,62184.02000000,3311.36946000
2024-03-03T13:00:00Z,62184.03000000,62414.24000000,61954.20000000,62393.86000000,1497.09153000
2024-03-03T14:00:00Z,62393.85000000,62440.89000000,62102.68000000,62102.68000000,1115.32821000
2024-03-03T15:00:00Z,62102.68000000,62259.63000000,62102.68000000,62164.63000000,762.11595000
2024-03-03T16:00:00Z,62164.63000000,62861.91000000,62088.00000000,62845.15000000,2125.19567000
2024-03-03T17:00:00Z,62845.14000000,62989.00000000,62458.01000000,62570.01000000,1725.46165000
2024-03-03T18:00:00Z,62570.01000000,62863.68000000,62570.00000000,62811.10000000,957.69137000
2024-03-03T19:00:00Z,62811.10000000,62857.00000000,62653.89000000,62730.00000000,814.77449000
2024-03-03T20:00:00Z,62730.00000000,62859.99000000,62580.00000000,62757.99000000,843.07635000
2024-03-03T21:00:00Z,62758.00000000,62828.18000000,62623.76000000,62827.11000000,652.28143000
2024-03-03T22:00:00Z,62827.11000000,63231.88000000,62700.00000000,62827.43000000,2007.23490000
2024-03-03T23:00:00Z,62827.42000000,63151.65000000,62700.00000000,63113.97000000,1281.87774000
2024-03-04T00:00:00Z,63113.97000000,64268.24000000,62300.00000000,63459.30000000,6837.79487000
2024-03-04T01:00:00Z,63459.29000000,63833.02000000,63251.10000000,63512.41000000,2273.39458000
2024-03-04T02:00:00Z,63512.42000000,63881.66000000,63100.00000000,63687.43000000,2060.45884000
2024-03-04T03:00:00Z,63687.42000000,63754.45000000,63355.00000000,63458.72000000,1392.06462000
2024-03-04T04:00:00Z,63458.71000000,63775.00000000,63366.31000000,63634.36000000,1288.33608000
2024-03-04T05:00:00Z,63634.36000000,63706.00000000,63210.00000000,63358.00000000,1306.44986000
2024-03-04T06:00:00Z,63357.99000000,63698.00000000,63326.98000000,63689.17000000,1230.33362000
2024-03-04T07:00:00Z,63689.16000000,64300.00000000,63480.64000000,64066.62000000,2829.84281000
2024-03-04T08:00:00Z,64066.62000000,65500.00000000,64000.11000000,65241.08000000,7633.20730000
2024-03-04T09:00:00Z,65241.08000000,65555.00000000,64625.59000000,65290.29000000,4013.01109000
2024-03-04T10:00:00Z,65290.29000000,65311.10000000,64723.50000000,65068.18000000,2646.38577000
2024-03-04T11:00:00Z,65068.18000000,65230.00000000,64812.90000000,65230.00000000,1709.87660000
2024-03-04T12:00:00Z,65229.99000000,65250.36000000,64868.66000000,65123.70000000,1899.61437000
2024-03-04T13:00:00Z,65123.69000000,65646.11000000,65039.66000000,65111.21000000,3081.38545000
2024-03-04T14:00:00Z,65111.22000000,66382.19000000,64533.67000000,66169.41000000,7877.21398000
2024-03-04T15:00:00Z,66169.41000000,66580.29000000,65843.17000000,66451.65000000,3831.58850000
2024-03-04T16:00:00Z,66451.65000000,66800.00000000,66039.31000000,66539.82000000,4000.91641000
2024-03-04T17:00:00Z,66539.82000000,67524.99000000,66160.23000000,66858.74000000,6258.88253000
2024-03-04T18:00:00Z,66858.74000000,67080.00000000,66100.00000000,66617.57000000,4074.68710000
2024-03-04T19:00:00Z,66617.57000000,67450.00000000,66320.60000000,67405.26000000,2978.62021000
2024-03-04T20:00:00Z,67405.25000000,67770.00000000,67062.50000000,67427.16000000,4119.33281000
2024-03-04T21:00:00Z,67427.17000000,67644.59000000,66755.79000000,67404.86000000,3148.03637000
2024-03-04T22:00:00Z,67404.85000000,67929.12000000,67245.28000000,67929.11000000,2870.13572000
2024-03-04T23:00:00Z,67929.12000000,68499.00000000,67448.92000000,68245.71000000,5473.59056000
2024-03-05T00:00:00Z,68245.71000000,68443.72000000,67767.76000000,68034.01000000,2649.22191000
2024-03-05T01:00:00Z,68034.00000000,68686.80000000,67981.10000000,68506.04000000,3390.31171000
2024-03-05T02:00:00Z,68506.05000000,68543.08000000,67741.55000000,68137.81000000,3067.68382000
2024-03-05T03:00:00Z,68137.81000000,68223.30000000,67535.31000000,68113.94000000,2341.04574000
2024-03-05T04:00:00Z,68113.95000000,68384.54000000,66785.31000000,67326.17000000,4171.83631000
2024-03-05T05:00:00Z,67326.18000000,67326.18000000,65089.00000000,66961.09000000,6913.37723000
2024-03-05T06:00:00Z,66961.10000000,67465.20000000,66624.36000000,67286.80000000,2731.31903000
2024-03-05T07:00:00Z,67286.80000000,67344.89000000,66100.00000000,66129.64000000,3963.75801000
2024-03-05T08:00:00Z,66129.64000000,66884.72000000,65515.15000000,66866.75000000,4551.09554000
2024-03-05T09:00:00Z,66866.75000000,66880.65000000,66052.00000000,66407.89000000,2460.51292000
2024-03-05T10:00:00Z,66407.88000000,67150.00000000,66407.88000000,66810.18000000,2584.25114000
2024-03-05T11:00:00Z,66810.18000000,66895.61000000,66490.00000000,66656.31000000,2343.04903000
2024-03-05T12:00:00Z,66656.32000000,67326.52000000,66581.81000000,67325.03000000,2473.50857000
2024-03-05T13:00:00Z,67325.03000000,68025.94000000,67312.38000000,67770.01000000,3554.04580000
2024-03-05T14:00:00Z,67770.02000000,68789.00000000,67244.00000000,68710.41000000,5657.66389000
2024-03-05T15:00:00Z,68710.41000000,69000.00000000,66370.00000000,66773.05000000,10823.01260000
2024-03-05T16:00:00Z,66773.05000000,66996.36000000,64539.21000000,65495.98000000,12086.98528000
2024-03-05T17:00:00Z,65495.98000000,65628.16000000,63370.56000000,65575.20000000,9821.42480000
2024-03-05T18:00:00Z,65575.21000000,65575.21000000,63677.96000000,63988.37000000,5155.40483000
2024-03-05T19:00:00Z,63988.37000000,64244.49000000,59005.00000000,61410.98000000,15733.56404000
2024-03-05T20:00:00Z,61410.98000000,63158.52000000,61167.91000000,61886.32000000,12043.45143000
2024-03-05T21:00:00Z,61886.32000000,63979.99000000,61870.00000000,63264.24000000,7553.16632000
2024-03-05T22:00:00Z,63264.23000000,63574.26000000,62471.62000000,63397.99000000,3203.21560000
2024-03-05T23:00:00Z,63397.99000000,64367.27000000,63240.96000000,63724.01000000,3423.87575000
2024-03-06T00:00:00Z,63724.01000000,64146.45000000,63390.00000000,63429.18000000,3066.23463000
2024-03-06T01:00:00Z,63429.17000000,63780.06000000,63088.25000000,63108.60000000,2268.11540000
2024-03-06T02:00:00Z,63108.60000000,63500.00000000,62779.14000000,62795.00000000,2225.54943000
2024-03-06T03:00:00Z,62795.00000000,63373.14000000,62785.97000000,63263.21000000,1935.98746000
2024-03-06T04:00:00Z,63263.22000000,64611.97000000,63263.21000000,64607.98000000,2668.36023000
2024-03-06T05:00:00Z,64607.97000000,66414.79000000,64259.33000000,66406.80000000,6168.77268000
2024-03-06T06:00:00Z,66406.80000000,66524.00000000,65711.22000000,65737.22000000,3367.45553000
2024-03-06T07:00:00Z,65737.22000000,66761.10000000,65500.00000000,66676.46000000,3003.57218000
2024-03-06T08:00:00Z,66676.46000000,67641.10000000,66568.03000000,66941.23000000,5442.97077000
2024-03-06T09:00:00Z,66941.22000000,67361.10000000,66041.63000000,66120.14000000,3783.99389000
2024-03-06T10:00:00Z,66120.15000000,66764.70000000,66109.89000000,66660.36000000,2350.22309000
2024-03-06T11:00:00Z,66660.36000000,67323.00000000,66397.01000000,67301.31000000,2739.68970000
2024-03-06T12:00:00Z,67301.31000000,67592.31000000,64664.92000000,65929.50000000,6219.00753000
2024-03-06T13:00:00Z,65929.50000000,66639.06000000,65316.19000000,66327.48000000,4751.28348000
2024-03-06T14:00:00Z,66327.47000000,67219.77000000,65870.00000000,65896.75000000,5715.40860000
2024-03-06T15:00:00Z,65896.76000000,66680.91000000,65280.99000000,66481.12000000,4714.26463000
2024-03-06T16:00:00Z,66481.12000000,67120.04000000,66221.10000000,67086.00000000,2776.03654000
2024-03-06T17:00:00Z,67086.01000000,67347.00000000,66647.19000000,67324.84000000,2524.22632000
2024-03-06T18:00:00Z,67324.84000000,67465.00000000,66610.00000000,67084.18000000,2652.16765000
2024-03-06T19:00:00Z,67084.18000000,67230.00000000,66624.39000000,66739.48000000,2722.33168000
2024-03-06T20:00:00Z,66739.49000000,67363.58000000,66661.10000000,66888.24000000,2582.13217000
2024-03-06T21:00:00Z,66888.23000000,66888.24000000,66280.00000000,66417.72000000,2069.90107000
2024-03-06T22:00:00Z,66417.72000000,66482.54000000,65896.25000000,65916.53000000,1354.44475000
2024-03-06T23:00:00Z,65916.53000000,66256.34000000,65714.17000000,66074.04000000,1636.72550000
2024-03-07T00:00:00Z,66074.04000000,66250.06000000,65700.79000000,66198.31000000,1799.35933000
2024-03-07T01:00:00Z,66198.30000000,66430.00000000,65551.00000000,66410.00000000,2168.47032000
2024-03-07T02:00:00Z,66409.99000000,66467.88000000,65870.00000000,66101.10000000,2187.63959000
2024-03-07T03:00:00Z,66101.10000000,66374.70000000,65836.86000000,65847.29000000,1593.53388000
2024-03-07T04:00:00Z,65847.30000000,66164.75000000,65657.59000000,65843.57000000,1430.36769000
2024-03-07T05:00:00Z,65843.58000000,66123.06000000,65662.72000000,65800.00000000,1692.79854000
2024-03-07T06:00:00Z,65800.00000000,66192.40000000,65675.10000000,65871.97000000,1682.08430000
2024-03-07T07:00:00Z,65871.98000000,66469.05000000,65781.10000000,66387.78000000,1873.85566000
2024-03-07T08:00:00Z,66387.77000000,67014.00000000,66341.11000000,66665.41000000,2797.61595000
2024-03-07T09:00:00Z,66665.40000000,66893.69000000,66523.14000000,66710.32000000,1520.84473000
2024-03-07T10:00:00Z,66710.33000000,66944.15000000,66634.74000000,66898.35000000,1567.93800000
2024-03-07T11:00:00Z,66898.35000000,67275.20000000,66456.27000000,66905.34000000,2676.26362000
2024-03-07T12:00:00Z,66905.34000000,67113.90000000,66575.52000000,66712.44000000,2108.22933000
2024-03-07T13:00:00Z,66712.43000000,67010.00000000,66592.52000000,66905.69000000,1732.19859000
2024-03-07T14:00:00Z,66905.68000000,67899.00000000,66541.10000000,67024.98000000,6281.95117000
2024-03-07T15:00:00Z,67024.99000000,67579.31000000,66750.00000000,67260.01000000,3483.08736000
2024-03-07T16:00:00Z,67260.01000000,67466.07000000,67012.00000000,67304.02000000,2585.16985000
2024-03-07T17:00:00Z,67304.01000000,67980.00000000,67224.46000000,67592.92000000,3522.57966000
2024-03-07T18:00:00Z,67592.92000000,67770.00000000,67416.01000000,67601.21000000,1720.96441000
2024-03-07T19:00:00Z,67601.21000000,67848.48000000,67215.70000000,67498.02000000,1718.73107000
2024-03-07T20:00:00Z,67498.03000000,67914.74000000,67461.10000000,67537.67000000,2307.37830000
2024-03-07T21:00:00Z,67537.67000000,67574.62000000,67061.10000000,67239.67000000,2266.66220000
2024-03-07T22:00:00Z,67239.68000000,67481.10000000,66970.02000000,67102.18000000,1093.59733000
2024-03-07T23:00:00Z,67102.19000000,67167.67000000,66810.32000000,66823.17000000,1248.56602000
2024-03-08T00:00:00Z,66823.18000000,67107.49000000,66757.00000000,67072.65000000,1571.12888000
2024-03-08T01:00:00Z,67072.65000000,67256.18000000,66810.89000000,66936.02000000,1716.73892000
2024-03-08T02:00:00Z,66936.01000000,67120.13000000,66833.47000000,67117.37000000,1145.22030000
2024-03-08T03:00:00Z,67117.37000000,67254.22000000,66988.96000000,67156.09000000,1203.04321000
2024-03-08T04:00:00Z,67156.09000000,67238.20000000,66995.00000000,67069.22000000,818.14492000
2024-03-08T05:00:00Z,67069.22000000,67103.67000000,66782.22000000,66909.99000000,1004.97620000
2024-03-08T06:00:00Z,66910.00000000,67590.00000000,66841.10000000,67563.60000000,1501.80353000
2024-03-08T07:00:00Z,67563.60000000,67640.45000000,67153.74000000,67223.02000000,2203.91313000
2024-03-08T08:00:00Z,67223.02000000,67390.00000000,67038.71000000,67208.55000000,1261.19908000
2024-03-08T09:00:00Z,67208.56000000,67395.00000000,67040.76000000,67121.39000000,1933.98727000
2024-03-08T10:00:00Z,67121.39000000,67396.00000000,67100.00000000,67336.66000000,1266.13014000
2024-03-08T11:00:00Z,67336.66000000,67753.40000000,67258.38000000,67741.21000000,1946.23046000
2024-03-08T12:00:00Z,67741.22000000,67775.04000000,67366.24000000,67455.22000000,1386.70365000
2024-03-08T13:00:00Z,67455.23000000,67878.00000000,67300.00000000,67770.96000000,2251.83044000
2024-03-08T14:00:00Z,67770.95000000,68600.00000000,67550.85000000,68422.00000000,5385.38889000
2024-03-08T15:00:00Z,68422.00000000,69990.00000000,67150.00000000,67617.60000000,13730.75600200
2024-03-08T16:00:00Z,67617.60000000,67932.99000000,66082.66000000,67810.60000000,10962.36027000
2024-03-08T17:00:00Z,67810.59000000,68797.74000000,67658.25000000,68340.01000000,4747.07409000
2024-03-08T18:00:00Z,68340.00000000,68799.00000000,68065.82000000,68578.01000000,3564.83146000
2024-03-08T19:00:00Z,68578.01000000,68864.00000000,68116.84000000,68863.99000000,3110.63563000
2024-03-08T20:00:00Z,68864.00000000,69379.00000000,68816.00000000,69071.99000000,4987.21606000
2024-03-08T21:00:00Z,69071.99000000,69181.10000000,67807.58000000,68182.39000000,3535.20146000
2024-03-08T22:00:00Z,68182.38000000,68428.57000000,67997.21000000,68102.06000000,1760.36220000
2024-03-08T23:00:00Z,68102.07000000,68387.40000000,68040.00000000,68124.19000000,1267.05665000
2024-03-09T00:00:00Z,68124.20000000,68279.00000000,68003.86000000,68100.01000000,1280.73695000
2024-03-09T01:00:00Z,68100.00000000,68158.35000000,67861.10000000,67910.95000000,1057.65640000
2024-03-09T02:00:00Z,67910.94000000,68210.00000000,67876.90000000,68156.02000000,937.27586000
2024-03-09T03:00:00Z,68156.02000000,68275.74000000,68080.08000000,68247.34000000,700.75943000
2024-03-09T04:00:00Z,68247.34000000,68370.00000000,68133.27000000,68301.11000000,782.48118000
2024-03-09T05:00:00Z,68301.11000000,68301.11000000,68150.00000000,68244.98000000,664.69746000
2024-03-09T06:00:00Z,68244.99000000,68520.00000000,68150.26000000,68426.01000000,1042.78077000
2024-03-09T07:00:00Z,68426.01000000,68541.10000000,68280.00000000,68288.64000000,901.84018000
2024-03-09T08:00:00Z,68288.64000000,68453.12000000,68288.63000000,68300.00000000,1063.50663000
2024-03-09T09:00:00Z,68300.00000000,68365.64000000,68155.81000000,68301.09000000,941.59410000
2024-03-09T10:00:00Z,68301.10000000,68307.10000000,67933.93000000,68177.99000000,1444.51054000
2024-03-09T11:00:00Z,68177.99000000,68347.07000000,68138.00000000,68299.99000000,716.65283000
2024-03-09T12:00:00Z,68300.00000000,68488.00000000,68200.00000000,68475.18000000,889.40612000
2024-03-09T13:00:00Z,68475.18000000,68521.10000000,68319.99000000,68345.57000000,709.15742000
2024-03-09T14:00:00Z,68345.56000000,68395.36000000,68100.01000000,68138.68000000,937.08570000
2024-03-09T15:00:00Z,68138.69000000,68350.00000000,68138.68000000,68288.20000000,618.47017000
2024-03-09T16:00:00Z,68288.19000000,68315.94000000,68000.00000000,68104.59000000,1025.13403000
2024-03-09T17:00:00Z,68104.59000000,68232.04000000,68000.00000000,68153.86000000,820.69227000
2024-03-09T18:00:00Z,68153.86000000,68323.29000000,68121.69000000,68250.01000000,607.71756000
2024-03-09T19:00:00Z,68250.00000000,68325.00000000,68146.78000000,68193.51000000,626.28102000
2024-03-09T20:00:00Z,68193.51000000,68350.00000000,68193.51000000,68333.24000000,561.34762000
2024-03-09T21:00:00Z,68333.24000000,68425.70000000,68209.59000000,68376.13000000,561.27398000
2024-03-09T22:00:00Z,68376.13000000,68411.32000000,68316.41000000,68364.99000000,401.52598000
2024-03-09T23:00:00Z,68364.99000000,68433.17000000,68272.00000000,68313.27000000,580.31323000
2024-03-10T00:00:00Z,68313.28000000,68449.18000000,68200.00000000,68343.12000000,1024.01076000
2024-03-10T01:00:00Z,68343.11000000,69216.00000000,68314.30000000,68939.55000000,3562.63443000
2024-03-10T02:00:00Z,68939.56000000,69190.00000000,68769.57000000,68822.58000000,1408.07978000
2024-03-10T03:00:00Z,68822.57000000,69140.00000000,68710.00000000,69136.79000000,1149.35533000
2024-03-10T04:00:00Z,69136.78000000,69659.47000000,69024.62000000,69403.81000000,2500.43980000
2024-03-10T05:00:00Z,69403.82000000,69510.05000000,69192.98000000,69330.32000000,1172.14377000
2024-03-10T06:00:00Z,69330.33000000,69379.25000000,69071.69000000,69325.92000000,793.78341000
2024-03-10T07:00:00Z,69325.91000000,69439.38000000,69242.01000000,69347.16000000,930.64828000
2024-03-10T08:00:00Z,69347.16000000,69686.94000000,69331.48000000,69635.35000000,1253.63481000
2024-03-10T09:00:00Z,69635.35000000,69844.00000000,69162.00000000,69776.31000000,3085.56728000
2024-03-10T10:00:00Z,69776.32000000,69887.61000000,69550.00000000,69750.08000000,2093.15768000
2024-03-10T11:00:00Z,69750.08000000,69835.75000000,69359.41000000,69568.46000000,1279.82742000
2024-03-10T12:00:00Z,69568.45000000,69833.33000000,69421.87000000,69777.94000000,2014.53386000
2024-03-10T13:00:00Z,69777.93000000,69820.00000000,69118.00000000,69313.56000000,1985.71015000
2024-03-10T14:00:00Z,69313.55000000,69468.00000000,68641.10000000,69270.00000000,2486.59054000
2024-03-10T15:00:00Z,69269.99000000,69415.59000000,68965.66000000,69194.83000000,1753.75660000
2024-03-10T16:00:00Z,69194.83000000,69768.58000000,69157.55000000,69426.42000000,1701.69720000
2024-03-10T17:00:00Z,69426.41000000,69600.00000000,69350.00000000,69413.53000000,769.54221000
2024-03-10T18:00:00Z,69413.53000000,69471.56000000,69186.02000000,69233.97000000,772.44505000
2024-03-10T19:00:00Z,69233.96000000,69447.59000000,69111.89000000,69400.19000000,762.67126000
2024-03-10T20:00:00Z,69400.19000000,69470.01000000,69241.10000000,69310.00000000,627.38238000
2024-03-10T21:00:00Z,69310.00000000,69386.45000000,69086.77000000,69100.00000000,810.89014000
2024-03-10T22:00:00Z,69100.00000000,69100.00000000,68094.75000000,68418.59000000,2817.74576000
2024-03-10T23:00:00Z,68418.59000000,68998.71000000,68357.49000000,68955.88000000,1648.42045000
2024-03-11T00:00:00Z,68955.88000000,68955.90000000,67024.96000000,68095.99000000,3708.50261000
2024-03-11T01:00:00Z,68095.99000000,68376.00000000,67584.20000000,68299.17000000,2744.35471000
2024-03-11T02:00:00Z,68299.17000000,68518.30000000,68255.47000000,68314.71000000,1422.53129000
2024-03-11T03:00:00Z,68314.72000000,68632.32000000,68283.60000000,68604.42000000,1247.20906000
2024-03-11T04:00:00Z,68604.41000000,68812.21000000,68468.95000000,68540.12000000,989.58152000
2024-03-11T05:00:00Z,68540.12000000,68807.44000000,68501.10000000,68550.40000000,1079.87982000
2024-03-11T06:00:00Z,68550.40000000,69371.81000000,68445.91000000,69319.79000000,1555.67402000
2024-03-11T07:00:00Z,69319.79000000,71298.00000000,69275.61000000,71019.99000000,13723.06056800
2024-03-11T08:00:00Z,71019.99000000,71658.00000000,71019.99000000,71190.00000000,5120.82840000
2024-03-11T09:00:00Z,71190.00000000,71831.99000000,71150.00000000,71770.00000000,3175.88719800
2024-03-11T10:00:00Z,71770.01000000,71807.96000000,71461.10000000,71504.01000000,2995.23432000
2024-03-11T11:00:00Z,71504.00000000,72226.30000000,71270.09000000,71487.20000000,4731.40015000
2024-03-11T12:00:00Z,71487.21000000,72167.38000000,71304.20000000,71968.27000000,3449.28877000
2024-03-11T13:00:00Z,71968.26000000,72380.00000000,71336.00000000,71503.97000000,4484.70852500
2024-03-11T14:00:00Z,71503.97000000,72353.54000000,71492.00000000,72170.68000000,3581.93900000
2024-03-11T15:00:00Z,72170.69000000,72661.10000000,72000.00000000,72010.00000000,4065.93597300
2024-03-11T16:00:00Z,72010.01000000,72600.00000000,71795.29000000,72501.10000000,3755.89774000
2024-03-11T17:00:00Z,72501.11000000,72520.00000000,72223.00000000,72481.11000000,2169.69878000
2024-03-11T18:00:00Z,72481.11000000,72598.69000000,72180.00000000,72480.00000000,1980.14866000
2024-03-11T19:00:00Z,72479.99000000,72800.00000000,71760.00000000,71970.00000000,3697.37054200
2024-03-11T20:00:00Z,71970.00000000,72261.10000000,71836.36000000,72115.76000000,1276.43156000
2024-03-11T21:00:00Z,72115.77000000,72594.13000000,72038.31000000,72517.32000000,1118.88133000
2024-03-11T22:00:00Z,72517.32000000,72750.00000000,72392.57000000,72441.11000000,1838.21988000
2024-03-11T23:00:00Z,72441.10000000,72444.66000000,72053.94000000,72078.10000000,1380.16130000
2024-03-12T00:00:00Z,72078.10000000,72324.00000000,71985.89000000,71988.27000000,1750.00903000
2024-03-12T01:00:00Z,71988.28000000,72470.41000000,71900.00000000,72433.34000000,1273.21859000
2024-03-12T02:00:00Z,72433.34000000,72433.35000000,72138.64000000,72183.97000000,982.17412000
2024-03-12T03:00:00Z,72183.97000000,72241.85000000,71400.00000000,71619.00000000,2936.01799000
2024-03-12T04:00:00Z,71619.00000000,72083.63000000,71301.00000000,71809.30000000,2011.96529000
2024-03-12T05:00:00Z,71809.30000000,72071.42000000,71710.00000000,71981.11000000,1004.61123000
2024-03-12T06:00:00Z,71981.10000000,72272.08000000,71441.10000000,72266.47000000,2106.13374000
2024-03-12T07:00:00Z,72266.48000000,72355.15000000,72021.11000000,72121.10000000,1799.89634000
2024-03-12T08:00:00Z,72121.10000000,72188.46000000,71388.00000000,71677.32000000,2545.71796000
2024-03-12T09:00:00Z,71677.32000000,72085.06000000,71677.32000000,71936.00000000,1506.34154000
2024-03-12T10:00:00Z,71936.00000000,71999.00000000,71647.14000000,71864.00000000,1230.12388000
2024-03-12T11:00:00Z,71864.00000000,72376.00000000,71860.00000000,72023.82000000,2041.24641000
2024-03-12T12:00:00Z,72023.82000000,72294.17000000,71470.00000000,72193.19000000,3693.00739000
2024-03-12T13:00:00Z,72193.18000000,72333.02000000,71704.56000000,72293.80000000,3043.68888000
2024-03-12T14:00:00Z,72293.81000000,73000.00000000,71620.00000000,71666.79000000,6222.25588100
2024-03-12T15:00:00Z,71666.80000000,72083.61000000,70800.00000000,71703.41000000,4157.52610000
2024-03-12T16:00:00Z,71703.41000000,71829.11000000,70114.34000000,70507.37000000,6044.69761000
2024-03-12T17:00:00Z,70507.38000000,71121.10000000,68620.82000000,71092.55000000,10154.33622000
2024-03-12T18:00:00Z,71092.55000000,71497.49000000,70500.00000000,71410.21000000,4234.63625000
2024-03-12T19:00:00Z,71410.20000000,71655.00000000,71206.79000000,71349.99000000,3582.23757000
2024-03-12T20:00:00Z,71349.99000000,71350.00000000,70621.10000000,71037.63000000,2208.27617000
2024-03-12T21:00:00Z,71037.64000000,71120.55000000,70607.86000000,70845.21000000,1423.82858000
2024-03-12T22:00:00Z,70845.22000000,71270.82000000,70680.51000000,71162.01000000,1530.75726000
2024-03-12T23:00:00Z,71162.01000000,71550.05000000,71034.01000000,71452.01000000,1300.84266000
2024-03-13T00:00:00Z,71452.00000000,71745.00000000,71333.31000000,71410.68000000,1495.57601000
2024-03-13T01:00:00Z,71410.69000000,72100.00000000,71369.90000000,72005.37000000,2211.59670000
2024-03-13T02:00:00Z,72005.38000000,72079.80000000,71867.06000000,71980.00000000,1166.63479000
2024-03-13T03:00:00Z,71980.00000000,72217.79000000,71881.42000000,72057.43000000,1493.33600000
2024-03-13T04:00:00Z,72057.43000000,72210.00000000,71920.00000000,72210.00000000,1233.40885000
2024-03-13T05:00:00Z,72209.99000000,72210.00000000,71982.25000000,72152.39000000,1033.23632000
2024-03-13T06:00:00Z,72152.39000000,72724.94000000,72110.00000000,72708.00000000,2518.91366000
2024-03-13T07:00:00Z,72707.99000000,73182.22000000,72636.08000000,72855.16000000,3660.42866200
2024-03-13T08:00:00Z,72855.15000000,73650.25000000,72820.00000000,73433.50000000,3835.63920500
2024-03-13T09:00:00Z,73433.49000000,73607.80000000,73131.00000000,73306.52000000,2238.63114000
2024-03-13T10:00:00Z,73306.52000000,73387.21000000,73121.10000000,73256.02000000,1652.80549000
2024-03-13T11:00:00Z,73256.01000000,73481.31000000,73041.43000000,73065.41000000,1861.37304000
2024-03-13T12:00:00Z,73065.40000000,73180.00000000,72456.00000000,72810.00000000,2752.30906000
2024-03-13T13:00:00Z,72809.99000000,73030.74000000,71634.52000000,72183.65000000,4251.74002000
2024-03-13T14:00:00Z,72183.62000000,72910.38000000,72001.10000000,72352.80000000,4166.24396000
2024-03-13T15:00:00Z,72352.79000000,73091.41000000,72289.03000000,72634.95000000,2869.36650000
2024-03-13T16:00:00Z,72634.95000000,73000.00000000,72350.00000000,72995.91000000,2373.69295000
2024-03-13T17:00:00Z,72995.92000000,73180.00000000,72660.99000000,72820.61000000,2271.00216000
2024-03-13T18:00:00Z,72820.61000000,73263.99000000,72721.16000000,73133.59000000,1790.66545000
2024-03-13T19:00:00Z,73133.59000000,73394.19000000,72778.88000000,73349.24000000,2292.49767000
2024-03-13T20:00:00Z,73349.24000000,73410.22000000,72924.26000000,73088.73000000,1710.96812000
2024-03-13T21:00:00Z,73088.72000000,73361.01000000,72940.00000000,73240.20000000,1365.52315000
2024-03-13T22:00:00Z,73240.21000000,73268.00000000,72788.15000000,72951.83000000,1367.68486000
2024-03-13T23:00:00Z,72951.82000000,73129.80000000,72896.46000000,73072.41000000,1046.43788000
2024-03-14T00:00:00Z,73072.40000000,73169.44000000,72759.07000000,72842.77000000,1465.88043000
2024-03-14T01:00:00Z,72842.77000000,72950.57000000,72500.00000000,72928.31000000,1521.17431000
2024-03-14T02:00:00Z,72928.32000000,73220.00000000,72817.40000000,73012.73000000,1143.35163000
2024-03-14T03:00:00Z,73012.74000000,73288.30000000,73009.11000000,73267.08000000,1339.16682000
2024-03-14T04:00:00Z,73267.08000000,73658.00000000,72680.00000000,72961.08000000,2576.90621000
2024-03-14T05:00:00Z,72961.09000000,73172.00000000,72734.22000000,73143.98000000,1340.50391000
2024-03-14T06:00:00Z,73143.98000000,73600.00000000,73123.70000000,73577.35000000,1762.24807000
2024-03-14T07:00:00Z,73577.35000000,73777.00000000,73100.00000000,73224.00000000,2055.24515600
2024-03-14T08:00:00Z,73224.00000000,73528.11000000,73215.14000000,73321.11000000,1350.64077000
2024-03-14T09:00:00Z,73321.10000000,73500.00000000,73156.00000000,73329.12000000,1207.94812000
2024-03-14T10:00:00Z,73329.11000000,73335.96000000,72861.10000000,72983.59000000,1673.26175000
2024-03-14T11:00:00Z,72983.59000000,73025.00000000,72627.00000000,72884.00000000,2175.48588000
2024-03-14T12:00:00Z,72884.01000000,73047.16000000,72401.00000000,72829.93000000,2804.44400000
2024-03-14T13:00:00Z,72829.94000000,72919.60000000,71360.80000000,71884.81000000,5768.30229000
2024-03-14T14:00:00Z,71884.82000000,72536.03000000,71215.00000000,71690.00000000,4628.07838000
2024-03-14T15:00:00Z,71689.99000000,72068.96000000,70543.64000000,70844.01000000,5356.46500000
2024-03-14T16:00:00Z,70844.00000000,71445.00000000,69880.00000000,71337.63000000,6369.77109000
2024-03-14T17:00:00Z,71337.64000000,71458.00000000,70700.00000000,71036.01000000,2805.73236000
2024-03-14T18:00:00Z,71036.00000000,71036.01000000,69309.38000000,70098.50000000,4914.97579000
2024-03-14T19:00:00Z,70098.49000000,70441.10000000,68555.00000000,69415.09000000,8830.94657000
2024-03-14T20:00:00Z,69415.09000000,71199.00000000,69303.75000000,70744.90000000,4740.36995000
2024-03-14T21:00:00Z,70744.90000000,71132.73000000,70288.20000000,71105.58000000,2038.37667000
2024-03-14T22:00:00Z,71105.58000000,71666.38000000,71083.34000000,71539.20000000,2572.93661000
2024-03-14T23:00:00Z,71539.21000000,71709.90000000,71380.00000000,71388.94000000,1315.41698000
2024-03-15T00:00:00Z,71388.94000000,72419.71000000,71254.00000000,71910.01000000,2801.58344000
2024-03-15T01:00:00Z,71910.01000000,72068.42000000,71604.01000000,71631.99000000,1678.00740000
2024-03-15T02:00:00Z,71632.00000000,71749.48000000,68000.00000000,69035.38000000,7541.34387000
2024-03-15T03:00:00Z,69035.39000000,69440.91000000,66699.00000000,68224.01000000,10401.92310000
2024-03-15T04:00:00Z,68224.01000000,68514.61000000,66904.98000000,67447.99000000,6549.76551000
2024-03-15T05:00:00Z,67447.98000000,68250.00000000,67126.81000000,67441.10000000,4175.62126000
2024-03-15T06:00:00Z,67441.09000000,68680.00000000,67426.29000000,68670.00000000,3626.03449000
2024-03-15T07:00:00Z,68669.99000000,68861.10000000,68130.25000000,68448.29000000,2877.87988000
2024-03-15T08:00:00Z,68448.28000000,68600.00000000,67024.00000000,67066.26000000,4991.73886000
2024-03-15T09:00:00Z,67066.25000000,68103.44000000,65600.00000000,67799.31000000,9793.57069000
2024-03-15T10:00:00Z,67799.31000000,68100.00000000,67230.55000000,67250.78000000,3679.09132000
2024-03-15T11:00:00Z,67250.79000000,67888.09000000,66740.01000000,67757.76000000,4257.21109000
2024-03-15T12:00:00Z,67757.75000000,68059.99000000,67475.00000000,67915.01000000,2510.65078000
2024-03-15T13:00:00Z,67915.00000000,68667.61000000,67424.79000000,68474.26000000,3842.23337000
2024-03-15T14:00:00Z,68474.26000000,68630.90000000,67868.01000000,68622.81000000,3300.87114000
2024-03-15T15:00:00Z,68622.81000000,68746.69000000,68121.10000000,68157.07000000,2827.96830000
2024-03-15T16:00:00Z,68157.07000000,68424.46000000,67520.01000000,67893.77000000,4254.66798000
2024-03-15T17:00:00Z,67893.78000000,68334.00000000,67625.00000000,68221.10000000,2277.06059000
2024-03-15T18:00:00Z,68221.09000000,70498.99000000,68214.80000000,70234.00000000,5004.11739000
2024-03-15T19:00:00Z,70234.00000000,70650.00000000,68551.05000000,68964.00000000,5784.50357000
2024-03-15T20:00:00Z,68964.00000000,68966.50000000,67413.80000000,67871.99000000,4765.61941000
2024-03-15T21:00:00Z,67871.98000000,68309.04000000,67832.46000000,68309.04000000,1806.07752000
2024-03-15T22:00:00Z,68309.03000000,69192.37000000,68204.01000000,69104.30000000,2089.71351000
2024-03-15T23:00:00Z,69104.30000000,69750.00000000,68801.10000000,69499.85000000,2496.78099000
2024-03-16T00:00:00Z,69499.84000000,70043.00000000,69422.68000000,69639.99000000,2334.19793000
2024-03-16T01:00:00Z,69640.00000000,69880.00000000,69056.00000000,69286.20000000,1995.72518000
2024-03-16T02:00:00Z,69286.19000000,69320.00000000,68932.01000000,69073.14000000,1460.90266000
2024-03-16T03:00:00Z,69073.15000000,69435.99000000,68974.79000000,69200.08000000,1272.40720000
2024-03-16T04:00:00Z,69200.07000000,69296.80000000,68805.01000000,69011.01000000,1386.90943000
2024-03-16T05:00:00Z,69011.01000000,69106.78000000,68600.00000000,68984.91000000,1580.79753000
2024-03-16T06:00:00Z,68984.91000000,69231.84000000,68932.00000000,69186.91000000,1088.82116000
2024-03-16T07:00:00Z,69186.92000000,69460.91000000,69141.10000000,69432.45000000,1138.62156000
2024-03-16T08:00:00Z,69432.45000000,69436.24000000,68952.00000000,69021.96000000,1679.73390000
2024-03-16T09:00:00Z,69021.97000000,69155.13000000,68842.07000000,68938.96000000,1346.08165000
2024-03-16T10:00:00Z,68938.95000000,68990.00000000,68310.36000000,68427.54000000,2126.44350000
2024-03-16T11:00:00Z,68427.54000000,68563.92000000,67725.53000000,68256.01000000,2721.93193000
2024-03-16T12:00:00Z,68256.00000000,68457.13000000,67867.14000000,67884.01000000,2065.24396000
2024-03-16T13:00:00Z,67884.02000000,68267.72000000,67644.82000000,67704.31000000,2399.61169000
2024-03-16T14:00:00Z,67704.31000000,68229.88000000,67524.00000000,68194.20000000,2266.53243000
2024-03-16T15:00:00Z,68194.19000000,68499.10000000,67846.88000000,68385.58000000,1859.11998000
2024-03-16T16:00:00Z,68385.58000000,68407.94000000,68121.70000000,68187.05000000,1317.27319000
2024-03-16T17:00:00Z,68187.05000000,68235.00000000,67121.14000000,67275.86000000,2833.45157000
2024-03-16T18:00:00Z,67275.85000000,67388.00000000,66670.00000000,67030.60000000,4341.91931000
2024-03-16T19:00:00Z,67030.60000000,67699.00000000,66890.20000000,66911.52000000,3261.62146000
2024-03-16T20:00:00Z,66911.51000000,67538.49000000,66739.81000000,67129.19000000,2592.04897000
2024-03-16T21:00:00Z,67129.19000000,67241.10000000,66015.89000000,66243.28000000,3430.96214000
2024-03-16T22:00:00Z,66243.29000000,66786.44000000,65804.00000000,66361.11000000,2832.31710000
2024-03-16T23:00:00Z,66361.11000000,66375.07000000,64780.00000000,65300.63000000,6594.27793000
2024-03-17T00:00:00Z,65300.64000000,66305.54000000,65122.23000000,65220.55000000,4363.81885000
2024-03-17T01:00:00Z,65220.55000000,66190.00000000,65220.55000000,66174.74000000,2954.80364000
2024-03-17T02:00:00Z,66174.74000000,66565.00000000,66030.00000000,66364.17000000,1779.46470000
2024-03-17T03:00:00Z,66364.17000000,66576.39000000,66197.43000000,66538.99000000,1092.33962000
2024-03-17T04:00:00Z,66538.99000000,66560.00000000,66261.13000000,66351.76000000,963.55452000
2024-03-17T05:00:00Z,66351.75000000,66531.61000000,66000.00000000,66235.68000000,1125.26443000
2024-03-17T06:00:00Z,66235.67000000,66354.42000000,64940.13000000,64961.11000000,2833.47096000
2024-03-17T07:00:00Z,64961.10000000,65776.87000000,64533.00000000,65636.67000000,4662.77172000
2024-03-17T08:00:00Z,65636.68000000,66714.99000000,65290.00000000,66521.10000000,2914.10390000
2024-03-17T09:00:00Z,66521.11000000,66817.33000000,66260.00000000,66461.25000000,2075.22066000
2024-03-17T10:00:00Z,66461.25000000,67420.36000000,66410.01000000,67169.11000000,2414.65077000
2024-03-17T11:00:00Z,67169.12000000,67515.00000000,66913.51000000,66955.49000000,1633.79938000
2024-03-17T12:00:00Z,66955.49000000,67404.53000000,66436.92000000,66584.19000000,2073.68958000
2024-03-17T13:00:00Z,66584.19000000,67481.09000000,66584.18000000,67127.11000000,2316.41043000
2024-03-17T14:00:00Z,67127.11000000,67609.99000000,66892.00000000,67609.99000000,1543.12633000
2024-03-17T15:00:00Z,67609.99000000,68111.45000000,67242.77000000,67965.50000000,2333.04501000
2024-03-17T16:00:00Z,67965.51000000,68385.82000000,67769.86000000,68021.79000000,2381.11122000
2024-03-17T17:00:00Z,68021.79000000,68693.75000000,67911.19000000,68550.22000000,1826.71113000
2024-03-17T18:00:00Z,68550.22000000,68619.37000000,68029.85000000,68172.40000000,1584.56428000
2024-03-17T19:00:00Z,68172.41000000,68571.10000000,68099.91000000,68536.73000000,897.15325000
2024-03-17T20:00:00Z,68536.72000000,68666.00000000,68205.15000000,68269.06000000,1200.74147000
2024-03-17T21:00:00Z,68269.05000000,68379.31000000,67953.35000000,68143.36000000,951.42245000
2024-03-17T22:00:00Z,68143.36000000,68904.40000000,68143.35000000,68228.01000000,2169.28075000
2024-03-17T23:00:00Z,68228.01000000,68655.17000000,68075.38000000,68393.48000000,1651.69684000
2024-03-18T00:00:00Z,68393.47000000,68425.97000000,67286.82000000,67301.94000000,3045.95298000
2024-03-18T01:00:00Z,67301.94000000,67775.00000000,66800.00000000,67630.46000000,2818.43844000
2024-03-18T02:00:00Z,67630.45000000,68188.57000000,67400.01000000,67764.25000000,1720.86226000
2024-03-18T03:00:00Z,67764.25000000,68150.00000000,67740.02000000,67972.01000000,1459.11148000
2024-03-18T04:00:00Z,67972.01000000,68558.86000000,67704.01000000,68360.01000000,1771.49738000
2024-03-18T05:00:00Z,68360.01000000,68956.00000000,68212.24000000,68693.43000000,2051.53199000
2024-03-18T06:00:00Z,68693.43000000,68717.29000000,68400.00000000,68481.10000000,1212.42571000
2024-03-18T07:00:00Z,68481.09000000,68481.10000000,68122.10000000,68218.38000000,1748.36192000
2024-03-18T08:00:00Z,68218.38000000,68229.17000000,67300.00000000,68035.46000000,2834.66780000
2024-03-18T09:00:00Z,68035.46000000,68226.73000000,67650.00000000,67843.98000000,2233.16686000
2024-03-18T10:00:00Z,67843.98000000,68200.00000000,67700.00000000,68130.00000000,1633.57276000
2024-03-18T11:00:00Z,68129.99000000,68483.96000000,68014.86000000,68253.40000000,1337.74118000
2024-03-18T12:00:00Z,68253.39000000,68600.00000000,68027.32000000,68550.54000000,1971.31527000
2024-03-18T13:00:00Z,68550.53000000,68627.81000000,67169.13000000,67552.39000000,4012.90338000
2024-03-18T14:00:00Z,67552.40000000,67816.97000000,66644.15000000,66996.69000000,4171.54712000
2024-03-18T15:00:00Z,66996.68000000,67482.11000000,66628.68000000,67467.19000000,3035.37680000
2024-03-18T16:00:00Z,67467.19000000,68079.52000000,66968.95000000,67124.13000000,4358.50334000
2024-03-18T17:00:00Z,67124.12000000,67486.15000000,66565.20000000,67388.27000000,3418.98028000
2024-03-18T18:00:00Z,67388.28000000,67467.94000000,66944.10000000,67010.00000000,2128.06824000
2024-03-18T19:00:00Z,67010.01000000,67437.50000000,66870.95000000,66936.00000000,2256.01206000
2024-03-18T20:00:00Z,66936.00000000,67395.41000000,66935.99000000,67358.17000000,1427.99964000
2024-03-18T21:00:00Z,67358.17000000,67896.55000000,67340.33000000,67621.51000000,1836.88429000
2024-03-18T22:00:00Z,67621.51000000,67710.00000000,67294.02000000,67692.00000000,1674.76707000
2024-03-18T23:00:00Z,67692.00000000,67999.00000000,67523.00000000,67609.99000000,1531.39263000
2024-03-19T00:00:00Z,67610.00000000,68124.11000000,66861.10000000,67086.96000000,2857.09141000
2024-03-19T01:00:00Z,67086.96000000,67181.09000000,65804.22000000,65851.61000000,5222.82138000
2024-03-19T02:00:00Z,65851.60000000,66384.61000000,65501.00000000,65875.88000000,3471.92262000
2024-03-19T03:00:00Z,65875.87000000,66041.78000000,64860.00000000,65876.01000000,4795.51840000
2024-03-19T04:00:00Z,65876.01000000,65976.10000000,65031.80000000,65341.18000000,3304.27728000
2024-03-19T05:00:00Z,65341.18000000,65615.38000000,64628.00000000,65214.30000000,3502.79397000
2024-03-19T06:00:00Z,65214.30000000,65435.61000000,64603.01000000,64927.99000000,3151.77428000
2024-03-19T07:00:00Z,64927.99000000,64928.00000000,63577.00000000,64704.22000000,6052.93432000
2024-03-19T08:00:00Z,64704.23000000,64710.69000000,63129.00000000,63464.00000000,5729.09761000
2024-03-19T09:00:00Z,63463.64000000,64200.00000000,62982.80000000,64141.84000000,6199.01273000
2024-03-19T10:00:00Z,64141.84000000,64146.15000000,62732.00000000,63256.01000000,4588.19160000
2024-03-19T11:00:00Z,63256.01000000,63396.00000000,62505.00000000,63081.34000000,5243.16151000
2024-03-19T12:00:00Z,63081.34000000,63818.35000000,63000.00000000,63624.00000000,4485.77219000
2024-03-19T13:00:00Z,63624.00000000,63861.10000000,63061.10000000,63564.01000000,3413.81814000
2024-03-19T14:00:00Z,63564.01000000,63564.01000000,62410.78000000,62888.00000000,5632.18406000
2024-03-19T15:00:00Z,62888.00000000,64150.00000000,62600.00000000,64051.85000000,6290.10894000
2024-03-19T16:00:00Z,64051.85000000,65040.00000000,63969.58000000,64972.00000000,5201.37041000
2024-03-19T17:00:00Z,64971.99000000,65756.00000000,64630.14000000,64868.01000000,4771.66326000
2024-03-19T18:00:00Z,64868.01000000,64943.39000000,64200.00000000,64716.59000000,2590.38360000
2024-03-19T19:00:00Z,64716.58000000,65306.72000000,64386.30000000,64391.99000000,2149.30673000
2024-03-19T20:00:00Z,64392.00000000,64500.12000000,63547.38000000,63770.38000000,3040.28115000
2024-03-19T21:00:00Z,63770.37000000,64109.98000000,63534.12000000,63952.01000000,1385.92956000
2024-03-19T22:00:00Z,63952.01000000,64036.50000000,62461.58000000,62633.96000000,3308.59823000
2024-03-19T23:00:00Z,62633.97000000,62812.24000000,61555.00000000,61937.40000000,4617.31149000
2024-03-20T00:00:00Z,61937.41000000,63386.14000000,61840.00000000,63230.02000000,4342.78342000
2024-03-20T01:00:00Z,63230.02000000,63240.00000000,61885.00000000,62374.86000000,3539.31190000
2024-03-20T02:00:00Z,62374.87000000,63035.41000000,62226.61000000,62881.40000000,2810.54782000
2024-03-20T03:00:00Z,62881.40000000,63466.21000000,61666.00000000,61860.81000000,3567.47986000
2024-03-20T04:00:00Z,61860.82000000,62341.10000000,61111.00000000,61646.91000000,5127.50541000
2024-03-20T05:00:00Z,61646.91000000,61774.25000000,60775.00000000,61549.53000000,4731.37482000
2024-03-20T06:00:00Z,61549.54000000,62033.53000000,61520.64000000,61749.99000000,2582.57450000
2024-03-20T07:00:00Z,61750.00000000,63198.83000000,61724.79000000,62957.85000000,3963.65077000
2024-03-20T08:00:00Z,62957.85000000,63295.00000000,62668.80000000,62684.71000000,3392.83957000
2024-03-20T09:00:00Z,62684.71000000,63369.58000000,62640.00000000,63215.90000000,2699.96209000
2024-03-20T10:00:00Z,63215.91000000,63289.15000000,62841.10000000,63041.10000000,1833.64396000
2024-03-20T11:00:00Z,63041.09000000,63957.74000000,62973.15000000,63392.94000000,3175.41018000
2024-03-20T12:00:00Z,63392.95000000,64353.57000000,63175.17000000,64056.07000000,3806.14567000
2024-03-20T13:00:00Z,64056.07000000,64059.59000000,63066.60000000,63608.83000000,3240.34892000
2024-03-20T14:00:00Z,63608.83000000,64330.00000000,63453.01000000,64227.38000000,3474.01266000
2024-03-20T15:00:00Z,64227.38000000,64395.00000000,63400.01000000,63600.37000000,4056.89317000
2024-03-20T16:00:00Z,63600.37000000,63790.00000000,62022.00000000,63103.63000000,5770.15508000
2024-03-20T17:00:00Z,63103.63000000,64776.72000000,62841.11000000,64107.58000000,5445.74262000
2024-03-20T18:00:00Z,64107.58000000,65470.00000000,63952.39000000,65414.93000000,4302.35250000
2024-03-20T19:00:00Z,65414.93000000,66000.00000000,65100.30000000,65784.46000000,4042.14942000
2024-03-20T20:00:00Z,65784.47000000,67793.00000000,65656.41000000,67057.56000000,6047.75768000
2024-03-20T21:00:00Z,67057.56000000,67899.99000000,66913.93000000,67676.15000000,3381.99515000
2024-03-20T22:00:00Z,67676.15000000,68100.00000000,67355.21000000,67681.94000000,2784.95762000
2024-03-20T23:00:00Z,67681.94000000,68050.72000000,67424.11000000,67840.51000000,2300.99113000
2024-03-21T00:00:00Z,67840.51000000,68240.47000000,67430.00000000,67656.00000000,2922.10611000
2024-03-21T01:00:00Z,67656.01000000,67951.15000000,67656.00000000,67796.93000000,1712.23034000
2024-03-21T02:00:00Z,67796.94000000,67932.60000000,67500.00000000,67531.96000000,1730.15348000
2024-03-21T03:00:00Z,67531.96000000,67740.00000000,66340.00000000,66654.45000000,3183.54058000
2024-03-21T04:00:00Z,66654.46000000,66948.00000000,66479.46000000,66719.99000000,2173.60177000
2024-03-21T05:00:00Z,66719.99000000,67082.06000000,66072.20000000,67009.51000000,2339.47726000
2024-03-21T06:00:00Z,67009.51000000,67330.00000000,66911.27000000,66980.01000000,1916.09621000
2024-03-21T07:00:00Z,66980.01000000,67324.00000000,66920.70000000,66985.19000000,1346.64031000
2024-03-21T08:00:00Z,66985.19000000,67659.53000000,66980.00000000,67283.55000000,2334.43470000
2024-03-21T09:00:00Z,67283.54000000,67360.00000000,66650.00000000,66843.96000000,1937.57880000
2024-03-21T10:00:00Z,66843.96000000,67020.00000000,66660.00000000,66966.84000000,1182.47318000
2024-03-21T11:00:00Z,66966.83000000,67229.62000000,66740.00000000,67044.00000000,1371.65852000
2024-03-21T12:00:00Z,67044.01000000,67469.00000000,67000.00000000,67244.01000000,1534.85792000
2024-03-21T13:00:00Z,67244.01000000,67693.60000000,66620.00000000,66736.01000000,3275.81086000
2024-03-21T14:00:00Z,66736.01000000,67395.20000000,66531.53000000,66860.07000000,2038.26807000
2024-03-21T15:00:00Z,66860.07000000,66981.01000000,65885.96000000,66557.77000000,3395.32536000
2024-03-21T16:00:00Z,66557.77000000,66826.75000000,66183.90000000,66791.93000000,1985.16397000
2024-03-21T17:00:00Z,66791.93000000,67000.00000000,65666.00000000,65724.99000000,2748.88700000
2024-03-21T18:00:00Z,65724.99000000,65867.92000000,64871.01000000,65133.67000000,4029.80755000
2024-03-21T19:00:00Z,65133.66000000,65568.56000000,64956.26000000,65223.74000000,3119.58995000
2024-03-21T20:00:00Z,65223.73000000,65946.66000000,64529.01000000,65479.93000000,3705.33095000
2024-03-21T21:00:00Z,65479.94000000,65730.00000000,65100.00000000,65653.97000000,1036.75324000
2024-03-21T22:00:00Z,65653.98000000,65857.27000000,65343.23000000,65392.19000000,1369.35992000
2024-03-21T23:00:00Z,65392.20000000,65624.13000000,65282.00000000,65501.27000000,968.33397000
2024-03-22T00:00:00Z,65501.28000000,65985.44000000,65360.00000000,65794.00000000,1870.24114000
2024-03-22T01:00:00Z,65793.99000000,65930.00000000,65212.73000000,65243.99000000,1560.27908000
2024-03-22T02:00:00Z,65243.99000000,65717.19000000,65120.01000000,65644.00000000,1573.77753000
2024-03-22T03:00:00Z,65644.00000000,66160.00000000,65570.89000000,65981.99000000,1855.84887000
2024-03-22T04:00:00Z,65981.99000000,66288.02000000,65756.64000000,66144.85000000,1210.03178000
2024-03-22T05:00:00Z,66144.85000000,66434.48000000,65938.34000000,66430.01000000,1112.90580000
2024-03-22T06:00:00Z,66430.01000000,66649.62000000,66305.79000000,66448.08000000,1636.42496000
2024-03-22T07:00:00Z,66448.08000000,66448.09000000,66124.50000000,66178.01000000,1046.28159000
2024-03-22T08:00:00Z,66178.01000000,66363.10000000,65805.23000000,65858.68000000,1391.36805000
2024-03-22T09:00:00Z,65858.68000000,66053.70000000,65344.41000000,65481.99000000,1549.15207000
2024-03-22T10:00:00Z,65482.00000000,65600.00000000,64540.01000000,64656.37000000,2887.55684000
2024-03-22T11:00:00Z,64656.37000000,64956.00000000,64065.72000000,64233.90000000,2536.68712000
2024-03-22T12:00:00Z,64233.90000000,64674.06000000,63924.42000000,64260.51000000,2428.78925000
2024-03-22T13:00:00Z,64260.51000000,64433.27000000,62820.00000000,63058.61000000,4779.54613000
2024-03-22T14:00:00Z,63058.61000000,63465.30000000,62601.11000000,62739.99000000,4475.01124000
2024-03-22T15:00:00Z,62739.99000000,64341.89000000,62634.58000000,63877.04000000,4095.69022000
2024-03-22T16:00:00Z,63877.04000000,63883.97000000,62766.63000000,63270.62000000,3056.84037000
2024-03-22T17:00:00Z,63270.61000000,63770.91000000,63260.01000000,63579.37000000,1877.78693000
2024-03-22T18:00:00Z,63579.36000000,63974.12000000,63440.00000000,63745.83000000,1625.35844000
2024-03-22T19:00:00Z,63745.84000000,64126.09000000,63440.29000000,63866.93000000,1913.16114000
2024-03-22T20:00:00Z,63866.94000000,63978.86000000,63355.85000000,63501.66000000,1145.08174000
2024-03-22T21:00:00Z,63501.67000000,63517.15000000,62260.00000000,62974.00000000,2900.41449000
2024-03-22T22:00:00Z,62974.00000000,63236.03000000,62553.96000000,63022.00000000,1830.43155000
2024-03-22T23:00:00Z,63022.01000000,63812.00000000,62985.00000000,63796.64000000,1123.71188000
2024-03-23T00:00:00Z,63796.64000000,63804.00000000,63536.30000000,63571.99000000,973.70353000
2024-03-23T01:00:00Z,63572.00000000,64334.25000000,63544.00000000,64111.63000000,1899.71273000
2024-03-23T02:00:00Z,64111.63000000,64374.91000000,63739.00000000,63861.79000000,1166.53384000
2024-03-23T03:00:00Z,63861.78000000,63866.00000000,63000.00000000,63556.00000000,1312.33055000
2024-03-23T04:00:00Z,63556.00000000,64090.00000000,63506.50000000,63880.63000000,934.63001000
2024-03-23T05:00:00Z,63880.62000000,64132.71000000,63720.76000000,64075.12000000,605.84805000
2024-03-23T06:00:00Z,64075.13000000,64289.98000000,63984.00000000,64166.00000000,672.35298000
2024-03-23T07:00:00Z,64166.01000000,64856.01000000,64162.02000000,64575.41000000,1460.39196000
2024-03-23T08:00:00Z,64575.41000000,64857.14000000,64220.00000000,64521.99000000,1135.10972000
2024-03-23T09:00:00Z,64522.00000000,64597.64000000,64186.21000000,64470.00000000,802.07123000
2024-03-23T10:00:00Z,64470.00000000,64712.33000000,64204.09000000,64320.01000000,884.49724000
2024-03-23T11:00:00Z,64320.00000000,64629.62000000,64234.00000000,64629.62000000,639.87361000
2024-03-23T12:00:00Z,64629.61000000,64926.87000000,64537.75000000,64697.94000000,1088.91987000
2024-03-23T13:00:00Z,64697.94000000,64721.40000000,64278.15000000,64596.06000000,1107.67413000
2024-03-23T14:00:00Z,64596.06000000,65414.69000000,64387.45000000,65248.00000000,2066.92758000
2024-03-23T15:00:00Z,65247.79000000,65350.00000000,64733.15000000,65104.05000000,1340.49966000
2024-03-23T16:00:00Z,65104.06000000,65815.31000000,64892.25000000,65661.34000000,2093.03602000
2024-03-23T17:00:00Z,65661.33000000,65999.00000000,65470.44000000,65652.70000000,1424.36914000
2024-03-23T18:00:00Z,65652.70000000,65681.72000000,65270.01000000,65373.88000000,692.75822000
2024-03-23T19:00:00Z,65373.88000000,65485.15000000,64786.25000000,64872.90000000,1058.33380000
2024-03-23T20:00:00Z,64872.90000000,65118.20000000,64672.93000000,65009.78000000,677.42716000
2024-03-23T21:00:00Z,65009.79000000,65199.97000000,64780.00000000,64944.69000000,442.70223000
2024-03-23T22:00:00Z,64944.68000000,65050.72000000,64744.55000000,64747.86000000,474.50737000
2024-03-23T23:00:00Z,64747.87000000,64810.00000000,63861.66000000,63990.01000000,1455.90346000
2024-03-24T00:00:00Z,63990.02000000,64576.73000000,63954.85000000,64524.00000000,870.29259000
2024-03-24T01:00:00Z,64524.00000000,64723.16000000,64380.00000000,64470.00000000,538.45739000
2024-03-24T02:00:00Z,64470.01000000,64539.99000000,64170.00000000,64278.06000000,658.93709000
2024-03-24T03:00:00Z,64278.05000000,64278.06000000,63922.85000000,63962.98000000,868.02748000
2024-03-24T04:00:00Z,63962.98000000,64250.00000000,63772.29000000,64218.00000000,843.43090000
2024-03-24T05:00:00Z,64218.00000000,64379.62000000,64103.33000000,64304.57000000,431.14367000
2024-03-24T06:00:00Z,64304.57000000,64418.54000000,64086.19000000,64218.94000000,522.18944000
2024-03-24T07:00:00Z,64218.93000000,64583.44000000,64027.77000000,64583.43000000,887.35970000
2024-03-24T08:00:00Z,64583.44000000,65259.42000000,64476.00000000,65244.00000000,1825.98978000
2024-03-24T09:00:00Z,65244.00000000,65251.99000000,64800.00000000,64880.02000000,927.02070000
2024-03-24T10:00:00Z,64880.01000000,65368.66000000,64872.00000000,65098.01000000,862.85690000
2024-03-24T11:00:00Z,65098.01000000,65349.56000000,64958.00000000,65334.01000000,873.86538000
2024-03-24T12:00:00Z,65334.00000000,65783.88000000,65177.28000000,65646.77000000,1705.83907000
2024-03-24T13:00:00Z,65646.76000000,65825.00000000,65262.80000000,65357.71000000,1308.27628000
2024-03-24T14:00:00Z,65357.72000000,65925.19000000,65315.32000000,65649.99000000,1477.95869000
2024-03-24T15:00:00Z,65650.00000000,65750.07000000,65433.22000000,65673.36000000,856.48235000
2024-03-24T16:00:00Z,65673.36000000,65838.88000000,65177.38000000,65249.04000000,1202.84418000
2024-03-24T17:00:00Z,65249.04000000,65539.01000000,64600.01000000,65345.99000000,2260.69649000
2024-03-24T18:00:00Z,65345.99000000,66045.99000000,65340.00000000,65846.01000000,1923.39804000
2024-03-24T19:00:00Z,65846.01000000,66041.67000000,65667.66000000,65843.02000000,1490.27069000
2024-03-24T20:00:00Z,65843.02000000,66450.00000000,65730.60000000,66161.86000000,1944.75306000
2024-03-24T21:00:00Z,66161.87000000,66666.00000000,66161.86000000,66530.01000000,1442.47129000
2024-03-24T22:00:00Z,66530.01000000,67000.00000000,66480.01000000,66951.26000000,2145.20859000
2024-03-24T23:00:00Z,66951.26000000,67628.69000000,66925.60000000,67209.99000000,3528.01040000
2024-03-25T00:00:00Z,67210.00000000,67318.18000000,66503.97000000,66577.34000000,1749.90098000
2024-03-25T01:00:00Z,66577.34000000,66997.01000000,66430.00000000,66556.00000000,1143.30913000
2024-03-25T02:00:00Z,66556.00000000,66803.16000000,66385.06000000,66700.01000000,961.61426000
2024-03-25T03:00:00Z,66700.01000000,67350.00000000,66575.76000000,67350.00000000,1256.64698000
2024-03-25T04:00:00Z,67350.00000000,67533.33000000,67034.01000000,67505.99000000,1505.68070000
2024-03-25T05:00:00Z,67506.00000000,67740.00000000,67264.11000000,67350.00000000,1504.72402000
2024-03-25T06:00:00Z,67350.00000000,67400.00000000,66928.57000000,67149.99000000,1145.90651000
2024-03-25T07:00:00Z,67150.00000000,67277.56000000,66710.00000000,66821.19000000,1030.90248000
2024-03-25T08:00:00Z,66821.19000000,67200.00000000,66792.40000000,66938.67000000,1121.35609000
2024-03-25T09:00:00Z,66938.68000000,67100.00000000,66747.65000000,67055.96000000,963.18355000
2024-03-25T10:00:00Z,67055.96000000,67344.23000000,66840.90000000,66994.33000000,1181.44633000
2024-03-25T11:00:00Z,66994.32000000,67020.00000000,66760.00000000,66810.15000000,1267.28922000
2024-03-25T12:00:00Z,66810.15000000,67267.92000000,66780.00000000,67079.99000000,1117.79010000
2024-03-25T13:00:00Z,67079.99000000,68000.00000000,66843.61000000,67984.00000000,2834.00376000
2024-03-25T14:00:00Z,67984.01000000,69450.00000000,67677.45000000,69377.19000000,9198.98269000
2024-03-25T15:00:00Z,69377.20000000,70000.00000000,69136.88000000,69792.05000000,5270.95420000
2024-03-25T16:00:00Z,69792.06000000,70273.00000000,69440.18000000,70154.42000000,3937.65504000
2024-03-25T17:00:00Z,70154.41000000,70844.44000000,70133.18000000,70559.09000000,3892.23798000
2024-03-25T18:00:00Z,70559.08000000,70913.73000000,70364.80000000,70857.09000000,2325.51186000
2024-03-25T19:00:00Z,70857.10000000,71000.00000000,70516.87000000,70960.89000000,2794.39520000
2024-03-25T20:00:00Z,70960.89000000,71150.00000000,70684.84000000,70907.21000000,1846.42002000
2024-03-25T21:00:00Z,70907.21000000,70941.10000000,69562.09000000,69853.57000000,2779.48822000
2024-03-25T22:00:00Z,69853.58000000,70681.03000000,69850.00000000,70310.00000000,1460.93340000
2024-03-25T23:00:00Z,70309.99000000,70469.99000000,69725.51000000,69880.01000000,1140.81214000
2024-03-26T00:00:00Z,69880.00000000,70221.10000000,69732.80000000,69893.00000000,1197.13506000
2024-03-26T01:00:00Z,69892.99000000,70323.79000000,69800.00000000,70284.19000000,1059.13894000
2024-03-26T02:00:00Z,70284.19000000,70549.54000000,70045.00000000,70530.00000000,1200.78268000
2024-03-26T03:00:00Z,70529.99000000,70606.00000000,70288.00000000,70423.11000000,985.82489000
2024-03-26T04:00:00Z,70423.11000000,70665.83000000,70401.11000000,70600.83000000,797.28579000
2024-03-26T05:00:00Z,70600.82000000,70609.17000000,70274.55000000,70300.00000000,933.54798000
2024-03-26T06:00:00Z,70300.00000000,70616.64000000,70260.30000000,70616.01000000,986.18095000
2024-03-26T07:00:00Z,70616.01000000,71561.10000000,70412.33000000,70486.38000000,3728.19660000
2024-03-26T08:00:00Z,70486.38000000,70820.00000000,70268.66000000,70693.66000000,1845.31347000
2024-03-26T09:00:00Z,70693.66000000,71280.00000000,70620.00000000,71142.23000000,1462.22622000
2024-03-26T10:00:00Z,71142.24000000,71194.99000000,70865.73000000,70893.73000000,1466.58704000
2024-03-26T11:00:00Z,70893.73000000,70906.72000000,70578.00000000,70693.16000000,1260.55387000
2024-03-26T12:00:00Z,70693.17000000,71113.50000000,70524.00000000,71109.99000000,1464.34142000
2024-03-26T13:00:00Z,71109.99000000,71136.63000000,70070.00000000,70389.99000000,2884.51845000
2024-03-26T14:00:00Z,70389.99000000,70676.20000000,69280.00000000,70310.00000000,4822.42435000
2024-03-26T15:00:00Z,70310.01000000,70348.05000000,69686.60000000,70250.00000000,1891.85800000
2024-03-26T16:00:00Z,70250.01000000,70499.00000000,69412.00000000,69729.99000000,2778.42627000
2024-03-26T17:00:00Z,69729.99000000,70200.00000000,69502.00000000,70066.55000000,1525.76490000
2024-03-26T18:00:00Z,70066.54000000,70400.00000000,69927.49000000,69932.00000000,1025.64281000
2024-03-26T19:00:00Z,69931.99000000,70081.10000000,69445.97000000,69477.67000000,2297.94370000
2024-03-26T20:00:00Z,69477.66000000,69872.00000000,69401.72000000,69827.76000000,982.28972000
2024-03-26T21:00:00Z,69827.76000000,70197.05000000,69730.00000000,70000.68000000,819.80881000
2024-03-26T22:00:00Z,70000.67000000,70280.00000000,69652.01000000,70249.22000000,810.82708000
2024-03-26T23:00:00Z,70249.21000000,70305.33000000,69946.14000000,69988.00000000,707.76517000
2024-03-27T00:00:00Z,69987.99000000,70700.00000000,69840.00000000,70619.99000000,1521.91332000
2024-03-27T01:00:00Z,70619.99000000,70739.65000000,70170.67000000,70326.74000000,1197.48528000
2024-03-27T02:00:00Z,70326.74000000,70588.00000000,70175.00000000,70575.94000000,830.42801000
2024-03-27T03:00:00Z,70575.94000000,70687.73000000,70310.01000000,70387.99000000,822.87309000
2024-03-27T04:00:00Z,70388.00000000,70487.37000000,70034.45000000,70190.00000000,1011.99578000
2024-03-27T05:00:00Z,70190.00000000,70519.99000000,70154.37000000,70475.07000000,830.06961000
2024-03-27T06:00:00Z,70475.06000000,70598.00000000,70164.46000000,70309.99000000,785.62602000
2024-03-27T07:00:00Z,70310.00000000,70331.62000000,69640.00000000,69725.99000000,1565.71437000
2024-03-27T08:00:00Z,69726.00000000,69991.71000000,69510.00000000,69547.91000000,1124.41606000
2024-03-27T09:00:00Z,69547.91000000,70111.00000000,69407.00000000,70057.60000000,1641.41293000
2024-03-27T10:00:00Z,70057.60000000,70200.40000000,69920.00000000,70112.01000000,1223.53867000
2024-03-27T11:00:00Z,70112.01000000,70359.97000000,70021.10000000,70220.73000000,1182.41741000
2024-03-27T12:00:00Z,70220.73000000,70375.39000000,69994.01000000,70186.18000000,1212.97579000
2024-03-27T13:00:00Z,70186.17000000,71769.54000000,69645.04000000,69892.00000000,8425.75461000
2024-03-27T14:00:00Z,69891.99000000,70218.08000000,68534.01000000,70050.74000000,8808.96350000
2024-03-27T15:00:00Z,70050.74000000,70078.50000000,68868.59000000,68874.00000000,3881.76696000
2024-03-27T16:00:00Z,68873.99000000,69310.00000000,68359.18000000,69244.00000000,3154.85859000
2024-03-27T17:00:00Z,69244.01000000,69406.00000000,68600.00000000,68680.01000000,1536.70277000
2024-03-27T18:00:00Z,68680.01000000,68925.60000000,68410.00000000,68475.61000000,1899.56324000
2024-03-27T19:00:00Z,68475.60000000,68933.33000000,68468.01000000,68652.00000000,1505.42637000
2024-03-27T20:00:00Z,68652.01000000,69163.01000000,68630.00000000,68906.02000000,1062.90397000
2024-03-27T21:00:00Z,68906.01000000,69250.00000000,68900.00000000,68941.99000000,1093.45387000
2024-03-27T22:00:00Z,68942.00000000,69441.40000000,68919.46000000,69440.14000000,1447.00718000
2024-03-27T23:00:00Z,69440.15000000,69637.66000000,69072.40000000,69469.99000000,1352.08945000
2024-03-28T00:00:00Z,69469.99000000,69980.00000000,69382.00000000,69682.00000000,1354.66941000
2024-03-28T01:00:00Z,69682.00000000,69750.51000000,69300.00000000,69442.60000000,975.95051000
2024-03-28T02:00:00Z,69442.60000000,69578.81000000,68903.62000000,69146.89000000,1106.63753000
2024-03-28T03:00:00Z,69146.90000000,69373.13000000,69068.00000000,69290.00000000,785.48800000
2024-03-28T04:00:00Z,69290.00000000,69764.70000000,69280.00000000,69717.22000000,1037.41041000
2024-03-28T05:00:00Z,69717.22000000,69939.42000000,69610.00000000,69714.20000000,794.00301000
2024-03-28T06:00:00Z,69714.21000000,70400.00000000,69646.00000000,70363.74000000,1811.11370000
2024-03-28T07:00:00Z,70363.74000000,70469.82000000,70192.71000000,70399.03000000,1282.66510000
2024-03-28T08:00:00Z,70399.04000000,70865.58000000,70292.44000000,70578.10000000,2225.97950000
2024-03-28T09:00:00Z,70578.10000000,70940.29000000,70527.36000000,70566.00000000,1444.05082000
2024-03-28T10:00:00Z,70565.99000000,70848.80000000,70337.43000000,70800.00000000,1688.08225000
2024-03-28T11:00:00Z,70800.00000000,70962.63000000,70521.11000000,70647.18000000,1414.60357000
2024-03-28T12:00:00Z,70647.18000000,70850.70000000,70348.75000000,70839.16000000,1589.02255000
2024-03-28T13:00:00Z,70839.15000000,71364.95000000,70397.96000000,70877.98000000,3338.63412000
2024-03-28T14:00:00Z,70877.98000000,71552.06000000,70682.90000000,71537.97000000,3947.36294000
2024-03-28T15:00:00Z,71537.97000000,71537.98000000,70974.96000000,71290.39000000,2460.72429000
2024-03-28T16:00:00Z,71290.38000000,71320.00000000,70521.97000000,70686.95000000,1919.66798000
2024-03-28T17:00:00Z,70686.96000000,70838.70000000,70450.00000000,70791.17000000,1044.25026000
2024-03-28T18:00:00Z,70791.16000000,70975.99000000,70404.00000000,70550.00000000,1007.38486000
2024-03-28T19:00:00Z,70550.00000000,70913.93000000,70482.33000000,70798.26000000,1228.56939000
2024-03-28T20:00:00Z,70798.26000000,70876.00000000,70620.11000000,70674.08000000,749.73131000
2024-03-28T21:00:00Z,70674.08000000,70906.50000000,70654.77000000,70781.81000000,598.94141000
2024-03-28T22:00:00Z,70781.81000000,70882.17000000,70541.90000000,70848.01000000,784.63372000
2024-03-28T23:00:00Z,70848.00000000,71074.03000000,70687.94000000,70780.60000000,849.45575000
2024-03-29T00:00:00Z,70780.60000000,70827.99000000,70606.00000000,70735.80000000,571.19293000
2024-03-29T01:00:00Z,70735.79000000,70916.16000000,70647.06000000,70790.01000000,723.48752000
2024-03-29T02:00:00Z,70790.01000000,70815.80000000,70580.34000000,70619.27000000,710.72230000
2024-03-29T03:00:00Z,70619.28000000,70714.00000000,70274.07000000,70442.22000000,1029.85551000
2024-03-29T04:00:00Z,70442.23000000,70538.78000000,70286.00000000,70365.05000000,795.07163000
2024-03-29T05:00:00Z,70365.05000000,70456.40000000,70176.97000000,70180.70000000,732.90036000
2024-03-29T06:00:00Z,70180.71000000,70478.00000000,70025.00000000,70438.02000000,761.21616000
2024-03-29T07:00:00Z,70438.01000000,70498.08000000,69746.33000000,69794.00000000,1726.56114000
2024-03-29T08:00:00Z,69794.01000000,70084.01000000,69712.00000000,69932.99000000,1450.04436000
2024-03-29T09:00:00Z,69933.00000000,70050.00000000,69566.20000000,69733.73000000,1028.49833000
2024-03-29T10:00:00Z,69733.73000000,70125.95000000,69566.00000000,70108.00000000,1174.67292000
2024-03-29T11:00:00Z,70108.01000000,70318.00000000,70062.11000000,70142.78000000,1055.44873000
2024-03-29T12:00:00Z,70142.78000000,70299.00000000,69852.08000000,70150.01000000,1187.32733000
2024-03-29T13:00:00Z,70150.00000000,70636.04000000,70050.54000000,70426.70000000,1265.39015000
2024-03-29T14:00:00Z,70426.70000000,70500.00000000,70034.46000000,70061.83000000,1409.37716000
2024-03-29T15:00:00Z,70061.83000000,70129.22000000,69009.00000000,69180.00000000,3181.87663000
2024-03-29T16:00:00Z,69179.99000000,69591.43000000,69078.62000000,69176.47000000,1972.71473000
2024-03-29T17:00:00Z,69176.46000000,69463.20000000,69100.00000000,69404.29000000,960.22930000
2024-03-29T18:00:00Z,69404.29000000,69602.00000000,69322.02000000,69513.98000000,736.65387000
2024-03-29T19:00:00Z,69513.98000000,69666.00000000,69360.60000000,69665.99000000,576.46810000
2024-03-29T20:00:00Z,69665.99000000,69711.06000000,69530.00000000,69615.59000000,460.46997000
2024-03-29T21:00:00Z,69615.59000000,69625.26000000,69290.00000000,69419.99000000,580.03323000
2024-03-29T22:00:00Z,69420.00000000,69820.89000000,69419.99000000,69808.00000000,722.75182000
2024-03-29T23:00:00Z,69807.99000000,69916.50000000,69746.09000000,69850.54000000,632.11935000
2024-03-30T00:00:00Z,69850.53000000,69936.95000000,69710.00000000,69932.90000000,678.92298000
2024-03-30T01:00:00Z,69932.89000000,70177.87000000,69826.36000000,69976.07000000,988.39393000
2024-03-30T02:00:00Z,69976.08000000,70010.00000000,69838.24000000,69934.00000000,417.42063000
2024-03-30T03:00:00Z,69934.01000000,70042.19000000,69750.00000000,69773.99000000,449.20847000
2024-03-30T04:00:00Z,69774.00000000,70100.00000000,69755.98000000,70068.52000000,648.05245000
2024-03-30T05:00:00Z,70068.51000000,70321.10000000,69866.67000000,70006.81000000,1010.83741000
2024-03-30T06:00:00Z,70006.80000000,70098.39000000,69868.41000000,69960.00000000,575.97900000
2024-03-30T07:00:00Z,69960.01000000,70022.99000000,69852.08000000,69852.18000000,434.17434000
2024-03-30T08:00:00Z,69852.18000000,70016.00000000,69811.37000000,69966.01000000,552.88099000
2024-03-30T09:00:00Z,69966.00000000,70162.79000000,69907.87000000,70008.31000000,492.14412000
2024-03-30T10:00:00Z,70008.32000000,70110.95000000,69940.08000000,70042.19000000,405.86018000
2024-03-30T11:00:00Z,70042.19000000,70183.67000000,70042.19000000,70183.55000000,623.01928000
2024-03-30T12:00:00Z,70183.54000000,70218.90000000,70090.00000000,70218.89000000,487.51039000
2024-03-30T13:00:00Z,70218.89000000,70269.15000000,70075.78000000,70148.05000000,458.50059000
2024-03-30T14:00:00Z,70148.04000000,70173.02000000,69985.30000000,70038.01000000,536.51794000
2024-03-30T15:00:00Z,70038.01000000,70142.87000000,69925.87000000,69999.99000000,477.63036000
2024-03-30T16:00:00Z,69999.99000000,70280.06000000,69900.00000000,70178.16000000,644.85144000
2024-03-30T17:00:00Z,70178.17000000,70178.17000000,69999.98000000,70036.01000000,480.15482000
2024-03-30T18:00:00Z,70036.02000000,70036.02000000,69881.17000000,69924.91000000,428.10577000
2024-03-30T19:00:00Z,69924.91000000,69936.24000000,69670.00000000,69896.34000000,1011.07475000
2024-03-30T20:00:00Z,69896.34000000,69896.35000000,69780.00000000,69812.50000000,357.36850000
2024-03-30T21:00:00Z,69812.50000000,69850.00000000,69621.97000000,69722.08000000,417.93392000
2024-03-30T22:00:00Z,69722.07000000,69834.00000000,69645.16000000,69720.91000000,527.92684000
2024-03-30T23:00:00Z,69720.91000000,69779.30000000,69540.00000000,69582.18000000,540.14232000
2024-03-31T00:00:00Z,69582.17000000,69963.45000000,69562.99000000,69872.29000000,963.49455000
2024-03-31T01:00:00Z,69872.29000000,70098.00000000,69838.25000000,70043.54000000,1124.61403000
2024-03-31T02:00:00Z,70043.53000000,70165.86000000,69950.00000000,69990.01000000,448.00123000
2024-03-31T03:00:00Z,69990.01000000,70000.00000000,69764.71000000,69916.61000000,435.77737000
2024-03-31T04:00:00Z,69916.60000000,70124.60000000,69874.54000000,70116.01000000,471.62060000
2024-03-31T05:00:00Z,70116.01000000,70460.00000000,70049.99000000,70345.64000000,1631.95846000
2024-03-31T06:00:00Z,70345.63000000,70395.36000000,70185.20000000,70215.00000000,749.52905000
2024-03-31T07:00:00Z,70215.00000000,70340.15000000,70163.45000000,70301.73000000,637.99994000
2024-03-31T08:00:00Z,70301.72000000,70470.00000000,70231.51000000,70266.00000000,670.14748000
2024-03-31T09:00:00Z,70266.00000000,70308.57000000,70147.77000000,70225.32000000,348.08706000
2024-03-31T10:00:00Z,70225.31000000,70312.94000000,70214.52000000,70267.12000000,386.25589000
2024-03-31T11:00:00Z,70267.13000000,70426.47000000,70267.12000000,70369.99000000,569.18945000
2024-03-31T12:00:00Z,70369.99000000,70606.00000000,70340.17000000,70500.00000000,875.34429000
2024-03-31T13:00:00Z,70500.00000000,70759.10000000,70499.99000000,70585.99000000,1135.42895000
2024-03-31T14:00:00Z,70585.99000000,70680.00000000,70442.00000000,70535.48000000,830.86428000
2024-03-31T15:00:00Z,70535.48000000,70535.48000000,70289.72000000,70381.13000000,738.10256000
2024-03-31T16:00:00Z,70381.13000000,70666.00000000,70321.86000000,70469.21000000,762.74413000
2024-03-31T17:00:00Z,70469.21000000,70556.23000000,70440.00000000,70509.11000000,365.12099000
2024-03-31T18:00:00Z,70509.11000000,71227.22000000,70440.49000000,70856.60000000,1636.42274000
2024-03-31T19:00:00Z,70856.61000000,71145.97000000,70647.06000000,71023.50000000,948.18598000
2024-03-31T20:00:00Z,71023.51000000,71119.93000000,70740.00000000,70840.00000000,685.35975000
2024-03-31T21:00:00Z,70840.00000000,70941.17000000,70639.93000000,70856.00000000,732.46953000
2024-03-31T22:00:00Z,70855.99000000,71070.93000000,70840.01000000,70970.00000000,735.39599000
2024-03-31T23:00:00Z,70969.99000000,71366.00000000,70923.91000000,71280.01000000,1514.23003000
2024-04-01T00:00:00Z,71280.00000000,71288.23000000,70844.14000000,71152.86000000,1116.65969000
2024-04-01T01:00:00Z,71152.86000000,71172.08000000,70794.12000000,70819.25000000,882.38745000
2024-04-01T02:00:00Z,70819.26000000,70902.80000000,70759.39000000,70866.98000000,628.48334000
2024-04-01T03:00:00Z,70866.99000000,70880.00000000,70520.51000000,70588.01000000,733.28369000
2024-04-01T04:00:00Z,70588.01000000,70648.83000000,70417.61000000,70429.99000000,749.62684000
2024-04-01T05:00:00Z,70429.98000000,70515.60000000,69000.00000000,69167.48000000,3934.73092000
2024-04-01T06:00:00Z,69167.47000000,69671.64000000,68888.00000000,69614.96000000,3472.40672000
2024-04-01T07:00:00Z,69614.96000000,69786.00000000,69520.00000000,69594.94000000,1599.73414000
2024-04-01T08:00:00Z,69594.94000000,69594.94000000,69165.35000000,69388.64000000,1853.67407000
2024-04-01T09:00:00Z,69388.64000000,69616.65000000,69388.64000000,69395.00000000,995.46884000
2024-04-01T10:00:00Z,69395.00000000,69577.14000000,69280.01000000,69554.01000000,924.22077000
2024-04-01T11:00:00Z,69554.00000000,69799.98000000,69440.00000000,69460.01000000,1012.38114000
2024-04-01T12:00:00Z,69460.00000000,69841.13000000,69400.69000000,69841.13000000,873.57170000
2024-04-01T13:00:00Z,69841.13000000,70080.00000000,69654.22000000,69880.00000000,1739.02271000
2024-04-01T14:00:00Z,69880.00000000,69933.93000000,68611.45000000,68906.07000000,3694.44969000
2024-04-01T15:00:00Z,68906.07000000,69021.66000000,68161.48000000,68237.15000000,4703.86070000
2024-04-01T16:00:00Z,68237.15000000,68784.53000000,68062.86000000,68566.16000000,2144.08693000
2024-04-01T17:00:00Z,68566.17000000,68752.03000000,68201.12000000,68750.01000000,1663.95304000
2024-04-01T18:00:00Z,68750.00000000,68980.25000000,68450.00000000,68927.10000000,1618.87824000
2024-04-01T19:00:00Z,68927.10000000,69816.24000000,68884.91000000,69648.01000000,2915.61918000
2024-04-01T20:00:00Z,69648.01000000,69785.34000000,69327.66000000,69730.06000000,1280.51944000
2024-04-01T21:00:00Z,69730.06000000,69900.00000000,69552.10000000,69586.00000000,1013.73438000
2024-04-01T22:00:00Z,69585.99000000,69853.87000000,69577.96000000,69711.79000000,1228.91818000
2024-04-01T23:00:00Z,69711.80000000,69876.04000000,69634.70000000,69649.80000000,665.64859000
2024-04-02T00:00:00Z,69649.81000000,69674.23000000,69040.00000000,69349.08000000,1454.31705000
2024-04-02T01:00:00Z,69349.08000000,69600.00000000,69250.00000000,69391.12000000,796.88007000
2024-04-02T02:00:00Z,69391.12000000,69417.23000000,66000.00000000,66996.00000000,8824.11958000
2024-04-02T03:00:00Z,66996.01000000,67278.78000000,66509.68000000,66703.97000000,3652.23391000
2024-04-02T04:00:00Z,66703.97000000,66940.00000000,66322.24000000,66592.08000000,2691.12885000
2024-04-02T05:00:00Z,66592.09000000,66835.39000000,66120.75000000,66764.65000000,2534.68227000
2024-04-02T06:00:00Z,66764.64000000,67120.00000000,66700.00000000,66866.97000000,1907.72996000
2024-04-02T07:00:00Z,66866.97000000,66893.10000000,66446.22000000,66455.50000000,1694.86712000
2024-04-02T08:00:00Z,66455.50000000,66705.08000000,66106.58000000,66240.02000000,2077.24037000
2024-04-02T09:00:00Z,66240.02000000,66536.05000000,65746.20000000,66080.74000000,3504.04117000
2024-04-02T10:00:00Z,66080.74000000,66280.00000000,65454.55000000,65984.00000000,2544.54657000
2024-04-02T11:00:00Z,65984.01000000,66037.97000000,65075.00000000,65622.69000000,4910.76911000
2024-04-02T12:00:00Z,65622.69000000,65834.00000000,65130.01000000,65345.59000000,2504.25447000
2024-04-02T13:00:00Z,65345.58000000,65448.84000000,64588.58000000,65224.20000000,5329.13582000
2024-04-02T14:00:00Z,65224.20000000,66249.83000000,65170.00000000,65702.31000000,5243.12798000
2024-04-02T15:00:00Z,65702.31000000,66111.55000000,64666.81000000,64890.00000000,4588.52623000
2024-04-02T16:00:00Z,64889.99000000,65750.00000000,64550.00000000,65543.91000000,3533.76175000
2024-04-02T17:00:00Z,65543.91000000,65680.00000000,65275.42000000,65608.01000000,1846.64237000
2024-04-02T18:00:00Z,65608.02000000,66050.00000000,65386.96000000,65811.01000000,2924.99067000
2024-04-02T19:00:00Z,65811.01000000,66200.00000000,65779.23000000,65914.90000000,3176.02426000
2024-04-02T20:00:00Z,65914.91000000,66120.00000000,65500.98000000,65650.43000000,2576.66574000
2024-04-02T21:00:00Z,65650.42000000,65821.14000000,65200.00000000,65692.78000000,1942.47144000
2024-04-02T22:00:00Z,65692.77000000,65933.76000000,65564.24000000,65815.96000000,773.09406000
2024-04-02T23:00:00Z,65815.96000000,65830.00000000,65360.00000000,65463.99000000,768.57711000
2024-04-03T00:00:00Z,65463.99000000,65610.00000000,64493.07000000,65387.99000000,4115.32826000
2024-04-03T01:00:00Z,65388.00000000,65930.51000000,65090.00000000,65792.43000000,2368.51560000
2024-04-03T02:00:00Z,65792.42000000,66052.00000000,65683.74000000,65906.49000000,1601.22687000
2024-04-03T03:00:00Z,65906.49000000,66288.88000000,65764.00000000,66225.79000000,1266.05890000
2024-04-03T04:00:00Z,66225.79000000,66478.59000000,66120.00000000,66320.41000000,1350.05763000
2024-04-03T05:00:00Z,66320.41000000,66363.64000000,65920.00000000,66077.10000000,1214.21918000
2024-04-03T06:00:00Z,66077.11000000,66377.00000000,66052.00000000,66350.79000000,881.64606000
2024-04-03T07:00:00Z,66350.79000000,66483.87000000,66113.31000000,66135.99000000,1075.88661000
2024-04-03T08:00:00Z,66135.98000000,66642.36000000,65990.00000000,66518.04000000,1982.33146000
2024-04-03T09:00:00Z,66518.05000000,66637.43000000,66333.00000000,66484.58000000,1467.80154000
2024-04-03T10:00:00Z,66484.57000000,66519.79000000,66020.00000000,66197.62000000,1502.92494000
2024-04-03T11:00:00Z,66197.63000000,66224.00000000,65538.06000000,66059.76000000,1536.86632000
2024-04-03T12:00:00Z,66059.75000000,66220.00000000,65729.73000000,65899.99000000,1284.22549000
2024-04-03T13:00:00Z,65900.00000000,66020.83000000,65635.01000000,65804.01000000,1168.07952000
2024-04-03T14:00:00Z,65804.01000000,66903.63000000,65804.00000000,66627.93000000,2936.82332000
2024-04-03T15:00:00Z,66627.93000000,66648.00000000,65715.67000000,65836.01000000,1934.31631000
2024-04-03T16:00:00Z,65836.02000000,66550.00000000,65790.21000000,66194.50000000,1953.60463000
2024-04-03T17:00:00Z,66194.51000000,66376.00000000,65829.87000000,65952.01000000,1113.00368000
2024-04-03T18:00:00Z,65952.00000000,66119.68000000,65451.62000000,66003.07000000,1784.21710000
2024-04-03T19:00:00Z,66003.08000000,66150.00000000,65714.29000000,65784.00000000,1581.17411000
2024-04-03T20:00:00Z,65784.01000000,65840.00000000,65531.92000000,65712.01000000,2058.69155000
2024-04-03T21:00:00Z,65712.00000000,65935.48000000,65476.63000000,65918.71000000,1300.72700000
2024-04-03T22:00:00Z,65918.71000000,66243.05000000,65851.07000000,66140.00000000,1819.95061000
2024-04-03T23:00:00Z,66140.01000000,66297.40000000,65950.00000000,65963.28000000,589.54109000
2024-04-04T00:00:00Z,65963.27000000,66354.83000000,65824.00000000,66288.00000000,827.75629000
2024-04-04T01:00:00Z,66288.00000000,66296.00000000,66020.00000000,66143.99000000,538.36643000
2024-04-04T02:00:00Z,66143.99000000,66152.00000000,65454.55000000,65744.38000000,1570.04260000
2024-04-04T03:00:00Z,65744.38000000,65796.59000000,65542.03000000,65620.01000000,833.96919000
2024-04-04T04:00:00Z,65620.00000000,65699.43000000,65064.52000000,65480.41000000,1613.65293000
2024-04-04T05:00:00Z,65480.41000000,65710.58000000,65384.00000000,65591.57000000,725.26904000
2024-04-04T06:00:00Z,65591.57000000,65814.69000000,65548.67000000,65768.00000000,650.47753000
2024-04-04T07:00:00Z,65768.01000000,66290.32000000,65661.05000000,66091.60000000,1749.91757000
2024-04-04T08:00:00Z,66091.59000000,66435.02000000,66028.00000000,66220.01000000,1001.80238000
2024-04-04T09:00:00Z,66220.02000000,66406.55000000,66172.00000000,66273.37000000,707.28432000
2024-04-04T10:00:00Z,66273.38000000,66468.99000000,66141.27000000,66278.62000000,833.25500000
2024-04-04T11:00:00Z,66278.61000000,66431.34000000,66108.85000000,66353.67000000,886.30026000
2024-04-04T12:00:00Z,66353.68000000,66816.66000000,66330.56000000,66709.00000000,2110.78859000
2024-04-04T13:00:00Z,66709.00000000,67500.00000000,66690.00000000,67242.15000000,3459.83249000
2024-04-04T14:00:00Z,67242.14000000,67927.69000000,67075.70000000,67691.97000000,3384.05973000
2024-04-04T15:00:00Z,67691.98000000,67808.00000000,67428.57000000,67647.99000000,1840.61889000
2024-04-04T16:00:00Z,67648.00000000,68188.00000000,67526.50000000,67807.64000000,2087.67665000
2024-04-04T17:00:00Z,67807.65000000,68896.10000000,67721.41000000,68849.18000000,2272.37867000
2024-04-04T18:00:00Z,68849.18000000,69309.91000000,68510.63000000,68593.50000000,4368.68160000
2024-04-04T19:00:00Z,68593.50000000,69086.23000000,68334.24000000,68500.00000000,2553.96967000
2024-04-04T20:00:00Z,68500.00000000,68551.99000000,67320.00000000,67931.26000000,3868.35856000
2024-04-04T21:00:00Z,67931.26000000,68148.69000000,67495.00000000,67787.90000000,1401.80098000
2024-04-04T22:00:00Z,67787.91000000,68051.94000000,67604.93000000,67937.05000000,737.03732000
2024-04-04T23:00:00Z,67937.06000000,68565.54000000,67889.20000000,68487.79000000,1487.18784000
2024-04-05T00:00:00Z,68487.80000000,68756.67000000,68166.66000000,68606.00000000,1175.08722000
2024-04-05T01:00:00Z,68606.01000000,68615.58000000,67760.93000000,68160.00000000,1670.18970000
2024-04-05T02:00:00Z,68160.00000000,68161.82000000,67435.67000000,67600.00000000,1715.61727000
2024-04-05T03:00:00Z,67599.99000000,68033.33000000,67570.00000000,67863.99000000,1213.46103000
2024-04-05T04:00:00Z,67864.00000000,68028.00000000,67450.01000000,67647.99000000,1133.66513000
2024-04-05T05:00:00Z,67648.00000000,67750.99000000,66380.00000000,66888.04000000,2488.49304000
2024-04-05T06:00:00Z,66888.03000000,67179.56000000,66770.86000000,67140.56000000,1020.72921000
2024-04-05T07:00:00Z,67140.56000000,67144.55000000,66832.50000000,66930.74000000,1015.32190000
2024-04-05T08:00:00Z,66930.75000000,67684.26000000,66917.74000000,67151.21000000,1465.32326000
2024-04-05T09:00:00Z,67151.20000000,67151.21000000,66383.01000000,66805.98000000,1896.92624000
2024-04-05T10:00:00Z,66805.99000000,67213.84000000,66708.01000000,67034.65000000,1184.71947000
2024-04-05T11:00:00Z,67034.66000000,67087.98000000,66388.00000000,66478.00000000,1373.76533000
2024-04-05T12:00:00Z,66478.00000000,66888.00000000,65952.56000000,66883.99000000,3678.85999000
2024-04-05T13:00:00Z,66883.99000000,67589.61000000,66524.18000000,67500.00000000,2645.03909000
2024-04-05T14:00:00Z,67500.01000000,68566.66000000,67314.11000000,68139.39000000,3816.29678000
2024-04-05T15:00:00Z,68139.39000000,68268.14000000,67628.20000000,68190.62000000,1640.95515000
2024-04-05T16:00:00Z,68190.62000000,68380.00000000,67680.00000000,67953.80000000,1475.64352000
2024-04-05T17:00:00Z,67953.79000000,67986.83000000,67358.93000000,67442.49000000,1069.21575000
2024-04-05T18:00:00Z,67442.49000000,67729.54000000,67316.00000000,67629.02000000,1385.22601000
2024-04-05T19:00:00Z,67629.01000000,68096.00000000,67382.60000000,67412.40000000,2134.09921000
2024-04-05T20:00:00Z,67412.41000000,67758.04000000,67342.00000000,67643.48000000,913.59767000
2024-04-05T21:00:00Z,67643.48000000,67838.07000000,67515.44000000,67515.45000000,657.73746000
2024-04-05T22:00:00Z,67515.44000000,67843.55000000,67503.31000000,67628.53000000,582.37176000
2024-04-05T23:00:00Z,67628.53000000,67966.67000000,67628.52000000,67820.62000000,562.88954000
2024-04-06T00:00:00Z,67820.63000000,68065.20000000,67686.23000000,67900.57000000,864.08882000
2024-04-06T01:00:00Z,67900.56000000,67977.73000000,67643.47000000,67689.99000000,752.97272000
2024-04-06T02:00:00Z,67689.99000000,67765.77000000,67447.83000000,67574.59000000,1037.00772000
2024-04-06T03:00:00Z,67574.60000000,67882.50000000,67574.59000000,67788.01000000,522.70715000
2024-04-06T04:00:00Z,67788.00000000,67819.13000000,67602.00000000,67735.84000000,571.42809000
2024-04-06T05:00:00Z,67735.84000000,68232.14000000,67720.17000000,68038.74000000,1113.53981000
2024-04-06T06:00:00Z,68038.75000000,68162.90000000,67845.20000000,68109.42000000,581.55984000
2024-04-06T07:00:00Z,68109.43000000,68189.33000000,67940.54000000,67992.02000000,803.90434000
2024-04-06T08:00:00Z,67992.02000000,68106.88000000,67859.53000000,68012.14000000,775.39042000
2024-04-06T09:00:00Z,68012.15000000,68120.00000000,67747.86000000,67792.00000000,856.29225000
2024-04-06T10:00:00Z,67792.00000000,67886.37000000,67714.72000000,67842.17000000,503.36071000
2024-04-06T11:00:00Z,67842.18000000,67904.35000000,67615.22000000,67668.16000000,507.81819000
2024-04-06T12:00:00Z,67668.16000000,67796.69000000,67582.30000000,67738.37000000,768.19390000
2024-04-06T13:00:00Z,67738.36000000,67745.13000000,67527.78000000,67699.99000000,679.92389000
2024-04-06T14:00:00Z,67700.00000000,68109.13000000,67684.00000000,67993.99000000,890.76678000
2024-04-06T15:00:00Z,67994.00000000,68299.00000000,67896.48000000,68104.00000000,1229.38347000
2024-04-06T16:00:00Z,68104.01000000,68174.00000000,67948.83000000,68143.48000000,592.98858000
2024-04-06T17:00:00Z,68143.48000000,68484.09000000,68039.94000000,68287.30000000,819.79599000
2024-04-06T18:00:00Z,68287.30000000,68379.82000000,68163.62000000,68307.28000000,456.49398000
2024-04-06T19:00:00Z,68307.28000000,68415.00000000,68218.00000000,68259.98000000,493.84003000
2024-04-06T20:00:00Z,68259.99000000,68395.00000000,68166.66000000,68390.00000000,437.40109000
2024-04-06T21:00:00Z,68390.00000000,68434.88000000,68298.82000000,68299.65000000,565.49843000
2024-04-06T22:00:00Z,68299.65000000,69101.00000000,68286.33000000,69056.00000000,1866.64982000
2024-04-06T23:00:00Z,69056.00000000,69692.00000000,68800.00000000,68896.00000000,2443.28317000
2024-04-07T00:00:00Z,68896.00000000,69150.00000000,68824.00000000,68999.99000000,711.73347000
2024-04-07T01:00:00Z,68999.99000000,69655.16000000,68998.57000000,69541.65000000,1393.28874000
2024-04-07T02:00:00Z,69541.65000000,69777.00000000,69300.00000000,69300.00000000,1170.74387000
2024-04-07T03:00:00Z,69300.01000000,69510.00000000,69250.00000000,69408.05000000,794.54542000
2024-04-07T04:00:00Z,69408.04000000,69493.98000000,69053.97000000,69304.44000000,765.60294000
2024-04-07T05:00:00Z,69304.44000000,69464.00000000,69267.07000000,69397.76000000,471.13373000
2024-04-07T06:00:00Z,69397.76000000,69414.87000000,69110.81000000,69244.09000000,570.38760000
2024-04-07T07:00:00Z,69244.08000000,69482.44000000,69213.84000000,69364.01000000,699.71269000
2024-04-07T08:00:00Z,69364.00000000,69555.00000000,69333.72000000,69479.99000000,790.46725000
2024-04-07T09:00:00Z,69479.99000000,69493.25000000,69199.01000000,69289.99000000,682.01068000
2024-04-07T10:00:00Z,69290.00000000,69495.15000000,69236.00000000,69328.14000000,479.75183000
2024-04-07T11:00:00Z,69328.14000000,69407.72000000,69200.00000000,69357.00000000,456.74728000
2024-04-07T12:00:00Z,69357.00000000,69415.59000000,69210.00000000,69335.99000000,537.54178000
2024-04-07T13:00:00Z,69336.00000000,69550.00000000,69285.71000000,69349.93000000,672.01675000
2024-04-07T14:00:00Z,69349.93000000,69664.67000000,69220.00000000,69578.44000000,900.17727000
2024-04-07T15:00:00Z,69578.44000000,69886.03000000,69360.44000000,69543.74000000,1399.12074000
2024-04-07T16:00:00Z,69543.73000000,70326.29000000,69483.90000000,70074.00000000,2841.73986000
2024-04-07T17:00:00Z,70074.01000000,70112.00000000,69658.19000000,69798.01000000,1069.84594000
2024-04-07T18:00:00Z,69798.02000000,69828.00000000,69234.14000000,69390.01000000,1027.88794000
2024-04-07T19:00:00Z,69390.01000000,69508.71000000,68849.77000000,69068.01000000,1426.15758000
2024-04-07T20:00:00Z,69068.01000000,69403.70000000,68960.01000000,69309.69000000,604.64834000
2024-04-07T21:00:00Z,69309.70000000,69413.10000000,69031.29000000,69031.30000000,483.16273000
2024-04-07T22:00:00Z,69031.30000000,69344.40000000,68901.00000000,69200.00000000,699.97793000
2024-04-07T23:00:00Z,69200.00000000,69477.18000000,69188.05000000,69360.39000000,886.34197000
2024-04-08T00:00:00Z,69360.38000000,69432.00000000,69043.24000000,69325.99000000,711.34576000
2024-04-08T01:00:00Z,69326.00000000,69841.03000000,69285.70000000,69437.02000000,927.56850000
2024-04-08T02:00:00Z,69437.03000000,69437.03000000,69126.36000000,69228.00000000,627.63335000
2024-04-08T03:00:00Z,69228.00000000,69500.00000000,69134.99000000,69458.95000000,517.01586000
2024-04-08T04:00:00Z,69458.95000000,69500.00000000,69280.00000000,69382.00000000,358.18285000
2024-04-08T05:00:00Z,69382.01000000,69801.00000000,69382.00000000,69701.99000000,644.21026000
2024-04-08T06:00:00Z,69702.00000000,69818.04000000,69632.73000000,69790.29000000,689.06081000
2024-04-08T07:00:00Z,69790.29000000,70850.00000000,69790.28000000,70698.63000000,4052.43625000
2024-04-08T08:00:00Z,70698.64000000,72111.99000000,70642.00000000,71968.00000000,6618.95587000
2024-04-08T09:00:00Z,71968.00000000,72650.00000000,71650.32000000,72197.25000000,5364.63217000
2024-04-08T10:00:00Z,72197.26000000,72374.00000000,71792.06000000,72323.98000000,2864.57420000
2024-04-08T11:00:00Z,72323.99000000,72647.86000000,72218.27000000,72404.00000000,2735.39030000
2024-04-08T12:00:00Z,72404.00000000,72797.99000000,72137.48000000,72180.02000000,3473.21370000
2024-04-08T13:00:00Z,72180.01000000,72310.01000000,71691.35000000,71944.31000000,2849.00307000
2024-04-08T14:00:00Z,71944.31000000,71985.38000000,71245.17000000,71726.00000000,3300.86317000
2024-04-08T15:00:00Z,71725.99000000,71987.00000000,71598.45000000,71773.98000000,1771.16688000
2024-04-08T16:00:00Z,71773.98000000,72021.56000000,71556.53000000,71740.10000000,1315.49299000
2024-04-08T17:00:00Z,71740.10000000,71800.00000000,71300.00000000,71699.23000000,1275.99193000
2024-04-08T18:00:00Z,71699.23000000,72104.05000000,71672.34000000,71908.61000000,1082.45857000
2024-04-08T19:00:00Z,71908.60000000,71973.60000000,71564.51000000,71766.00000000,1535.56493000
2024-04-08T20:00:00Z,71766.00000000,71818.77000000,71500.37000000,71711.99000000,999.79853000
2024-04-08T21:00:00Z,71711.98000000,71900.00000000,71628.01000000,71692.01000000,660.04808000
2024-04-08T22:00:00Z,71692.01000000,71960.00000000,71599.90000000,71916.09000000,641.99085000
2024-04-08T23:00:00Z,71916.08000000,72000.00000000,71610.01000000,71620.00000000,707.27736000
2024-04-09T00:00:00Z,71620.00000000,71758.19000000,71320.01000000,71419.99000000,956.13499000
2024-04-09T01:00:00Z,71420.00000000,71439.80000000,70833.33000000,71275.46000000,1696.79955000
2024-04-09T02:00:00Z,71275.45000000,71618.95000000,71156.77000000,71477.44000000,784.59893000
2024-04-09T03:00:00Z,71477.44000000,71641.97000000,71186.02000000,71285.00000000,854.25669000
2024-04-09T04:00:00Z,71285.00000000,71339.79000000,70917.20000000,71208.01000000,982.08185000
2024-04-09T05:00:00Z,71208.02000000,71323.66000000,70957.00000000,71056.00000000,803.13804000
2024-04-09T06:00:00Z,71055.99000000,71265.47000000,70560.00000000,70765.69000000,1708.51726000
2024-04-09T07:00:00Z,70765.70000000,70940.90000000,70110.00000000,70383.99000000,2696.62190000
2024-04-09T08:00:00Z,70383.98000000,70600.00000000,69576.61000000,70500.01000000,3161.35314000
2024-04-09T09:00:00Z,70500.01000000,70860.65000000,70256.98000000,70392.18000000,1396.11493000
2024-04-09T10:00:00Z,70392.18000000,70697.04000000,70234.99000000,70566.64000000,1251.14011000
2024-04-09T11:00:00Z,70566.63000000,70905.26000000,70566.63000000,70794.85000000,1164.05878000
2024-04-09T12:00:00Z,70794.84000000,70977.00000000,70654.38000000,70690.00000000,1369.09848000
2024-04-09T13:00:00Z,70690.00000000,70920.00000000,69921.62000000,69928.00000000,2320.93526000
2024-04-09T14:00:00Z,69928.00000000,70429.04000000,68611.00000000,69358.32000000,5575.38122000
2024-04-09T15:00:00Z,69358.32000000,69360.00000000,68535.03000000,69264.00000000,2890.83319000
2024-04-09T16:00:00Z,69264.00000000,69320.00000000,68516.15000000,68601.24000000,2409.92797000
2024-04-09T17:00:00Z,68601.25000000,68962.43000000,68210.00000000,68823.99000000,2349.39623000
2024-04-09T18:00:00Z,68823.99000000,69025.89000000,68769.79000000,68879.23000000,844.48608000
2024-04-09T19:00:00Z,68879.22000000,69174.00000000,68656.08000000,69000.77000000,1039.09661000
2024-04-09T20:00:00Z,69000.78000000,69208.20000000,68962.31000000,69171.19000000,793.03996000
2024-04-09T21:00:00Z,69171.18000000,69250.00000000,68935.64000000,69213.83000000,662.49907000
2024-04-09T22:00:00Z,69213.83000000,69439.60000000,69144.59000000,69325.65000000,648.41501000
2024-04-09T23:00:00Z,69325.64000000,69332.00000000,68888.47000000,69146.00000000,935.97717000
2024-04-10T00:00:00Z,69146.00000000,69304.26000000,69025.97000000,69138.81000000,715.56915000
2024-04-10T01:00:00Z,69138.81000000,69269.76000000,68603.92000000,69269.75000000,1275.36787000
2024-04-10T02:00:00Z,69269.75000000,69594.15000000,68466.63000000,68651.98000000,1636.05293000
2024-04-10T03:00:00Z,68651.98000000,69180.00000000,68625.61000000,69150.18000000,913.59608000
2024-04-10T04:00:00Z,69150.18000000,69199.99000000,69005.55000000,69134.33000000,664.06061000
2024-04-10T05:00:00Z,69134.34000000,69414.20000000,69121.35000000,69255.82000000,860.44791000
2024-04-10T06:00:00Z,69255.82000000,69479.80000000,69227.62000000,69369.25000000,548.02237000
2024-04-10T07:00:00Z,69369.25000000,69515.00000000,69268.47000000,69336.28000000,570.97164000
2024-04-10T08:00:00Z,69336.27000000,69336.28000000,68800.00000000,69011.92000000,1650.45776000
2024-04-10T09:00:00Z,69011.92000000,69171.75000000,68902.43000000,69139.20000000,642.38466000
2024-04-10T10:00:00Z,69139.19000000,69180.00000000,68629.99000000,68932.01000000,1609.82407000
2024-04-10T11:00:00Z,68932.01000000,69132.61000000,68853.83000000,69043.00000000,906.73349000
2024-04-10T12:00:00Z,69043.00000000,69204.28000000,67559.99000000,67976.00000000,5516.60171000
2024-04-10T13:00:00Z,67975.99000000,68313.10000000,67518.00000000,68259.77000000,3072.05611000
2024-04-10T14:00:00Z,68259.77000000,68974.58000000,68009.94000000,68703.05000000,3478.03076000
2024-04-10T15:00:00Z,68703.04000000,68760.71000000,68264.00000000,68657.32000000,1682.31921000
2024-04-10T16:00:00Z,68657.31000000,69536.00000000,68556.00000000,69500.00000000,3187.58870000
2024-04-10T17:00:00Z,69499.99000000,69910.96000000,69142.81000000,69350.11000000,2312.62275000
2024-04-10T18:00:00Z,69350.10000000,69411.34000000,69071.00000000,69314.33000000,1412.90652000
2024-04-10T19:00:00Z,69314.33000000,70098.89000000,69219.14000000,70083.99000000,2385.51575000
2024-04-10T20:00:00Z,70084.00000000,70136.00000000,69740.00000000,69812.01000000,1217.11763000
2024-04-10T21:00:00Z,69812.01000000,70036.81000000,69581.03000000,70017.00000000,1101.47126000
2024-04-10T22:00:00Z,70017.01000000,71172.08000000,70017.00000000,70528.00000000,3828.13230000
2024-04-10T23:00:00Z,70528.00000000,70799.99000000,70488.38000000,70631.08000000,818.17253000
2024-04-11T00:00:00Z,70631.08000000,70663.21000000,70285.13000000,70520.01000000,1005.36439000
2024-04-11T01:00:00Z,70520.00000000,70760.00000000,70469.12000000,70553.28000000,1032.83936000
2024-04-11T02:00:00Z,70553.28000000,71062.00000000,70500.00000000,70995.66000000,1289.73952000
2024-04-11T03:00:00Z,70995.66000000,71027.99000000,70773.58000000,70851.67000000,685.78169000
2024-04-11T04:00:00Z,70851.66000000,70888.35000000,70378.11000000,70604.01000000,885.62645000
2024-04-11T05:00:00Z,70604.01000000,70680.00000000,70444.00000000,70583.99000000,564.78247000
2024-04-11T06:00:00Z,70583.99000000,70848.76000000,70564.00000000,70717.82000000,790.52112000
2024-04-11T07:00:00Z,70717.81000000,71305.89000000,70717.81000000,70735.99000000,1536.14398000
2024-04-11T08:00:00Z,70736.00000000,71256.27000000,70617.25000000,71039.39000000,1438.77840000
2024-04-11T09:00:00Z,71039.40000000,71053.61000000,70596.43000000,70604.00000000,1062.48344000
2024-04-11T10:00:00Z,70604.00000000,70785.05000000,70421.56000000,70459.99000000,930.42306000
2024-04-11T11:00:00Z,70460.00000000,70596.00000000,69881.31000000,69983.16000000,1719.91629000
2024-04-11T12:00:00Z,69983.16000000,71100.00000000,69867.76000000,70858.83000000,3246.16925000
2024-04-11T13:00:00Z,70858.82000000,70988.00000000,69669.75000000,70284.00000000,3997.21616000
2024-04-11T14:00:00Z,70284.01000000,70350.01000000,69584.00000000,69600.54000000,2570.16521000
2024-04-11T15:00:00Z,69600.55000000,70026.25000000,69567.21000000,70000.00000000,1533.57964000
2024-04-11T16:00:00Z,70000.00000000,70133.17000000,69574.88000000,70011.99000000,1332.97941000
2024-04-11T17:00:00Z,70011.99000000,70446.03000000,70000.00000000,70203.99000000,1215.82138000
2024-04-11T18:00:00Z,70203.99000000,70429.32000000,69951.18000000,70099.75000000,897.90056000
2024-04-11T19:00:00Z,70099.75000000,70529.73000000,70008.00000000,70459.67000000,1127.66947000
2024-04-11T20:00:00Z,70459.67000000,70746.09000000,70383.80000000,70499.62000000,1202.78100000
2024-04-11T21:00:00Z,70499.63000000,70504.99000000,70000.00000000,70115.41000000,814.56488000
2024-04-11T22:00:00Z,70115.41000000,70259.46000000,70033.52000000,70151.26000000,515.91319000
2024-04-11T23:00:00Z,70151.26000000,70196.00000000,69804.87000000,70006.23000000,520.09563000
2024-04-12T00:00:00Z,70006.22000000,70336.38000000,70002.22000000,70301.63000000,766.09927000
2024-04-12T01:00:00Z,70301.63000000,70367.29000000,70113.60000000,70280.01000000,420.86936000
2024-04-12T02:00:00Z,70280.01000000,70775.00000000,70208.73000000,70635.93000000,854.84856000
2024-04-12T03:00:00Z,70635.92000000,70996.91000000,70635.92000000,70977.27000000,2503.35674000
2024-04-12T04:00:00Z,70977.27000000,71227.46000000,70812.56000000,71115.99000000,981.71837000
2024-04-12T05:00:00Z,71116.00000000,71175.99000000,70887.72000000,70956.32000000,713.78496000
2024-04-12T06:00:00Z,70956.32000000,71012.00000000,70713.70000000,70871.05000000,643.62163000
2024-04-12T07:00:00Z,70871.04000000,70967.92000000,70566.02000000,70764.01000000,1348.37882000
2024-04-12T08:00:00Z,70764.00000000,70893.58000000,70582.52000000,70759.99000000,1004.79268000
2024-04-12T09:00:00Z,70759.99000000,70863.51000000,70509.58000000,70652.00000000,1217.79727000
2024-04-12T10:00:00Z,70652.00000000,70868.00000000,70601.23000000,70786.40000000,811.43225000
2024-04-12T11:00:00Z,70786.41000000,70972.00000000,70760.01000000,70904.01000000,894.03242000
2024-04-12T12:00:00Z,70904.00000000,70975.54000000,70323.96000000,70534.24000000,1640.42822000
2024-04-12T13:00:00Z,70534.23000000,70534.24000000,69631.06000000,69888.00000000,2931.86107000
2024-04-12T14:00:00Z,69888.00000000,70090.55000000,69236.95000000,69270.01000000,3664.55336000
2024-04-12T15:00:00Z,69270.02000000,69718.35000000,69248.33000000,69347.30000000,2431.83907000
2024-04-12T16:00:00Z,69347.30000000,69580.00000000,68679.61000000,68840.54000000,3977.93424000
2024-04-12T17:00:00Z,68840.54000000,68960.00000000,67444.00000000,68140.02000000,6511.37870000
2024-04-12T18:00:00Z,68140.01000000,68383.63000000,65086.86000000,66492.00000000,10945.83460000
2024-04-12T19:00:00Z,66492.00000000,67335.22000000,66329.19000000,66843.98000000,4771.42177000
2024-04-12T20:00:00Z,66843.98000000,67440.00000000,66700.00000000,67120.00000000,2773.54975000
2024-04-12T21:00:00Z,67119.99000000,67128.64000000,66680.84000000,66960.01000000,1632.06929000
2024-04-12T22:00:00Z,66960.00000000,67270.53000000,66828.01000000,67053.33000000,1301.73596000
2024-04-12T23:00:00Z,67053.33000000,67230.19000000,66812.00000000,67116.52000000,1329.52393000
2024-04-13T00:00:00Z,67116.52000000,67142.86000000,66737.64000000,66913.27000000,1313.37120000
2024-04-13T01:00:00Z,66913.27000000,66928.00000000,65731.27000000,65886.63000000,3105.40601000
2024-04-13T02:00:00Z,65886.64000000,66593.41000000,65871.49000000,66535.99000000,1855.81733000
2024-04-13T03:00:00Z,66536.00000000,67168.00000000,66483.87000000,67160.55000000,1472.46102000
2024-04-13T04:00:00Z,67160.55000000,67929.00000000,67012.67000000,67587.62000000,2173.96631000
2024-04-13T05:00:00Z,67587.63000000,67907.84000000,67300.30000000,67345.48000000,1872.75397000
2024-04-13T06:00:00Z,67345.48000000,67511.00000000,67258.63000000,67476.02000000,841.42651000
2024-04-13T07:00:00Z,67476.01000000,67563.66000000,67120.87000000,67446.52000000,988.19621000
2024-04-13T08:00:00Z,67446.53000000,67455.00000000,67090.83000000,67176.00000000,948.41034000
2024-04-13T09:00:00Z,67175.99000000,67475.00000000,67136.14000000,67393.85000000,839.66965000
2024-04-13T10:00:00Z,67393.84000000,67480.20000000,67311.77000000,67428.25000000,614.53458000
2024-04-13T11:00:00Z,67428.25000000,67825.91000000,67302.93000000,67360.00000000,973.53640000
2024-04-13T12:00:00Z,67360.01000000,67679.99000000,67169.97000000,67514.69000000,883.82838000
2024-04-13T13:00:00Z,67514.70000000,67774.20000000,67450.54000000,67552.03000000,798.83221000
2024-04-13T14:00:00Z,67552.02000000,67720.00000000,67369.67000000,67559.56000000,747.94807000
2024-04-13T15:00:00Z,67559.57000000,67926.00000000,67437.80000000,67676.00000000,1023.55800000
2024-04-13T16:00:00Z,67675.99000000,67752.85000000,67224.00000000,67432.37000000,1247.39850000
2024-04-13T17:00:00Z,67432.38000000,67437.56000000,66500.00000000,66730.87000000,2962.16593000
2024-04-13T18:00:00Z,66730.86000000,67243.47000000,66444.00000000,67156.27000000,2158.31780000
2024-04-13T19:00:00Z,67156.27000000,67241.55000000,63750.01000000,64788.01000000,5809.08901000
2024-04-13T20:00:00Z,64788.01000000,64853.90000000,60660.57000000,61816.02000000,20264.97307000
2024-04-13T21:00:00Z,61816.01000000,62959.48000000,61693.00000000,62928.01000000,6673.69922000
2024-04-13T22:00:00Z,62928.00000000,64615.38000000,62118.56000000,64293.46000000,6041.25271000
2024-04-13T23:00:00Z,64293.47000000,65608.09000000,63651.15000000,63924.51000000,5784.60776000
2024-04-14T00:00:00Z,63924.52000000,64303.87000000,62888.00000000,63672.18000000,4986.76877000
2024-04-14T01:00:00Z,63672.19000000,64085.70000000,63248.70000000,63743.11000000,2711.46781000
2024-04-14T02:00:00Z,63743.10000000,63953.75000000,63016.23000000,63084.18000000,2450.49110000
2024-04-14T03:00:00Z,63084.18000000,63576.36000000,62134.00000000,63437.55000000,4287.15479000
2024-04-14T04:00:00Z,63437.55000000,64176.46000000,63394.00000000,63956.99000000,2850.24367000
2024-04-14T05:00:00Z,63957.00000000,64466.00000000,63921.00000000,64383.99000000,2309.98164000
2024-04-14T06:00:00Z,64384.00000000,64872.96000000,64107.09000000,64649.96000000,2456.01877000
2024-04-14T07:00:00Z,64649.97000000,64837.07000000,64243.65000000,64464.30000000,2051.12833000
2024-04-14T08:00:00Z,64464.30000000,64887.99000000,64372.04000000,64530.67000000,1836.48316000
2024-04-14T09:00:00Z,64530.67000000,64721.65000000,63908.31000000,64134.19000000,2179.75735000
2024-04-14T10:00:00Z,64134.18000000,64659.80000000,64134.18000000,64457.23000000,1408.27273000
2024-04-14T11:00:00Z,64457.23000000,64591.44000000,63855.45000000,64166.05000000,1918.40990000
2024-04-14T12:00:00Z,64166.05000000,64848.49000000,64069.79000000,64525.25000000,1927.78743000
2024-04-14T13:00:00Z,64525.25000000,64845.37000000,64346.00000000,64373.42000000,1690.70103000
2024-04-14T14:00:00Z,64373.43000000,64400.00000000,63437.55000000,63918.01000000,5366.69865000
2024-04-14T15:00:00Z,63918.02000000,64475.37000000,63900.00000000,64180.97000000,1593.46490000
2024-04-14T16:00:00Z,64180.98000000,64747.25000000,64126.03000000,64412.37000000,1458.37622000
2024-04-14T17:00:00Z,64412.38000000,64580.01000000,62573.66000000,63868.58000000,5806.56587000
2024-04-14T18:00:00Z,63868.57000000,64695.40000000,63757.00000000,64397.67000000,2000.50410000
2024-04-14T19:00:00Z,64397.67000000,64474.23000000,63940.30000000,64168.62000000,1173.81682000
2024-04-14T20:00:00Z,64168.62000000,64350.00000000,63699.20000000,63842.36000000,1314.47247000
2024-04-14T21:00:00Z,63842.35000000,63848.49000000,63326.42000000,63682.15000000,1243.34830000
2024-04-14T22:00:00Z,63682.15000000,65463.56000000,63641.79000000,65330.30000000,4193.38241000
2024-04-14T23:00:00Z,65330.29000000,65840.00000000,65057.01000000,65661.84000000,2383.88196000
2024-04-15T00:00:00Z,65661.85000000,65867.45000000,65283.11000000,65485.23000000,2438.29742000
2024-04-15T01:00:00Z,65485.22000000,65706.53000000,65042.98000000,65275.62000000,1498.85105000
2024-04-15T02:00:00Z,65275.63000000,65361.47000000,64937.01000000,65129.74000000,1415.78066000
2024-04-15T03:00:00Z,65129.73000000,65323.77000000,65030.88000000,65138.19000000,868.20744000
2024-04-15T04:00:00Z,65138.20000000,65170.22000000,64683.01000000,64906.14000000,1243.69851000
2024-04-15T05:00:00Z,64906.13000000,65512.20000000,64903.60000000,65466.74000000,1223.27993000
2024-04-15T06:00:00Z,65466.73000000,66558.78000000,65355.45000000,66463.63000000,3993.62884000
2024-04-15T07:00:00Z,66463.63000000,66582.84000000,66151.41000000,66263.84000000,2429.09898000
2024-04-15T08:00:00Z,66263.84000000,66457.88000000,66064.48000000,66287.21000000,1624.73611000
2024-04-15T09:00:00Z,66287.22000000,66867.07000000,66119.12000000,66578.39000000,2117.72983000
2024-04-15T10:00:00Z,66578.39000000,66646.18000000,66378.03000000,66465.56000000,1177.63858000
2024-04-15T11:00:00Z,66465.57000000,66720.64000000,65807.25000000,65860.12000000,1675.54342000
2024-04-15T12:00:00Z,65860.12000000,66243.12000000,65797.73000000,66028.17000000,1298.08339000
2024-04-15T13:00:00Z,66028.17000000,66399.00000000,65684.65000000,65865.77000000,1931.80935000
2024-04-15T14:00:00Z,65865.78000000,65977.00000000,64183.99000000,64235.24000000,4647.76108000
2024-04-15T15:00:00Z,64235.25000000,64792.88000000,63810.00000000,64568.81000000,4020.12521000
2024-04-15T16:00:00Z,64568.80000000,64868.28000000,63892.88000000,64148.61000000,2858.50528000
2024-04-15T17:00:00Z,64148.61000000,64745.20000000,63310.99000000,63908.48000000,3464.22244000
2024-04-15T18:00:00Z,63908.48000000,64060.34000000,63111.00000000,63170.87000000,2962.24244000
2024-04-15T19:00:00Z,63170.86000000,63632.50000000,62274.40000000,63301.11000000,3914.29310000
2024-04-15T20:00:00Z,63301.11000000,63633.02000000,62942.82000000,63112.96000000,1584.37768000
2024-04-15T21:00:00Z,63112.96000000,63474.55000000,62632.00000000,63262.94000000,1529.66816000
2024-04-15T22:00:00Z,63262.94000000,63527.31000000,62700.00000000,63459.98000000,1505.56960000
2024-04-15T23:00:00Z,63459.98000000,63558.00000000,63179.21000000,63419.99000000,966.38219000
2024-04-16T00:00:00Z,63419.99000000,63719.98000000,62933.33000000,63254.74000000,1479.35259000
2024-04-16T01:00:00Z,63254.74000000,63899.69000000,63089.00000000,63147.50000000,1456.15878000
2024-04-16T02:00:00Z,63147.50000000,63500.00000000,62750.00000000,63401.55000000,1641.76074000
2024-04-16T03:00:00Z,63401.56000000,63554.99000000,62799.32000000,62956.00000000,2202.78617000
2024-04-16T04:00:00Z,62956.00000000,63029.13000000,61680.00000000,62487.00000000,5234.71526000
2024-04-16T05:00:00Z,62487.00000000,62888.00000000,62366.44000000,62700.41000000,2051.35297000
2024-04-16T06:00:00Z,62700.41000000,63254.88000000,62636.73000000,63195.12000000,1437.52969000
2024-04-16T07:00:00Z,63195.13000000,63800.00000000,63104.40000000,63516.19000000,2170.11387000
2024-04-16T08:00:00Z,63516.18000000,63660.00000000,63077.02000000,63288.48000000,1439.41716000
2024-04-16T09:00:00Z,63288.48000000,63578.34000000,63198.67000000,63242.19000000,1075.71914000
2024-04-16T10:00:00Z,63242.18000000,63340.66000000,61600.00000000,62559.23000000,4936.56633000
2024-04-16T11:00:00Z,62559.22000000,63269.95000000,62366.44000000,63094.77000000,2109.01644000
2024-04-16T12:00:00Z,63094.76000000,63422.97000000,62811.87000000,63047.89000000,1660.66437000
2024-04-16T13:00:00Z,63047.88000000,63342.52000000,62136.28000000,62692.41000000,3781.34816000
2024-04-16T14:00:00Z,62692.41000000,63100.00000000,62020.01000000,62092.13000000,3037.24232000
2024-04-16T15:00:00Z,62092.12000000,62415.00000000,61735.42000000,61762.20000000,2896.47019000
2024-04-16T16:00:00Z,61762.19000000,62730.90000000,61694.02000000,62730.90000000,3015.83364000
2024-04-16T17:00:00Z,62730.89000000,63280.75000000,62282.01000000,62490.36000000,3249.92371000
2024-04-16T18:00:00Z,62490.37000000,63041.85000000,62427.24000000,63003.92000000,2239.26800000
2024-04-16T19:00:00Z,63003.93000000,63094.80000000,62648.26000000,62721.43000000,1434.35244000
2024-04-16T20:00:00Z,62721.43000000,63050.00000000,62555.00000000,63019.72000000,837.75286000
2024-04-16T21:00:00Z,63019.73000000,64365.00000000,62973.83000000,64007.12000000,2427.39890000
2024-04-16T22:00:00Z,64007.11000000,64080.00000000,63613.71000000,63782.57000000,973.60883000
2024-04-16T23:00:00Z,63782.56000000,63876.64000000,63623.32000000,63793.39000000,646.94075000
2024-04-17T00:00:00Z,63793.40000000,64239.67000000,63581.16000000,64022.59000000,1510.48144000
2024-04-17T01:00:00Z,64022.60000000,64048.79000000,63615.00000000,64017.64000000,878.04151000
2024-04-17T02:00:00Z,64017.64000000,64295.00000000,63694.28000000,63840.08000000,1415.68284000
2024-04-17T03:00:00Z,63840.09000000,64067.41000000,63733.92000000,63842.02000000,603.89544000
2024-04-17T04:00:00Z,63842.03000000,64247.55000000,63672.26000000,64101.11000000,926.51971000
2024-04-17T05:00:00Z,64101.11000000,64499.00000000,63827.72000000,63928.01000000,1262.90670000
2024-04-17T06:00:00Z,63928.01000000,64000.00000000,63735.20000000,63880.92000000,1050.03470000
2024-04-17T07:00:00Z,63880.92000000,63935.56000000,63181.81000000,63297.84000000,1531.38708000
2024-04-17T08:00:00Z,63297.85000000,63587.88000000,63150.10000000,63325.75000000,1064.70584000
2024-04-17T09:00:00Z,63325.76000000,63539.99000000,63227.82000000,63320.16000000,849.87200000
2024-04-17T10:00:00Z,63320.16000000,63338.72000000,62752.31000000,62898.04000000,1568.92655000
2024-04-17T11:00:00Z,62898.05000000,63163.11000000,62541.13000000,62595.04000000,1045.35291000
2024-04-17T12:00:00Z,62595.04000000,62836.12000000,62061.44000000,62317.75000000,1955.59972000
2024-04-17T13:00:00Z,62317.76000000,62974.88000000,62128.99000000,62635.88000000,2169.72142000
2024-04-17T14:00:00Z,62635.88000000,62657.55000000,60741.00000000,61279.66000000,7363.21411000
2024-04-17T15:00:00Z,61279.65000000,61538.35000000,59888.00000000,60304.95000000,8213.02743000
2024-04-17T16:00:00Z,60304.95000000,61100.00000000,59678.16000000,60194.95000000,5775.48183000
2024-04-17T17:00:00Z,60194.96000000,61365.98000000,60119.11000000,61275.37000000,2521.30182000
2024-04-17T18:00:00Z,61275.36000000,61956.42000000,61159.42000000,61445.57000000,2900.78693000
2024-04-17T19:00:00Z,61445.57000000,61473.94000000,60727.38000000,61022.35000000,1892.75293000
2024-04-17T20:00:00Z,61022.36000000,61457.58000000,60777.00000000,60846.79000000,1207.41039000
2024-04-17T21:00:00Z,60846.79000000,61660.05000000,60846.78000000,61300.92000000,1247.74132000
2024-04-17T22:00:00Z,61300.93000000,61719.29000000,61160.34000000,61689.94000000,890.00540000
2024-04-17T23:00:00Z,61689.95000000,61763.07000000,61194.93000000,61277.37000000,765.69507000
2024-04-18T00:00:00Z,61277.38000000,61525.91000000,60939.92000000,61514.69000000,1644.39366000
2024-04-18T01:00:00Z,61514.68000000,61666.00000000,61382.92000000,61639.26000000,1116.89931000
2024-04-18T02:00:00Z,61639.26000000,61920.00000000,61457.73000000,61666.43000000,803.74729000
2024-04-18T03:00:00Z,61666.42000000,62229.90000000,61666.42000000,61988.00000000,1547.01736000
2024-04-18T04:00:00Z,61987.99000000,62075.46000000,61556.47000000,61640.06000000,1131.09467000
2024-04-18T05:00:00Z,61640.06000000,61814.61000000,60992.00000000,61072.02000000,1529.98166000
2024-04-18T06:00:00Z,61072.02000000,61320.00000000,60803.35000000,61147.83000000,1647.34058000
2024-04-18T07:00:00Z,61147.82000000,61362.32000000,60941.17000000,61178.08000000,1081.19943000
2024-04-18T08:00:00Z,61178.08000000,61550.00000000,60864.00000000,61335.99000000,1705.42064000
2024-04-18T09:00:00Z,61335.99000000,61710.14000000,61320.34000000,61636.50000000,1177.79368000
2024-04-18T10:00:00Z,61636.51000000,61925.63000000,61500.00000000,61821.75000000,1372.40950000
2024-04-18T11:00:00Z,61821.76000000,63072.27000000,61821.75000000,62597.92000000,4598.41039000
2024-04-18T12:00:00Z,62597.92000000,62730.18000000,61580.71000000,62232.96000000,2164.68216000
2024-04-18T13:00:00Z,62232.96000000,62833.34000000,61896.90000000,62810.00000000,2627.15740000
2024-04-18T14:00:00Z,62810.01000000,63970.81000000,62564.91000000,63816.57000000,5379.92656000
2024-04-18T15:00:00Z,63816.56000000,64117.09000000,63427.47000000,63498.70000000,3007.48045000
2024-04-18T16:00:00Z,63498.69000000,63866.19000000,63282.48000000,63536.72000000,1849.59978000
2024-04-18T17:00:00Z,63536.71000000,63624.38000000,62628.60000000,62782.75000000,1861.52928000
2024-04-18T18:00:00Z,62782.74000000,63219.00000000,62310.03000000,63104.68000000,1933.35652000
2024-04-18T19:00:00Z,63104.67000000,63576.00000000,63095.50000000,63477.04000000,1739.03734000
2024-04-18T20:00:00Z,63477.04000000,63637.50000000,63272.00000000,63490.98000000,1263.80230000
2024-04-18T21:00:00Z,63490.99000000,63825.74000000,63313.02000000,63473.28000000,908.15089000
2024-04-18T22:00:00Z,63473.27000000,63651.66000000,63162.77000000,63499.73000000,935.70951000
2024-04-18T23:00:00Z,63499.73000000,63665.50000000,63376.00000000,63470.08000000,575.46882000
2024-04-19T00:00:00Z,63470.09000000,63470.09000000,62654.56000000,62711.08000000,1323.61979000
2024-04-19T01:00:00Z,62711.08000000,62776.00000000,60618.97000000,61022.00000000,6396.68503000
2024-04-19T02:00:00Z,61021.99000000,61390.00000000,59600.01000000,61359.58000000,7291.88881000
2024-04-19T03:00:00Z,61359.57000000,62108.34000000,61140.00000000,61785.14000000,3912.27270000
2024-04-19T04:00:00Z,61785.14000000,62800.07000000,61766.79000000,62439.49000000,3215.61184000
2024-04-19T05:00:00Z,62439.49000000,62589.12000000,61739.68000000,62073.38000000,2031.09640000
2024-04-19T06:00:00Z,62073.39000000,64953.85000000,61809.93000000,64624.37000000,6553.23322000
2024-04-19T07:00:00Z,64624.37000000,65179.00000000,64184.61000000,64547.18000000,4500.56274000
2024-04-19T08:00:00Z,64547.18000000,65099.00000000,64098.13000000,64639.02000000,3896.99706000
2024-04-19T09:00:00Z,64639.02000000,64943.87000000,64490.00000000,64775.93000000,1792.41027000
2024-04-19T10:00:00Z,64775.94000000,65213.31000000,64420.00000000,64777.70000000,2164.72461000
2024-04-19T11:00:00Z,64777.70000000,65450.00000000,64691.28000000,64870.74000000,2906.41843000
2024-04-19T12:00:00Z,64870.73000000,65440.57000000,64770.00000000,64965.19000000,2461.03516000
2024-04-19T13:00:00Z,64965.19000000,65069.07000000,64436.51000000,64903.71000000,3432.55455000
2024-04-19T14:00:00Z,64903.71000000,64965.78000000,63820.57000000,64452.12000000,2961.86356000
2024-04-19T15:00:00Z,64452.12000000,64707.70000000,64333.33000000,64437.17000000,1840.23452000
2024-04-19T16:00:00Z,64437.18000000,64533.29000000,63506.57000000,64005.76000000,2949.63625000
2024-04-19T17:00:00Z,64005.76000000,64808.54000000,63929.18000000,64627.80000000,1885.21816000
2024-04-19T18:00:00Z,64627.80000000,64660.86000000,64084.86000000,64202.63000000,1325.32954000
2024-04-19T19:00:00Z,64202.63000000,64393.96000000,64085.44000000,64325.25000000,1178.19200000
2024-04-19T20:00:00Z,64325.26000000,64334.84000000,63677.36000000,64044.11000000,1255.08936000
2024-04-19T21:00:00Z,64044.12000000,64444.91000000,64044.11000000,64398.32000000,730.29656000
2024-04-19T22:00:00Z,64398.31000000,64494.03000000,64000.01000000,64012.50000000,944.01445000
2024-04-19T23:00:00Z,64012.49000000,64124.00000000,62953.90000000,63818.01000000,2825.31770000
2024-04-20T00:00:00Z,63818.01000000,64263.41000000,63418.00000000,63444.51000000,2107.44280000
2024-04-20T01:00:00Z,63444.51000000,63777.03000000,63090.07000000,63656.00000000,1283.85296000
2024-04-20T02:00:00Z,63656.00000000,64092.29000000,63530.00000000,63834.02000000,882.54344000
2024-04-20T03:00:00Z,63834.01000000,64040.67000000,63766.00000000,63956.00000000,634.11376000
2024-04-20T04:00:00Z,63956.01000000,64268.58000000,63815.53000000,64133.07000000,750.66766000
2024-04-20T05:00:00Z,64133.08000000,64250.08000000,63987.17000000,64159.00000000,747.69111000
2024-04-20T06:00:00Z,64159.01000000,64222.22000000,63939.00000000,64046.07000000,618.13595000
2024-04-20T07:00:00Z,64046.08000000,64159.99000000,63922.36000000,63961.22000000,571.49150000
2024-04-20T08:00:00Z,63961.22000000,63988.00000000,63661.54000000,63729.45000000,642.52631000
2024-04-20T09:00:00Z,63729.44000000,63778.32000000,63277.00000000,63615.01000000,1137.53939000
2024-04-20T10:00:00Z,63615.00000000,63781.82000000,63377.22000000,63567.28000000,711.81603000
2024-04-20T11:00:00Z,63567.29000000,63924.05000000,63557.74000000,63707.17000000,718.98976000
2024-04-20T12:00:00Z,63707.18000000,63935.32000000,63575.83000000,63824.08000000,576.67455000
2024-04-20T13:00:00Z,63824.08000000,64047.92000000,63798.92000000,63875.53000000,813.92539000
2024-04-20T14:00:00Z,63875.53000000,63984.79000000,63746.00000000,63935.33000000,491.91859000
2024-04-20T15:00:00Z,63935.33000000,64960.37000000,63790.00000000,64808.35000000,1851.28750000
2024-04-20T16:00:00Z,64808.35000000,64969.39000000,64456.54000000,64739.24000000,1476.56595000
2024-04-20T17:00:00Z,64739.24000000,65419.00000000,64739.23000000,65200.00000000,2102.45135000
2024-04-20T18:00:00Z,65199.99000000,65310.99000000,64837.19000000,64964.09000000,1284.99774000
2024-04-20T19:00:00Z,64964.10000000,65000.01000000,64791.79000000,64866.44000000,1574.02156000
2024-04-20T20:00:00Z,64866.45000000,65031.25000000,64622.12000000,64727.64000000,721.37707000
2024-04-20T21:00:00Z,64727.63000000,64825.39000000,64622.13000000,64725.98000000,417.64042000
2024-04-20T22:00:00Z,64725.98000000,64778.00000000,64555.00000000,64613.51000000,530.08636000
2024-04-20T23:00:00Z,64613.51000000,64988.92000000,64613.51000000,64940.59000000,489.67260000
2024-04-21T00:00:00Z,64940.58000000,64960.00000000,64608.00000000,64759.98000000,541.45545000
2024-04-21T01:00:00Z,64759.97000000,65100.00000000,64737.50000000,64946.00000000,610.45299000
2024-04-21T02:00:00Z,64946.00000000,65377.00000000,64921.00000000,65297.99000000,905.68209000
2024-04-21T03:00:00Z,65298.00000000,65695.56000000,65093.99000000,65170.00000000,1395.41998000
2024-04-21T04:00:00Z,65170.01000000,65195.98000000,64843.98000000,65056.00000000,841.94526000
2024-04-21T05:00:00Z,65055.99000000,65244.65000000,64984.44000000,65027.81000000,429.00323000
2024-04-21T06:00:00Z,65027.82000000,65200.00000000,64941.79000000,65048.01000000,542.87486000
2024-04-21T07:00:00Z,65048.01000000,65175.00000000,64899.84000000,65150.66000000,827.42440000
2024-04-21T08:00:00Z,65150.67000000,65222.07000000,64920.26000000,64926.83000000,916.80979000
2024-04-21T09:00:00Z,64926.83000000,64986.72000000,64763.15000000,64900.32000000,778.04426000
2024-04-21T10:00:00Z,64900.33000000,64986.00000000,64785.04000000,64954.51000000,507.87875000
2024-04-21T11:00:00Z,64954.51000000,65440.95000000,64954.50000000,65234.01000000,1247.40848000
2024-04-21T12:00:00Z,65234.02000000,65375.41000000,64934.00000000,65004.24000000,659.22324000
2024-04-21T13:00:00Z,65004.24000000,65244.90000000,64778.69000000,64882.00000000,898.45911000
2024-04-21T14:00:00Z,64882.00000000,65036.82000000,64790.00000000,64893.50000000,637.65276000
2024-04-21T15:00:00Z,64893.49000000,65132.07000000,64880.00000000,65043.69000000,500.27192000
2024-04-21T16:00:00Z,65043.70000000,65087.92000000,64237.50000000,64578.37000000,2654.78081000
2024-04-21T17:00:00Z,64578.37000000,64875.98000000,64530.89000000,64822.00000000,671.66797000
2024-04-21T18:00:00Z,64822.00000000,64862.50000000,64596.09000000,64772.00000000,450.38097000
2024-04-21T19:00:00Z,64772.00000000,64856.05000000,64528.38000000,64538.00000000,399.27155000
2024-04-21T20:00:00Z,64538.00000000,64722.04000000,64362.50000000,64646.17000000,717.30934000
2024-04-21T21:00:00Z,64646.16000000,65167.19000000,64646.16000000,64661.70000000,945.68782000
2024-04-21T22:00:00Z,64661.69000000,65110.00000000,64569.07000000,65030.42000000,818.30555000
2024-04-21T23:00:00Z,65030.41000000,65063.00000000,64866.00000000,64941.15000000,419.01094000
2024-04-22T00:00:00Z,64941.15000000,65158.08000000,64758.93000000,64908.96000000,689.30247000
2024-04-22T01:00:00Z,64908.96000000,65640.00000000,64604.56000000,64658.00000000,2790.47125000
2024-04-22T02:00:00Z,64657.99000000,64862.50000000,64500.00000000,64806.69000000,1034.86764000
2024-04-22T03:00:00Z,64806.69000000,66090.69000000,64754.00000000,65703.50000000,3405.32163000
2024-04-22T04:00:00Z,65703.49000000,65878.17000000,65509.24000000,65738.48000000,1663.32692000
2024-04-22T05:00:00Z,65738.48000000,66414.81000000,65701.99000000,66377.99000000,1747.58092000
2024-04-22T06:00:00Z,66377.99000000,66412.60000000,66150.80000000,66300.00000000,1341.25181000
2024-04-22T07:00:00Z,66300.01000000,66479.80000000,65979.33000000,65980.00000000,1346.21576000
2024-04-22T08:00:00Z,65980.01000000,66204.44000000,65905.73000000,65961.59000000,913.51618000
2024-04-22T09:00:00Z,65961.58000000,66055.17000000,65801.76000000,65938.00000000,798.46267000
2024-04-22T10:00:00Z,65938.00000000,66154.87000000,65890.00000000,66048.18000000,793.68807000
2024-04-22T11:00:00Z,66048.18000000,66108.00000000,65702.00000000,65877.47000000,899.90178000
2024-04-22T12:00:00Z,65877.47000000,65995.48000000,65626.87000000,65995.48000000,1032.65578000
2024-04-22T13:00:00Z,65995.48000000,66260.54000000,65693.98000000,66114.00000000,1532.55331000
2024-04-22T14:00:00Z,66113.48000000,66477.53000000,65962.16000000,66031.77000000,1705.44348000
2024-04-22T15:00:00Z,66031.78000000,66085.46000000,65665.86000000,65994.38000000,1190.76415000
2024-04-22T16:00:00Z,65994.39000000,66419.56000000,65913.52000000,66154.73000000,1019.60205000
2024-04-22T17:00:00Z,66154.73000000,66824.28000000,66133.35000000,66540.00000000,1831.36278000
2024-04-22T18:00:00Z,66540.01000000,66691.22000000,66293.05000000,66331.17000000,822.90645000
2024-04-22T19:00:00Z,66331.16000000,66609.33000000,66141.07000000,66524.77000000,900.74163000
2024-04-22T20:00:00Z,66524.77000000,66760.56000000,66394.52000000,66509.50000000,731.98121000
2024-04-22T21:00:00Z,66509.50000000,66558.91000000,66342.10000000,66526.94000000,481.11092000
2024-04-22T22:00:00Z,66526.94000000,67200.00000000,66526.94000000,67027.97000000,1601.55463000
2024-04-22T23:00:00Z,67027.98000000,67232.35000000,66790.00000000,66819.32000000,1123.41022000
2024-04-23T00:00:00Z,66819.32000000,67032.83000000,66712.96000000,67028.14000000,955.77618000
2024-04-23T01:00:00Z,67028.15000000,67183.01000000,66777.40000000,66780.00000000,938.22206000
2024-04-23T02:00:00Z,66780.00000000,66912.00000000,66558.31000000,66615.79000000,678.84802000
2024-04-23T03:00:00Z,66615.79000000,66756.00000000,66419.55000000,66435.01000000,670.19135000
2024-04-23T04:00:00Z,66435.01000000,66582.67000000,66181.10000000,66244.02000000,1001.56422000
2024-04-23T05:00:00Z,66244.02000000,66609.31000000,66192.00000000,66490.01000000,851.59070000
2024-04-23T06:00:00Z,66490.01000000,66646.00000000,66304.00000000,66378.16000000,580.23900000
2024-04-23T07:00:00Z,66378.15000000,66451.19000000,66020.00000000,66099.79000000,1071.86288000
2024-04-23T08:00:00Z,66099.79000000,66260.47000000,65963.40000000,66215.07000000,975.36330000
2024-04-23T09:00:00Z,66215.06000000,66309.30000000,66046.63000000,66058.99000000,745.14765000
2024-04-23T10:00:00Z,66059.00000000,66310.44000000,66058.99000000,66210.74000000,860.43436000
2024-04-23T11:00:00Z,66210.74000000,66236.13000000,65852.35000000,66043.99000000,1083.70598000
2024-04-23T12:00:00Z,66043.99000000,66165.00000000,65765.81000000,66134.91000000,1236.85731000
2024-04-23T13:00:00Z,66134.91000000,66590.92000000,66049.40000000,66509.29000000,1818.78977000
2024-04-23T14:00:00Z,66509.30000000,67130.00000000,66420.00000000,66909.78000000,2790.67830000
2024-04-23T15:00:00Z,66909.79000000,66930.47000000,66328.44000000,66419.56000000,1490.12680000
2024-04-23T16:00:00Z,66419.56000000,66807.91000000,66350.91000000,66747.36000000,806.18323000
2024-04-23T17:00:00Z,66747.35000000,66905.99000000,66584.61000000,66753.71000000,550.60498000
2024-04-23T18:00:00Z,66753.72000000,66846.00000000,66589.47000000,66783.56000000,670.90051000
2024-04-23T19:00:00Z,66783.57000000,66783.57000000,66390.00000000,66484.43000000,588.11149000
2024-04-23T20:00:00Z,66484.43000000,66484.96000000,65980.00000000,66352.94000000,1034.33548000
2024-04-23T21:00:00Z,66352.94000000,66464.00000000,66258.86000000,66352.01000000,344.19246000
2024-04-23T22:00:00Z,66352.00000000,66455.76000000,66278.59000000,66362.85000000,425.43748000
2024-04-23T23:00:00Z,66362.84000000,66433.31000000,66120.00000000,66414.00000000,430.73653000
2024-04-24T00:00:00Z,66414.00000000,66747.73000000,66390.00000000,66742.19000000,1061.33940000
2024-04-24T01:00:00Z,66742.18000000,66900.00000000,66682.33000000,66743.25000000,629.48910000
2024-04-24T02:00:00Z,66743.25000000,66766.00000000,66441.32000000,66530.01000000,725.97174000
2024-04-24T03:00:00Z,66530.01000000,66714.43000000,66514.44000000,66608.14000000,629.55605000
2024-04-24T04:00:00Z,66608.14000000,67065.00000000,66589.01000000,67008.00000000,952.40952000
2024-04-24T05:00:00Z,67008.00000000,67070.43000000,66633.00000000,66735.06000000,901.02816000
2024-04-24T06:00:00Z,66735.06000000,66792.00000000,66552.37000000,66778.26000000,600.73196000
2024-04-24T07:00:00Z,66778.25000000,66883.68000000,66588.00000000,66630.90000000,779.70929000
2024-04-24T08:00:00Z,66630.89000000,66743.01000000,66485.30000000,66533.99000000,858.92516000
2024-04-24T09:00:00Z,66533.98000000,66560.51000000,66272.00000000,66366.01000000,746.53492000
2024-04-24T10:00:00Z,66366.00000000,66517.85000000,66203.05000000,66432.25000000,774.85303000
2024-04-24T11:00:00Z,66432.26000000,66631.01000000,66361.73000000,66571.52000000,729.07431000
2024-04-24T12:00:00Z,66571.52000000,66737.00000000,66351.10000000,66353.02000000,964.97781000
2024-04-24T13:00:00Z,66353.01000000,66355.99000000,65834.28000000,66054.99000000,2408.77307000
2024-04-24T14:00:00Z,66055.00000000,66200.00000000,64732.34000000,65234.85000000,5091.40842000
2024-04-24T15:00:00Z,65234.86000000,65243.73000000,64519.03000000,64610.11000000,2853.02952000
2024-04-24T16:00:00Z,64610.10000000,64959.74000000,64348.00000000,64798.00000000,2314.85234000
2024-04-24T17:00:00Z,64797.99000000,65156.95000000,64766.33000000,64889.47000000,1511.18797000
2024-04-24T18:00:00Z,64889.47000000,64920.00000000,64070.15000000,64127.04000000,1692.03623000
2024-04-24T19:00:00Z,64127.04000000,64486.00000000,63736.70000000,63976.06000000,2143.63916000
2024-04-24T20:00:00Z,63976.05000000,64240.01000000,63606.06000000,64110.00000000,2421.22075000
2024-04-24T21:00:00Z,64110.01000000,64447.91000000,64000.00000000,64399.37000000,895.93229000
2024-04-24T22:00:00Z,64399.37000000,64404.00000000,63956.49000000,64096.00000000,872.75605000
2024-04-24T23:00:00Z,64096.00000000,64339.83000000,63825.72000000,64289.59000000,1036.26012000
2024-04-25T00:00:00Z,64289.58000000,64741.47000000,64226.60000000,64557.25000000,1141.13560000
2024-04-25T01:00:00Z,64557.25000000,64657.15000000,64046.74000000,64067.98000000,968.97651000
2024-04-25T02:00:00Z,64067.99000000,64338.58000000,63860.00000000,64299.98000000,902.41670000
2024-04-25T03:00:00Z,64299.98000000,64464.29000000,64128.30000000,64282.01000000,688.89208000
2024-04-25T04:00:00Z,64282.02000000,64397.78000000,64058.00000000,64337.99000000,664.86492000
2024-04-25T05:00:00Z,64338.00000000,64377.60000000,64025.50000000,64223.36000000,653.12285000
2024-04-25T06:00:00Z,64223.36000000,64391.99000000,64195.70000000,64288.00000000,363.60804000
2024-04-25T07:00:00Z,64288.00000000,64379.85000000,63824.07000000,64017.99000000,951.17474000
2024-04-25T08:00:00Z,64017.99000000,64176.86000000,63708.20000000,63948.78000000,1329.27338000
2024-04-25T09:00:00Z,63948.78000000,64192.00000000,63809.13000000,63966.02000000,833.85634000
2024-04-25T10:00:00Z,63966.03000000,63966.03000000,63337.25000000,63462.01000000,2418.87397000
2024-04-25T11:00:00Z,63462.00000000,63994.23000000,63447.37000000,63861.23000000,1202.36814000
2024-04-25T12:00:00Z,63861.24000000,64302.99000000,63267.03000000,63429.82000000,2594.21284000
2024-04-25T13:00:00Z,63429.83000000,63571.95000000,62794.00000000,63428.97000000,3722.93106000
2024-04-25T14:00:00Z,63428.97000000,63867.74000000,63215.99000000,63384.96000000,1611.79869000
2024-04-25T15:00:00Z,63384.96000000,64198.40000000,63265.95000000,64135.94000000,1612.29328000
2024-04-25T16:00:00Z,64135.93000000,64503.46000000,63971.48000000,64445.45000000,1744.39830000
2024-04-25T17:00:00Z,64445.45000000,64856.85000000,64374.95000000,64704.00000000,2216.39074000
2024-04-25T18:00:00Z,64703.99000000,64975.00000000,64452.21000000,64712.10000000,1267.61008000
2024-04-25T19:00:00Z,64712.11000000,64786.00000000,64561.29000000,64747.11000000,665.00315000
2024-04-25T20:00:00Z,64747.12000000,64992.00000000,64489.30000000,64794.29000000,1065.89632000
2024-04-25T21:00:00Z,64794.28000000,65297.94000000,64681.34000000,64710.01000000,1312.00850000
2024-04-25T22:00:00Z,64710.01000000,64740.00000000,64556.00000000,64602.99000000,641.89344000
2024-04-25T23:00:00Z,64602.99000000,64747.12000000,64447.75000000,64498.34000000,768.46371000
2024-04-26T00:00:00Z,64498.33000000,64557.03000000,64111.01000000,64307.03000000,1135.47394000
2024-04-26T01:00:00Z,64307.03000000,64662.50000000,63890.82000000,64402.97000000,1576.08068000
2024-04-26T02:00:00Z,64402.98000000,64662.53000000,64304.88000000,64499.91000000,899.98620000
2024-04-26T03:00:00Z,64499.92000000,64506.25000000,64294.78000000,64381.24000000,889.56307000
2024-04-26T04:00:00Z,64381.25000000,64391.37000000,64175.32000000,64210.85000000,651.54811000
2024-04-26T05:00:00Z,64210.84000000,64574.32000000,64000.02000000,64553.99000000,1159.08862000
2024-04-26T06:00:00Z,64553.99000000,64576.26000000,64256.25000000,64377.57000000,587.48156000
2024-04-26T07:00:00Z,64377.56000000,64610.82000000,64240.21000000,64276.95000000,1422.47536000
2024-04-26T08:00:00Z,64276.94000000,64468.92000000,64234.19000000,64412.50000000,905.68302000
2024-04-26T09:00:00Z,64412.50000000,64581.52000000,64329.42000000,64474.99000000,853.25155000
2024-04-26T10:00:00Z,64474.99000000,64556.45000000,64059.80000000,64100.01000000,1213.12155000
2024-04-26T11:00:00Z,64100.01000000,64264.74000000,64070.00000000,64244.02000000,590.51940000
2024-04-26T12:00:00Z,64244.03000000,64517.99000000,63950.00000000,64142.79000000,1299.29266000
2024-04-26T13:00:00Z,64142.78000000,64582.93000000,63685.94000000,64500.01000000,2512.04769000
2024-04-26T14:00:00Z,64500.00000000,64820.01000000,63791.91000000,63854.16000000,3167.80878000
2024-04-26T15:00:00Z,63854.15000000,64030.00000000,63297.48000000,63503.22000000,2711.62015000
2024-04-26T16:00:00Z,63503.22000000,63786.31000000,63318.75000000,63662.51000000,1374.67403000
2024-04-26T17:00:00Z,63662.50000000,64115.12000000,63550.97000000,64008.40000000,1185.88923000
2024-04-26T18:00:00Z,64008.40000000,64162.50000000,63943.82000000,64060.00000000,586.13608000
2024-04-26T19:00:00Z,64060.01000000,64131.25000000,63727.89000000,63742.05000000,566.25171000
2024-04-26T20:00:00Z,63742.07000000,64107.32000000,63742.05000000,63966.39000000,591.75136000
2024-04-26T21:00:00Z,63966.39000000,64080.56000000,63830.00000000,64059.97000000,378.65938000
2024-04-26T22:00:00Z,64059.96000000,64059.97000000,63689.22000000,63821.93000000,558.70280000
2024-04-26T23:00:00Z,63821.94000000,63913.46000000,63756.25000000,63770.01000000,268.08653000
2024-04-27T00:00:00Z,63770.00000000,63923.41000000,62851.00000000,63181.99000000,2114.13087000
2024-04-27T01:00:00Z,63182.00000000,63272.72000000,62391.24000000,62593.28000000,2785.50935000
2024-04-27T02:00:00Z,62593.28000000,63325.12000000,62471.52000000,62929.97000000,1179.96666000
2024-04-27T03:00:00Z,62929.98000000,63153.06000000,62808.00000000,63082.01000000,578.16215000
2024-04-27T04:00:00Z,63082.00000000,63175.00000000,62943.75000000,63048.57000000,635.14919000
2024-04-27T05:00:00Z,63048.57000000,63091.82000000,62808.00000000,62988.25000000,662.08516000
2024-04-27T06:00:00Z,62988.25000000,63147.88000000,62865.46000000,63028.00000000,547.85351000
2024-04-27T07:00:00Z,63028.00000000,63160.71000000,62946.00000000,62966.83000000,397.31671000
2024-04-27T08:00:00Z,62966.84000000,63060.00000000,62913.48000000,63016.01000000,454.78090000
2024-04-27T09:00:00Z,63016.01000000,63055.49000000,62878.78000000,62984.45000000,434.02841000
2024-04-27T10:00:00Z,62984.45000000,62991.54000000,62730.00000000,62796.00000000,675.06558000
2024-04-27T11:00:00Z,62795.99000000,62950.00000000,62673.37000000,62862.14000000,515.81605000
2024-04-27T12:00:00Z,62862.13000000,63174.00000000,62810.29000000,63034.62000000,1448.38454000
2024-04-27T13:00:00Z,63034.62000000,63271.79000000,63006.21000000,63227.09000000,733.00539000
2024-04-27T14:00:00Z,63227.09000000,63408.53000000,63063.82000000,63131.65000000,837.02186000
2024-04-27T15:00:00Z,63131.65000000,63212.09000000,62860.00000000,62951.75000000,485.44443000
2024-04-27T16:00:00Z,62951.75000000,63111.89000000,62750.00000000,62750.00000000,948.11005000
2024-04-27T17:00:00Z,62750.00000000,63650.00000000,62750.00000000,63416.21000000,1543.53726000
2024-04-27T18:00:00Z,63416.22000000,63619.96000000,62821.82000000,63339.05000000,1908.68060000
2024-04-27T19:00:00Z,63339.06000000,63388.42000000,63192.07000000,63352.11000000,513.52460000
2024-04-27T20:00:00Z,63352.11000000,63461.53000000,63160.00000000,63277.99000000,409.41437000
2024-04-27T21:00:00Z,63277.99000000,63357.32000000,63157.98000000,63289.57000000,272.97496000
2024-04-27T22:00:00Z,63289.57000000,63474.99000000,63233.81000000,63259.99000000,466.47485000
2024-04-27T23:00:00Z,63260.00000000,63555.56000000,63259.99000000,63461.98000000,386.62307000
2024-04-28T00:00:00Z,63461.98000000,63748.55000000,63456.86000000,63616.57000000,637.61909000
2024-04-28T01:00:00Z,63616.58000000,63698.74000000,63523.45000000,63603.60000000,405.42161000
2024-04-28T02:00:00Z,63603.60000000,64050.00000000,63552.68000000,63950.00000000,868.50899000
2024-04-28T03:00:00Z,63950.01000000,64370.00000000,63932.78000000,64021.62000000,1474.08693000
2024-04-28T04:00:00Z,64021.62000000,64049.99000000,63827.88000000,63843.14000000,645.62516000
2024-04-28T05:00:00Z,63843.14000000,64000.00000000,63810.00000000,63953.99000000,498.55699000
2024-04-28T06:00:00Z,63954.00000000,64017.29000000,63800.00000000,63967.14000000,642.86388000
2024-04-28T07:00:00Z,63967.14000000,64060.00000000,63894.21000000,63915.50000000,518.62823000
2024-04-28T08:00:00Z,63915.50000000,63979.27000000,63639.17000000,63709.98000000,820.93310000
2024-04-28T09:00:00Z,63709.99000000,63823.79000000,63676.00000000,63759.33000000,403.40056000
2024-04-28T10:00:00Z,63759.34000000,63792.60000000,63345.55000000,63694.50000000,935.90021000
2024-04-28T11:00:00Z,63694.50000000,63710.87000000,63394.68000000,63484.01000000,593.89629000
2024-04-28T12:00:00Z,63484.00000000,63673.00000000,63415.60000000,63590.03000000,584.23839000
2024-04-28T13:00:00Z,63590.03000000,63869.09000000,63534.00000000,63775.43000000,721.19096000
2024-04-28T14:00:00Z,63775.42000000,63783.60000000,63488.00000000,63607.19000000,631.87130000
2024-04-28T15:00:00Z,63607.20000000,63652.00000000,63460.00000000,63540.00000000,484.35903000
2024-04-28T16:00:00Z,63540.00000000,63800.40000000,63483.18000000,63705.38000000,581.54965000
2024-04-28T17:00:00Z,63705.38000000,63814.00000000,63570.30000000,63768.47000000,356.62991000
2024-04-28T18:00:00Z,63768.47000000,63976.00000000,63694.50000000,63923.99000000,516.14116000
2024-04-28T19:00:00Z,63924.00000000,63928.00000000,63715.36000000,63730.49000000,333.66857000
2024-04-28T20:00:00Z,63730.49000000,63745.91000000,63588.72000000,63686.00000000,297.88874000
2024-04-28T21:00:00Z,63686.00000000,63745.86000000,63609.00000000,63661.99000000,302.76645000
2024-04-28T22:00:00Z,63662.00000000,63714.76000000,62870.00000000,63151.05000000,2240.65115000
2024-04-28T23:00:00Z,63151.06000000,63164.70000000,62781.00000000,63118.62000000,1452.80370000
2024-04-29T00:00:00Z,63118.62000000,63321.90000000,63002.86000000,63257.43000000,639.83326000
2024-04-29T01:00:00Z,63257.42000000,63367.05000000,63084.18000000,63232.00000000,538.92170000
2024-04-29T02:00:00Z,63231.99000000,63285.08000000,62570.00000000,62706.33000000,1267.73202000
2024-04-29T03:00:00Z,62706.34000000,62764.84000000,62150.52000000,62279.67000000,1735.88484000
2024-04-29T04:00:00Z,62279.68000000,62639.40000000,62200.03000000,62542.00000000,968.14551000
2024-04-29T05:00:00Z,62542.00000000,62542.00000000,62059.27000000,62444.88000000,916.04523000
2024-04-29T06:00:00Z,62444.88000000,62473.80000000,61923.13000000,62199.69000000,1730.38453000
2024-04-29T07:00:00Z,62199.69000000,62417.85000000,61942.38000000,62399.98000000,1363.33041000
2024-04-29T08:00:00Z,62399.98000000,62498.61000000,62220.01000000,62398.00000000,810.86485000
2024-04-29T09:00:00Z,62397.99000000,62660.01000000,62276.73000000,62536.01000000,676.75773000
2024-04-29T10:00:00Z,62536.01000000,62673.18000000,62388.96000000,62388.97000000,758.89579000
2024-04-29T11:00:00Z,62388.96000000,62421.66000000,62179.99000000,62256.00000000,787.39096000
2024-04-29T12:00:00Z,62256.00000000,62653.44000000,62049.00000000,62602.33000000,1426.98241000
2024-04-29T13:00:00Z,62602.32000000,62698.55000000,61765.53000000,62014.00000000,2539.89307000
2024-04-29T14:00:00Z,62014.00000000,63014.67000000,61878.61000000,62834.99000000,2963.05386000
2024-04-29T15:00:00Z,62834.99000000,63112.29000000,62735.55000000,63039.07000000,1282.58611000
2024-04-29T16:00:00Z,63039.07000000,63158.80000000,62754.00000000,62792.02000000,1229.02619000
2024-04-29T17:00:00Z,62792.01000000,63221.74000000,62774.38000000,63033.23000000,779.87808000
2024-04-29T18:00:00Z,63033.24000000,63050.00000000,62705.88000000,62870.00000000,612.29352000
2024-04-29T19:00:00Z,62870.00000000,62988.00000000,62546.37000000,62987.37000000,882.87940000
2024-04-29T20:00:00Z,62987.37000000,63134.12000000,62894.85000000,62968.82000000,540.43192000
2024-04-29T21:00:00Z,62968.83000000,63172.58000000,62820.00000000,63092.24000000,479.12589000
2024-04-29T22:00:00Z,63092.23000000,63935.91000000,63041.04000000,63890.00000000,1736.53980000
2024-04-29T23:00:00Z,63890.01000000,64228.35000000,63810.00000000,63866.00000000,1483.35239000
2024-04-30T00:00:00Z,63866.00000000,64734.00000000,63688.04000000,64580.00000000,2057.93388000
2024-04-30T01:00:00Z,64579.99000000,64614.00000000,63560.50000000,63606.01000000,1516.74943000
2024-04-30T02:00:00Z,63606.01000000,63896.12000000,62995.70000000,63780.91000000,2440.35663000
2024-04-30T03:00:00Z,63780.92000000,63820.58000000,63561.32000000,63647.99000000,626.95140000
2024-04-30T04:00:00Z,63647.99000000,63708.70000000,63343.47000000,63403.98000000,599.67518000
2024-04-30T05:00:00Z,63403.98000000,63491.59000000,63069.68000000,63330.00000000,968.56930000
2024-04-30T06:00:00Z,63330.00000000,63465.10000000,63227.47000000,63412.00000000,482.60665000
2024-04-30T07:00:00Z,63412.00000000,63461.96000000,63135.70000000,63148.74000000,984.22900000
2024-04-30T08:00:00Z,63148.74000000,63244.00000000,61816.46000000,61919.32000000,4286.06285000
2024-04-30T09:00:00Z,61919.32000000,62148.00000000,61600.00000000,61688.01000000,2706.32317000
2024-04-30T10:00:00Z,61688.01000000,61788.05000000,61451.01000000,61782.19000000,1881.13832000
2024-04-30T11:00:00Z,61782.18000000,61782.19000000,61000.00000000,61204.42000000,5194.60935000
2024-04-30T12:00:00Z,61204.41000000,61337.78000000,60737.45000000,61230.16000000,3012.04453000
2024-04-30T13:00:00Z,61230.16000000,61313.94000000,60779.79000000,60820.57000000,1823.63883000
2024-04-30T14:00:00Z,60820.58000000,61559.36000000,60546.22000000,61247.87000000,3223.32351000
2024-04-30T15:00:00Z,61247.87000000,61395.66000000,60600.72000000,60796.85000000,2445.85834000
2024-04-30T16:00:00Z,60796.86000000,60947.55000000,60158.86000000,60336.68000000,3340.71508000
2024-04-30T17:00:00Z,60336.68000000,60514.72000000,60080.00000000,60368.81000000,2543.81372000
2024-04-30T18:00:00Z,60368.82000000,60538.38000000,60018.00000000,60403.67000000,1792.45947000
2024-04-30T19:00:00Z,60403.68000000,60503.87000000,59191.60000000,59292.95000000,5586.14319000
2024-04-30T20:00:00Z,59292.95000000,60177.46000000,59274.75000000,59958.62000000,3414.88045000
2024-04-30T21:00:00Z,59958.62000000,60400.00000000,59952.49000000,60180.00000000,1151.18801000
2024-04-30T22:00:00Z,60180.00000000,61070.71000000,60156.00000000,60589.79000000,1945.24597000
2024-04-30T23:00:00Z,60589.79000000,60924.16000000,60401.06000000,60672.00000000,923.13909000
2024-05-01T00:00:00Z,60672.01000000,60841.63000000,60078.52000000,60240.57000000,1687.69405000
2024-05-01T01:00:00Z,60240.58000000,60408.29000000,59850.06000000,60133.78000000,1900.93637000
2024-05-01T02:00:00Z,60133.79000000,60177.68000000,59590.00000000,59927.99000000,2096.94562000
2024-05-01T03:00:00Z,59927.99000000,60317.88000000,59903.17000000,60246.03000000,844.90119000
2024-05-01T04:00:00Z,60246.02000000,60361.09000000,60190.00000000,60283.99000000,837.69201000
2024-05-01T05:00:00Z,60283.99000000,60334.76000000,59931.59000000,60050.00000000,891.00474000
2024-05-01T06:00:00Z,60049.99000000,60113.24000000,59500.55000000,59529.94000000,1347.11313000
2024-05-01T07:00:00Z,59529.94000000,59569.23000000,57100.00000000,57499.99000000,12661.81057000
2024-05-01T08:00:00Z,57500.00000000,57596.63000000,56552.82000000,57169.69000000,10517.34359000
2024-05-01T09:00:00Z,57169.70000000,57653.34000000,57042.00000000,57115.61000000,3511.69138000
2024-05-01T10:00:00Z,57115.61000000,57770.00000000,56888.00000000,57768.68000000,2656.85211000
2024-05-01T11:00:00Z,57768.68000000,57909.00000000,57455.58000000,57898.47000000,1920.67432000
2024-05-01T12:00:00Z,57898.46000000,58275.87000000,57729.89000000,57969.98000000,3130.89661000
2024-05-01T13:00:00Z,57969.99000000,57999.06000000,57223.29000000,57301.29000000,2703.02650000
2024-05-01T14:00:00Z,57301.29000000,57586.20000000,57101.10000000,57482.00000000,2591.82856000
2024-05-01T15:00:00Z,57482.01000000,57511.10000000,56674.51000000,56886.00000000,3260.99612000
2024-05-01T16:00:00Z,56886.00000000,57456.92000000,56750.10000000,57043.99000000,2281.24833000
2024-05-01T17:00:00Z,57044.00000000,57700.86000000,56625.09000000,57424.65000000,2103.68747000
2024-05-01T18:00:00Z,57424.64000000,59468.00000000,57331.10000000,58913.99000000,8929.48940000
2024-05-01T19:00:00Z,58913.98000000,59264.16000000,56897.27000000,56954.47000000,7193.39968000
2024-05-01T20:00:00Z,56954.46000000,57531.10000000,56760.02000000,57361.70000000,2355.81240000
2024-05-01T21:00:00Z,57361.71000000,58203.34000000,57257.99000000,57909.03000000,1636.98304000
2024-05-01T22:00:00Z,57909.03000000,58209.72000000,57857.71000000,57880.58000000,1333.61476000
2024-05-01T23:00:00Z,57880.58000000,58575.32000000,57828.00000000,58364.97000000,2770.82628000
2024-05-02T00:00:00Z,58364.97000000,58610.55000000,57641.73000000,57767.29000000,3568.72884000
2024-05-02T01:00:00Z,57767.30000000,57900.02000000,56911.84000000,57112.37000000,5530.96245000
2024-05-02T02:00:00Z,57112.37000000,57641.04000000,57109.01000000,57463.87000000,1214.12627000
2024-05-02T03:00:00Z,57463.88000000,57705.08000000,57377.32000000,57442.88000000,898.19946000
2024-05-02T04:00:00Z,57442.88000000,57647.40000000,57301.11000000,57396.22000000,740.64053000
2024-05-02T05:00:00Z,57396.23000000,57537.73000000,57202.49000000,57484.57000000,1008.46239000
2024-05-02T06:00:00Z,57484.57000000,57725.98000000,57404.08000000,57628.56000000,1076.56606000
2024-05-02T07:00:00Z,57628.57000000,57945.19000000,57618.07000000,57681.08000000,1204.89032000
2024-05-02T08:00:00Z,57681.08000000,57981.46000000,57612.73000000,57834.82000000,1318.55505000
2024-05-02T09:00:00Z,57834.82000000,57892.52000000,57626.89000000,57804.36000000,944.31508000
2024-05-02T10:00:00Z,57804.37000000,57898.01000000,57561.14000000,57801.41000000,1395.86396000
2024-05-02T11:00:00Z,57801.41000000,58689.55000000,57783.04000000,58559.66000000,3611.54754000
2024-05-02T12:00:00Z,58559.66000000,59117.68000000,58446.18000000,58556.59000000,6043.29407000
2024-05-02T13:00:00Z,58556.58000000,58788.75000000,58222.00000000,58450.22000000,2104.25726000
2024-05-02T14:00:00Z,58450.22000000,59300.00000000,58300.00000000,59055.25000000,3644.25523000
2024-05-02T15:00:00Z,59055.26000000,59455.00000000,58972.44000000,59264.15000000,3236.14321000
2024-05-02T16:00:00Z,59264.16000000,59315.32000000,58943.38000000,59017.54000000,1660.74835000
2024-05-02T17:00:00Z,59017.53000000,59301.10000000,58955.31000000,59190.24000000,1256.68865000
2024-05-02T18:00:00Z,59190.24000000,59575.29000000,58987.49000000,59383.52000000,1289.75653000
2024-05-02T19:00:00Z,59383.52000000,59385.57000000,59025.51000000,59351.11000000,969.04918000
2024-05-02T20:00:00Z,59351.10000000,59431.10000000,58637.62000000,58727.45000000,1774.05031000
2024-05-02T21:00:00Z,58727.45000000,59625.00000000,58701.10000000,59112.58000000,1413.45158000
2024-05-02T22:00:00Z,59112.59000000,59454.17000000,59083.33000000,59328.00000000,1011.92007000
2024-05-02T23:00:00Z,59328.00000000,59377.36000000,59057.73000000,59060.61000000,667.34722000
2024-05-03T00:00:00Z,59060.60000000,59131.10000000,58811.32000000,59031.81000000,1076.30755000
2024-05-03T01:00:00Z,59031.81000000,59498.00000000,59004.00000000,59311.11000000,1001.70969000
2024-05-03T02:00:00Z,59311.10000000,59916.12000000,59255.22000000,59543.76000000,1463.51964000
2024-05-03T03:00:00Z,59543.75000000,59999.00000000,59504.00000000,59720.30000000,1567.87229000
2024-05-03T04:00:00Z,59720.30000000,59844.94000000,59548.00000000,59604.00000000,781.48259000
2024-05-03T05:00:00Z,59604.00000000,59627.90000000,59468.89000000,59522.67000000,819.16238000
2024-05-03T06:00:00Z,59522.68000000,59574.60000000,59233.30000000,59254.74000000,941.00457000
2024-05-03T07:00:00Z,59254.75000000,59423.00000000,59061.63000000,59190.74000000,1367.38406000
2024-05-03T08:00:00Z,59190.74000000,59388.00000000,59136.49000000,59225.99000000,591.24312000
2024-05-03T09:00:00Z,59225.99000000,59575.48000000,59196.11000000,59481.12000000,748.34076000
2024-05-03T10:00:00Z,59481.11000000,59486.63000000,58849.94000000,59040.00000000,1218.99315000
2024-05-03T11:00:00Z,59040.01000000,59438.08000000,58867.92000000,59291.09000000,1082.27573000
2024-05-03T12:00:00Z,59291.10000000,60779.29000000,58991.99000000,60641.00000000,5944.47468000
2024-05-03T13:00:00Z,60641.00000000,61836.60000000,60523.34000000,61689.94000000,7023.53920000
2024-05-03T14:00:00Z,61689.95000000,62115.64000000,61347.10000000,61618.17000000,3790.61596000
2024-05-03T15:00:00Z,61618.16000000,61800.00000000,61335.69000000,61690.74000000,2433.09528000
2024-05-03T16:00:00Z,61690.74000000,62179.99000000,61538.70000000,61681.99000000,1826.92288000
2024-05-03T17:00:00Z,61682.00000000,61953.80000000,61533.20000000,61805.85000000,919.09272000
2024-05-03T18:00:00Z,61805.84000000,61986.00000000,61695.00000000,61829.16000000,722.65945000
2024-05-03T19:00:00Z,61829.15000000,62103.00000000,61597.14000000,62067.32000000,1125.63982000
2024-05-03T20:00:00Z,62067.32000000,63202.97000000,61974.00000000,62900.00000000,3397.32160000
2024-05-03T21:00:00Z,62899.99000000,62950.00000000,62361.96000000,62738.00000000,1319.94037000
2024-05-03T22:00:00Z,62738.00000000,63005.47000000,62637.76000000,62782.43000000,1144.37346000
2024-05-03T23:00:00Z,62782.42000000,63333.00000000,62769.86000000,62882.01000000,1321.43048000
2024-05-04T00:00:00Z,62882.01000000,63171.16000000,62765.41000000,63083.99000000,1013.93188000
2024-05-04T01:00:00Z,63083.99000000,63595.14000000,62797.18000000,62856.03000000,1868.71505000
2024-05-04T02:00:00Z,62856.03000000,62900.00000000,62541.03000000,62699.07000000,1116.97163000
2024-05-04T03:00:00Z,62699.07000000,62884.62000000,62662.00000000,62724.00000000,743.84639000
2024-05-04T04:00:00Z,62724.00000000,63188.00000000,62686.00000000,63057.99000000,1066.51518000
2024-05-04T05:00:00Z,63057.99000000,63450.00000000,62956.00000000,63384.01000000,886.44995000
2024-05-04T06:00:00Z,63384.01000000,63390.06000000,62905.65000000,62966.93000000,706.19997000
2024-05-04T07:00:00Z,62966.92000000,63132.57000000,62851.96000000,62959.03000000,609.42314000
2024-05-04T08:00:00Z,62959.03000000,63226.43000000,62924.37000000,63160.95000000,620.20966000
2024-05-04T09:00:00Z,63160.95000000,63300.00000000,63055.55000000,63179.80000000,576.45042000
2024-05-04T10:00:00Z,63179.80000000,64497.99000000,63110.66000000,64420.91000000,2955.45058000
2024-05-04T11:00:00Z,64420.90000000,64540.00000000,63658.79000000,63873.31000000,2394.63450000
2024-05-04T12:00:00Z,63873.30000000,64098.63000000,63758.51000000,64066.35000000,1062.45014000
2024-05-04T13:00:00Z,64066.34000000,64158.19000000,63434.53000000,63730.01000000,1239.67887000
2024-05-04T14:00:00Z,63730.00000000,63956.00000000,63550.28000000,63819.09000000,653.55283000
2024-05-04T15:00:00Z,63819.08000000,63846.00000000,63439.56000000,63609.17000000,856.25184000
2024-05-04T16:00:00Z,63609.17000000,63731.86000000,63386.01000000,63683.01000000,843.18577000
2024-05-04T17:00:00Z,63683.02000000,63774.60000000,63300.58000000,63463.30000000,1498.72371000
2024-05-04T18:00:00Z,63463.30000000,63744.69000000,63388.12000000,63643.63000000,555.54541000
2024-05-04T19:00:00Z,63643.63000000,64019.83000000,63540.41000000,63921.18000000,720.51785000
2024-05-04T20:00:00Z,63921.17000000,64240.76000000,63853.74000000,63867.73000000,614.00937000
2024-05-04T21:00:00Z,63867.74000000,64112.51000000,63550.00000000,63903.91000000,677.89826000
2024-05-04T22:00:00Z,63903.91000000,63945.92000000,63569.99000000,63613.92000000,636.23199000
2024-05-04T23:00:00Z,63613.92000000,63932.61000000,63606.62000000,63892.04000000,451.84843000
2024-05-05T00:00:00Z,63892.03000000,64188.00000000,63418.53000000,63509.52000000,1260.64900000
2024-05-05T01:00:00Z,63509.52000000,63580.00000000,62822.17000000,63315.47000000,1694.41166000
2024-05-05T02:00:00Z,63315.47000000,63432.40000000,63140.00000000,63141.71000000,566.24565000
2024-05-05T03:00:00Z,63141.70000000,63271.81000000,63001.00000000,63235.93000000,502.50487000
2024-05-05T04:00:00Z,63235.93000000,63426.01000000,63234.24000000,63345.20000000,369.34259000
2024-05-05T05:00:00Z,63345.19000000,63493.55000000,63119.32000000,63211.67000000,401.54192000
2024-05-05T06:00:00Z,63211.66000000,63457.51000000,63162.00000000,63382.84000000,351.10233000
2024-05-05T07:00:00Z,63382.83000000,63959.00000000,63362.00000000,63736.87000000,862.96983000
2024-05-05T08:00:00Z,63736.86000000,63932.57000000,63539.53000000,63668.00000000,1001.23129000
2024-05-05T09:00:00Z,63668.00000000,63743.43000000,63550.28000000,63673.42000000,440.87609000
2024-05-05T10:00:00Z,63673.41000000,63844.33000000,63555.39000000,63688.48000000,421.33487000
2024-05-05T11:00:00Z,63688.49000000,63937.17000000,63609.48000000,63859.63000000,567.89348000
2024-05-05T12:00:00Z,63859.63000000,63884.00000000,63633.01000000,63725.33000000,534.04918000
2024-05-05T13:00:00Z,63725.32000000,64279.99000000,63618.91000000,64119.92000000,1786.78823000
2024-05-05T14:00:00Z,64119.91000000,64148.08000000,63751.02000000,64100.00000000,739.19784000
2024-05-05T15:00:00Z,64100.01000000,64646.00000000,63989.23000000,64428.65000000,2345.80267000
2024-05-05T16:00:00Z,64428.64000000,64554.68000000,64196.73000000,64321.99000000,972.09408000
2024-05-05T17:00:00Z,64322.00000000,64476.00000000,64155.77000000,64218.00000000,656.34035000
2024-05-05T18:00:00Z,64218.00000000,64249.42000000,63811.01000000,63932.60000000,911.21569000
2024-05-05T19:00:00Z,63932.61000000,63999.99000000,63843.99000000,63879.94000000,332.26170000
2024-05-05T20:00:00Z,63879.94000000,63879.95000000,63582.08000000,63738.78000000,499.15062000
2024-05-05T21:00:00Z,63738.77000000,63868.41000000,63600.00000000,63868.41000000,343.20421000
2024-05-05T22:00:00Z,63868.41000000,63891.22000000,63704.32000000,63860.01000000,290.19456000
2024-05-05T23:00:00Z,63860.01000000,64227.51000000,63825.35000000,64012.00000000,676.34758000
2024-05-06T00:00:00Z,64012.00000000,64346.24000000,64011.01000000,64218.02000000,560.19841000
2024-05-06T01:00:00Z,64218.02000000,64465.00000000,64058.82000000,64147.22000000,854.81882000
2024-05-06T02:00:00Z,64147.22000000,64227.51000000,63826.08000000,63826.09000000,1099.88280000
2024-05-06T03:00:00Z,63826.08000000,63935.31000000,63708.58000000,63866.59000000,647.40358000
2024-05-06T04:00:00Z,63866.59000000,64185.58000000,63768.72000000,64166.00000000,1003.49641000
2024-05-06T05:00:00Z,64166.01000000,64331.58000000,64036.00000000,64186.93000000,811.25785000
2024-05-06T06:00:00Z,64186.93000000,64473.78000000,64137.92000000,64230.02000000,945.78691000
2024-05-06T07:00:00Z,64230.02000000,64588.00000000,64150.00000000,64540.75000000,1368.72558000
2024-05-06T08:00:00Z,64540.75000000,65500.00000000,64462.48000000,65143.04000000,3758.43767000
2024-05-06T09:00:00Z,65143.04000000,65360.12000000,65111.10000000,65166.20000000,1065.18552000
2024-05-06T10:00:00Z,65166.20000000,65275.00000000,63815.38000000,64007.17000000,3241.26513000
2024-05-06T11:00:00Z,64007.16000000,64359.39000000,64003.49000000,64203.56000000,1289.12020000
2024-05-06T12:00:00Z,64203.55000000,64319.86000000,63343.86000000,63593.99000000,3239.03285000
2024-05-06T13:00:00Z,63593.99000000,63998.47000000,63450.00000000,63870.00000000,1925.28163000
2024-05-06T14:00:00Z,63870.01000000,64261.08000000,63211.66000000,63271.97000000,2546.60149000
2024-05-06T15:00:00Z,63271.97000000,63760.00000000,62909.61000000,63632.01000000,3071.45824000
2024-05-06T16:00:00Z,63632.01000000,63747.59000000,63079.60000000,63192.43000000,1310.82401000
2024-05-06T17:00:00Z,63192.42000000,63511.84000000,62968.57000000,63169.93000000,1326.88967000
2024-05-06T18:00:00Z,63169.92000000,63532.05000000,62965.40000000,63400.00000000,967.44266000
2024-05-06T19:00:00Z,63400.00000000,63404.80000000,62700.00000000,63220.00000000,1434.80332000
2024-05-06T20:00:00Z,63220.00000000,63405.61000000,63051.94000000,63308.28000000,631.68257000
2024-05-06T21:00:00Z,63308.28000000,63611.85000000,63308.27000000,63550.29000000,501.14599000
2024-05-06T22:00:00Z,63550.29000000,63570.00000000,63406.13000000,63495.67000000,386.90151000
2024-05-06T23:00:00Z,63495.67000000,63495.67000000,63134.85000000,63165.19000000,687.27667000
2024-05-07T00:00:00Z,63165.18000000,63667.00000000,62960.00000000,63545.45000000,928.47484000
2024-05-07T01:00:00Z,63545.44000000,63967.19000000,63480.00000000,63895.72000000,1085.17625000
2024-05-07T02:00:00Z,63895.72000000,63953.34000000,63620.03000000,63702.76000000,515.58031000
2024-05-07T03:00:00Z,63702.76000000,63733.16000000,62832.60000000,63239.49000000,1476.62405000
2024-05-07T04:00:00Z,63239.50000000,63470.58000000,63092.76000000,63466.26000000,660.87016000
2024-05-07T05:00:00Z,63466.27000000,63725.00000000,63243.92000000,63563.48000000,863.98722000
2024-05-07T06:00:00Z,63563.47000000,63719.20000000,63394.28000000,63623.81000000,670.64396000
2024-05-07T07:00:00Z,63623.81000000,63853.12000000,63549.99000000,63669.69000000,675.97144000
2024-05-07T08:00:00Z,63669.69000000,64422.41000000,63596.13000000,64232.00000000,1813.93045000
2024-05-07T09:00:00Z,64231.99000000,64362.70000000,64064.34000000,64119.98000000,876.33820000
2024-05-07T10:00:00Z,64119.98000000,64171.83000000,63746.69000000,64086.37000000,1107.35526000
2024-05-07T11:00:00Z,64086.37000000,64124.05000000,63358.00000000,63490.43000000,1203.63388000
2024-05-07T12:00:00Z,63490.43000000,63772.45000000,63473.73000000,63663.02000000,808.51866000
2024-05-07T13:00:00Z,63663.03000000,63712.86000000,63112.57000000,63213.16000000,1114.61286000
2024-05-07T14:00:00Z,63213.17000000,64088.53000000,63050.77000000,64024.47000000,1473.30207000
2024-05-07T15:00:00Z,64024.47000000,64320.00000000,63584.28000000,63740.48000000,2024.43200000
2024-05-07T16:00:00Z,63740.48000000,63895.46000000,63455.56000000,63634.00000000,834.79206000
2024-05-07T17:00:00Z,63633.99000000,63657.40000000,63310.84000000,63391.79000000,634.53809000
2024-05-07T18:00:00Z,63391.79000000,63393.52000000,62789.89000000,63169.99000000,1486.25347000
2024-05-07T19:00:00Z,63169.99000000,63269.20000000,62961.81000000,63060.01000000,626.71829000
2024-05-07T20:00:00Z,63060.00000000,63197.58000000,62888.68000000,62974.94000000,554.56501000
2024-05-07T21:00:00Z,62974.94000000,63162.28000000,62835.00000000,63074.01000000,577.89635000
2024-05-07T22:00:00Z,63074.01000000,63123.60000000,62738.80000000,62850.92000000,1499.83173000
2024-05-07T23:00:00Z,62850.92000000,62880.00000000,62261.00000000,62312.08000000,2084.74811000
2024-05-08T00:00:00Z,62312.07000000,62729.77000000,62111.00000000,62586.01000000,1290.47582000
2024-05-08T01:00:00Z,62586.01000000,62718.38000000,62430.00000000,62530.31000000,791.74180000
2024-05-08T02:00:00Z,62530.31000000,62849.03000000,62530.30000000,62756.01000000,608.88070000
2024-05-08T03:00:00Z,62756.00000000,62973.18000000,62588.00000000,62893.99000000,646.72460000
2024-05-08T04:00:00Z,62894.00000000,63020.22000000,62358.09000000,62520.15000000,950.04767000
2024-05-08T05:00:00Z,62520.15000000,62760.00000000,62361.51000000,62617.71000000,564.73818000
2024-05-08T06:00:00Z,62617.71000000,62709.63000000,62135.48000000,62505.98000000,1299.96940000
2024-05-08T07:00:00Z,62505.99000000,62603.64000000,62020.09000000,62208.00000000,1045.14323000
2024-05-08T08:00:00Z,62208.00000000,62427.97000000,62042.00000000,62375.99000000,1032.41734000
2024-05-08T09:00:00Z,62375.99000000,62428.00000000,62082.30000000,62302.01000000,1000.99800000
2024-05-08T10:00:00Z,62302.00000000,62519.70000000,62264.19000000,62450.05000000,809.67814000
2024-05-08T11:00:00Z,62450.06000000,62507.00000000,62131.41000000,62243.40000000,670.36372000
2024-05-08T12:00:00Z,62243.40000000,62450.14000000,62093.75000000,62238.29000000,730.29598000
2024-05-08T13:00:00Z,62238.29000000,62461.28000000,61761.00000000,62447.61000000,2047.08478000
2024-05-08T14:00:00Z,62447.60000000,62828.00000000,62160.72000000,62560.01000000,1703.94563000
2024-05-08T15:00:00Z,62560.00000000,62604.35000000,61886.86000000,62273.08000000,1676.92072000
2024-05-08T16:00:00Z,62273.07000000,62444.45000000,62000.00000000,62444.45000000,800.51936000
2024-05-08T17:00:00Z,62444.45000000,62685.70000000,62368.06000000,62594.18000000,721.63706000
2024-05-08T18:00:00Z,62594.19000000,62760.00000000,62450.00000000,62515.46000000,605.54987000
2024-05-08T19:00:00Z,62515.46000000,62548.71000000,61949.42000000,62179.45000000,1173.43420000
2024-05-08T20:00:00Z,62179.45000000,62248.84000000,61429.62000000,61570.01000000,1896.44470000
2024-05-08T21:00:00Z,61570.00000000,61763.37000000,61382.00000000,61485.94000000,938.44954000
2024-05-08T22:00:00Z,61485.95000000,61568.85000000,61103.26000000,61251.01000000,1500.49677000
2024-05-08T23:00:00Z,61251.02000000,61280.46000000,60888.00000000,61193.03000000,1615.23283000
2024-05-09T00:00:00Z,61193.03000000,61468.14000000,61144.33000000,61400.00000000,669.86550000
2024-05-09T01:00:00Z,61400.01000000,61567.41000000,61380.54000000,61551.00000000,607.39768000
2024-05-09T02:00:00Z,61550.99000000,61694.91000000,61490.34000000,61664.64000000,656.06328000
2024-05-09T03:00:00Z,61664.64000000,61806.98000000,61423.24000000,61680.40000000,788.29083000
2024-05-09T04:00:00Z,61680.40000000,61760.60000000,61420.00000000,61511.12000000,848.22051000
2024-05-09T05:00:00Z,61511.13000000,61727.58000000,61444.44000000,61580.01000000,686.18536000
2024-05-09T06:00:00Z,61580.01000000,61780.60000000,61530.69000000,61616.01000000,524.85549000
2024-05-09T07:00:00Z,61616.00000000,61648.00000000,61129.00000000,61253.16000000,846.09087000
2024-05-09T08:00:00Z,61253.16000000,61447.06000000,61139.79000000,61310.00000000,927.28068000
2024-05-09T09:00:00Z,61309.99000000,61361.94000000,60923.22000000,61289.99000000,1553.16258000
2024-05-09T10:00:00Z,61289.99000000,61321.76000000,60774.67000000,60805.99000000,1272.99616000
2024-05-09T11:00:00Z,60805.99000000,61177.94000000,60630.00000000,61053.99000000,1608.93152000
2024-05-09T12:00:00Z,61053.99000000,61631.03000000,61025.42000000,61516.66000000,1514.01068000
2024-05-09T13:00:00Z,61516.66000000,61538.73000000,60882.19000000,61182.33000000,1609.99212000
2024-05-09T14:00:00Z,61182.32000000,61571.42000000,61119.10000000,61540.61000000,1537.77848000
2024-05-09T15:00:00Z,61540.60000000,62285.00000000,61465.36000000,62159.06000000,3626.55350000
2024-05-09T16:00:00Z,62159.06000000,62668.67000000,61820.77000000,61859.81000000,3589.58861000
2024-05-09T17:00:00Z,61859.80000000,62211.45000000,61750.00000000,61946.29000000,1125.20218000
2024-05-09T18:00:00Z,61946.30000000,62260.00000000,61890.00000000,62259.69000000,640.09588000
2024-05-09T19:00:00Z,62259.68000000,62550.00000000,62180.00000000,62454.92000000,926.36456000
2024-05-09T20:00:00Z,62454.92000000,62659.51000000,62346.36000000,62624.70000000,1263.92993000
2024-05-09T21:00:00Z,62624.70000000,62822.64000000,62426.82000000,62543.34000000,1306.15453000
2024-05-09T22:00:00Z,62543.34000000,63429.03000000,62493.00000000,63280.47000000,1525.42563000
2024-05-09T23:00:00Z,63280.46000000,63330.01000000,62862.72000000,63074.01000000,1006.36954000
2024-05-10T00:00:00Z,63074.00000000,63094.01000000,62742.00000000,62840.73000000,768.11834000
2024-05-10T01:00:00Z,62840.72000000,62968.00000000,62662.07000000,62883.50000000,776.17158000
2024-05-10T02:00:00Z,62883.50000000,63043.29000000,62771.76000000,62910.61000000,605.44697000
2024-05-10T03:00:00Z,62910.62000000,62932.15000000,62793.94000000,62916.16000000,586.04818000
2024-05-10T04:00:00Z,62916.16000000,63008.00000000,62793.04000000,62929.99000000,607.57275000
2024-05-10T05:00:00Z,62930.00000000,62973.49000000,62660.42000000,62767.99000000,608.04587000
2024-05-10T06:00:00Z,62768.00000000,63236.96000000,62743.88000000,63166.00000000,828.39836000
2024-05-10T07:00:00Z,63166.00000000,63380.00000000,62990.44000000,63078.02000000,2785.46141000
2024-05-10T08:00:00Z,63078.01000000,63136.06000000,62839.67000000,63039.99000000,866.50642000
2024-05-10T09:00:00Z,63040.00000000,63214.63000000,62850.00000000,63126.98000000,690.97981000
2024-05-10T10:00:00Z,63126.97000000,63139.19000000,62860.00000000,63025.45000000,630.43874000
2024-05-10T11:00:00Z,63025.44000000,63320.00000000,62800.00000000,63299.63000000,984.57483000
2024-05-10T12:00:00Z,63299.63000000,63469.13000000,62939.00000000,63007.92000000,1387.45502000
2024-05-10T13:00:00Z,63007.91000000,63107.17000000,62812.26000000,63004.00000000,838.68751000
2024-05-10T14:00:00Z,63004.00000000,63090.33000000,60690.00000000,61063.87000000,7058.22394000
2024-05-10T15:00:00Z,61063.87000000,61326.01000000,60703.00000000,60928.02000000,4160.52276000
2024-05-10T16:00:00Z,60928.02000000,61294.82000000,60255.00000000,61071.54000000,3344.86696000
2024-05-10T17:00:00Z,61071.55000000,61071.55000000,60187.12000000,60383.72000000,2970.16569000
2024-05-10T18:00:00Z,60383.71000000,60788.00000000,60220.87000000,60717.07000000,1476.02208000
2024-05-10T19:00:00Z,60717.08000000,60922.29000000,60538.70000000,60716.97000000,1657.60008000
2024-05-10T20:00:00Z,60716.96000000,60977.17000000,60456.91000000,60516.92000000,1289.75299000
2024-05-10T21:00:00Z,60516.91000000,60777.70000000,60466.52000000,60710.00000000,602.33189000
2024-05-10T22:00:00Z,60709.99000000,60931.80000000,60610.00000000,60854.01000000,577.19897000
2024-05-10T23:00:00Z,60854.00000000,61003.00000000,60776.00000000,60799.99000000,428.74910000
2024-05-11T00:00:00Z,60799.99000000,60930.00000000,60650.00000000,60779.99000000,746.64617000
2024-05-11T01:00:00Z,60779.99000000,61096.27000000,60764.00000000,60876.69000000,783.97486000
2024-05-11T02:00:00Z,60876.70000000,60977.77000000,60753.54000000,60895.23000000,495.30171000
2024-05-11T03:00:00Z,60895.22000000,60918.86000000,60699.92000000,60731.90000000,337.27232000
2024-05-11T04:00:00Z,60731.89000000,60880.26000000,60712.00000000,60766.01000000,569.08381000
2024-05-11T05:00:00Z,60766.00000000,60939.18000000,60766.00000000,60922.00000000,446.69119000
2024-05-11T06:00:00Z,60921.99000000,61080.00000000,60900.94000000,60953.01000000,549.19603000
2024-05-11T07:00:00Z,60953.00000000,61018.53000000,60861.88000000,61018.52000000,393.52493000
2024-05-11T08:00:00Z,61018.53000000,61058.75000000,60780.00000000,60790.00000000,504.38143000
2024-05-11T09:00:00Z,60790.01000000,60904.43000000,60662.00000000,60904.43000000,1137.87555000
2024-05-11T10:00:00Z,60904.42000000,60904.43000000,60692.00000000,60745.99000000,321.65383000
2024-05-11T11:00:00Z,60745.99000000,60790.00000000,60487.09000000,60684.01000000,658.32615000
2024-05-11T12:00:00Z,60684.00000000,60818.14000000,60643.94000000,60710.01000000,421.01411000
2024-05-11T13:00:00Z,60710.01000000,60986.11000000,60666.88000000,60972.00000000,515.98045000
2024-05-11T14:00:00Z,60972.01000000,61000.01000000,60783.94000000,60840.01000000,435.96157000
2024-05-11T15:00:00Z,60840.01000000,61515.00000000,60840.00000000,61174.18000000,1610.22371000
2024-05-11T16:00:00Z,61174.18000000,61410.09000000,61091.84000000,61201.19000000,895.98600000
2024-05-11T17:00:00Z,61201.20000000,61257.99000000,61016.00000000,61099.05000000,467.76216000
2024-05-11T18:00:00Z,61099.04000000,61300.00000000,61016.00000000,61214.54000000,324.43989000
2024-05-11T19:00:00Z,61214.55000000,61217.00000000,61058.31000000,61144.00000000,270.26577000
2024-05-11T20:00:00Z,61144.01000000,61154.21000000,60784.39000000,61016.58000000,631.96735000
2024-05-11T21:00:00Z,61016.57000000,61016.58000000,60840.00000000,60919.55000000,241.44046000
2024-05-11T22:00:00Z,60919.55000000,60990.00000000,60899.26000000,60909.99000000,278.28232000
2024-05-11T23:00:00Z,60909.99000000,60986.41000000,60743.51000000,60825.99000000,337.31759000
2024-05-12T00:00:00Z,60825.99000000,61104.05000000,60804.00000000,60978.00000000,437.42056000
2024-05-12T01:00:00Z,60977.99000000,61080.00000000,60860.30000000,60867.99000000,319.12655000
2024-05-12T02:00:00Z,60868.00000000,60979.99000000,60833.99000000,60929.85000000,268.29136000
2024-05-12T03:00:00Z,60929.86000000,60970.00000000,60863.81000000,60930.00000000,241.95581000
2024-05-12T04:00:00Z,60930.01000000,61120.00000000,60919.33000000,61100.00000000,356.79079000
2024-05-12T05:00:00Z,61100.01000000,61100.01000000,60978.64000000,61050.01000000,206.38871000
2024-05-12T06:00:00Z,61050.01000000,61062.00000000,60945.04000000,60946.49000000,186.95925000
2024-05-12T07:00:00Z,60946.49000000,60996.00000000,60610.00000000,60820.00000000,664.15041000
2024-05-12T08:00:00Z,60819.99000000,61110.00000000,60790.94000000,61049.97000000,542.22786000
2024-05-12T09:00:00Z,61049.97000000,61083.32000000,60960.00000000,61000.00000000,428.10304000
2024-05-12T10:00:00Z,61000.01000000,61366.59000000,60950.00000000,61159.99000000,1003.15244000
2024-05-12T11:00:00Z,61159.99000000,61233.06000000,61110.00000000,61146.00000000,367.15418000
2024-05-12T12:00:00Z,61145.99000000,61236.25000000,61090.00000000,61155.75000000,385.00105000
2024-05-12T13:00:00Z,61155.75000000,61245.94000000,61097.89000000,61191.29000000,273.91856000
2024-05-12T14:00:00Z,61191.29000000,61313.82000000,61124.77000000,61168.82000000,438.56708000
2024-05-12T15:00:00Z,61168.83000000,61587.12000000,61146.01000000,61419.00000000,950.94806000
2024-05-12T16:00:00Z,61419.01000000,61888.00000000,61346.77000000,61346.77000000,1686.64498000
2024-05-12T17:00:00Z,61346.77000000,61685.50000000,61109.67000000,61616.30000000,1222.21509000
2024-05-12T18:00:00Z,61616.30000000,61652.70000000,61355.00000000,61373.94000000,465.50009000
2024-05-12T19:00:00Z,61373.95000000,61442.67000000,61209.59000000,61406.10000000,446.02131000
2024-05-12T20:00:00Z,61406.11000000,61432.00000000,61283.24000000,61284.03000000,301.47437000
2024-05-12T21:00:00Z,61284.03000000,61316.67000000,60910.58000000,61236.00000000,735.99173000
2024-05-12T22:00:00Z,61236.00000000,61420.00000000,61203.36000000,61326.00000000,389.40868000
2024-05-12T23:00:00Z,61326.00000000,61551.43000000,61280.00000000,61483.99000000,435.72040000
2024-05-13T00:00:00Z,61484.00000000,61812.00000000,61483.99000000,61512.89000000,628.32045000
2024-05-13T01:00:00Z,61512.90000000,61545.77000000,61168.86000000,61415.87000000,863.29014000
2024-05-13T02:00:00Z,61415.88000000,61500.00000000,60944.71000000,61044.26000000,1697.35769000
2024-05-13T03:00:00Z,61044.26000000,61220.79000000,60749.21000000,61170.00000000,2162.71467000
2024-05-13T04:00:00Z,61170.00000000,61170.01000000,60894.24000000,60976.96000000,859.54264000
2024-05-13T05:00:00Z,60976.96000000,61016.00000000,60802.00000000,60858.97000000,556.81825000
2024-05-13T06:00:00Z,60858.96000000,61560.00000000,60797.79000000,61504.10000000,1137.89174000
2024-05-13T07:00:00Z,61504.09000000,62450.00000000,61460.00000000,62334.37000000,2210.91546000
2024-05-13T08:00:00Z,62334.36000000,63080.00000000,62334.36000000,62767.18000000,4637.85443000
2024-05-13T09:00:00Z,62767.19000000,63295.48000000,62767.18000000,63060.60000000,1765.61513000
2024-05-13T10:00:00Z,63060.61000000,63087.11000000,62378.84000000,62674.70000000,1960.81395000
2024-05-13T11:00:00Z,62674.69000000,62770.94000000,62480.57000000,62738.00000000,849.04121000
2024-05-13T12:00:00Z,62737.99000000,62913.30000000,62399.35000000,62844.04000000,1946.16246000
2024-05-13T13:00:00Z,62844.03000000,63048.05000000,62600.79000000,62779.66000000,1400.96683000
2024-05-13T14:00:00Z,62779.66000000,63100.00000000,62729.12000000,62747.87000000,1221.94263000
2024-05-13T15:00:00Z,62747.88000000,63200.00000000,62703.42000000,63002.00000000,1273.83230000
2024-05-13T16:00:00Z,63002.00000000,63450.00000000,62917.55000000,63178.89000000,2043.50104000
2024-05-13T17:00:00Z,63178.89000000,63189.48000000,62610.00000000,62810.51000000,1332.46033000
2024-05-13T18:00:00Z,62810.51000000,62827.31000000,62566.36000000,62786.90000000,709.19100000
2024-05-13T19:00:00Z,62786.90000000,63188.76000000,62786.90000000,63172.69000000,1427.27778000
2024-05-13T20:00:00Z,63172.70000000,63193.59000000,62990.84000000,63091.89000000,528.05806000
2024-05-13T21:00:00Z,63091.88000000,63120.00000000,62840.00000000,62901.75000000,422.29886000
2024-05-13T22:00:00Z,62901.76000000,62952.20000000,62715.57000000,62770.00000000,605.26179000
2024-05-13T23:00:00Z,62770.00000000,62980.15000000,62716.13000000,62940.08000000,492.28955000
2024-05-14T00:00:00Z,62940.09000000,63118.36000000,62721.98000000,62815.03000000,964.38605000
2024-05-14T01:00:00Z,62815.02000000,63019.80000000,62577.99000000,62652.02000000,805.39253000
2024-05-14T02:00:00Z,62652.01000000,62711.06000000,62500.00000000,62541.99000000,1160.02244000
2024-05-14T03:00:00Z,62541.99000000,62696.42000000,62403.22000000,62488.46000000,1256.12532000
2024-05-14T04:00:00Z,62488.46000000,62669.48000000,62401.07000000,62550.22000000,678.86922000
2024-05-14T05:00:00Z,62550.22000000,62780.73000000,62487.18000000,62717.22000000,664.97541000
2024-05-14T06:00:00Z,62717.22000000,62717.22000000,61404.34000000,62042.00000000,3558.59149000
2024-05-14T07:00:00Z,62041.99000000,62116.80000000,61820.24000000,62035.39000000,1227.22365000
2024-05-14T08:00:00Z,62035.39000000,62045.80000000,61697.05000000,61861.00000000,1125.77609000
2024-05-14T09:00:00Z,61861.01000000,61954.90000000,61755.57000000,61797.85000000,451.10485000
2024-05-14T10:00:00Z,61797.84000000,61822.19000000,61520.89000000,61719.01000000,781.38375000
2024-05-14T11:00:00Z,61719.00000000,61895.83000000,61696.96000000,61798.57000000,620.09187000
2024-05-14T12:00:00Z,61798.57000000,62108.00000000,61151.00000000,61566.52000000,2759.73245000
2024-05-14T13:00:00Z,61566.53000000,62054.77000000,61452.16000000,61695.98000000,1274.03831000
2024-05-14T14:00:00Z,61695.98000000,62300.00000000,61142.77000000,61803.74000000,3353.67600000
2024-05-14T15:00:00Z,61803.74000000,62063.56000000,61650.00000000,61787.61000000,1984.04331000
2024-05-14T16:00:00Z,61787.60000000,61816.34000000,61201.10000000,61427.54000000,1837.56692000
2024-05-14T17:00:00Z,61427.54000000,61535.28000000,61159.34000000,61314.98000000,1680.60143000
2024-05-14T18:00:00Z,61314.99000000,61463.15000000,61224.07000000,61429.99000000,587.85567000
2024-05-14T19:00:00Z,61430.00000000,61680.00000000,61397.20000000,61596.52000000,566.58472000
2024-05-14T20:00:00Z,61596.51000000,61710.00000000,61561.14000000,61610.04000000,353.70558000
2024-05-14T21:00:00Z,61610.04000000,61789.99000000,61472.41000000,61694.56000000,560.50715000
2024-05-14T22:00:00Z,61694.57000000,61766.28000000,61570.00000000,61708.79000000,514.93360000
2024-05-14T23:00:00Z,61708.78000000,61726.62000000,61540.00000000,61577.49000000,321.53260000
2024-05-15T00:00:00Z,61577.49000000,61800.00000000,61319.47000000,61438.35000000,723.56318000
2024-05-15T01:00:00Z,61438.35000000,61760.04000000,61432.01000000,61696.00000000,520.34527000
2024-05-15T02:00:00Z,61695.99000000,61908.47000000,61690.21000000,61774.01000000,452.58568000
2024-05-15T03:00:00Z,61774.01000000,62033.48000000,61772.44000000,61949.99000000,454.46345000
2024-05-15T04:00:00Z,61949.99000000,61982.00000000,61818.18000000,61900.00000000,467.92340000
2024-05-15T05:00:00Z,61900.00000000,62082.64000000,61880.00000000,61928.68000000,585.31826000
2024-05-15T06:00:00Z,61928.67000000,61986.00000000,61829.96000000,61962.75000000,521.14334000
2024-05-15T07:00:00Z,61962.75000000,62280.01000000,61889.52000000,62195.04000000,926.14420000
2024-05-15T08:00:00Z,62195.04000000,62265.98000000,62044.80000000,62143.51000000,724.23421000
2024-05-15T09:00:00Z,62143.51000000,62919.12000000,61923.20000000,62649.98000000,1736.05036000
2024-05-15T10:00:00Z,62649.98000000,62999.44000000,62355.71000000,62674.71000000,2222.08933000
2024-05-15T11:00:00Z,62674.70000000,62824.30000000,62242.42000000,62467.18000000,1159.59947000
2024-05-15T12:00:00Z,62467.18000000,64200.93000000,62402.03000000,63757.56000000,6238.52577000
2024-05-15T13:00:00Z,63757.57000000,64663.56000000,63535.89000000,64145.99000000,5375.59068000
2024-05-15T14:00:00Z,64146.00000000,64500.00000000,63990.62000000,64500.00000000,3056.46005000
2024-05-15T15:00:00Z,64499.99000000,65057.26000000,64367.14000000,64725.11000000,3812.06983000
2024-05-15T16:00:00Z,64725.12000000,65150.00000000,64720.00000000,64759.27000000,2048.80981000
2024-05-15T17:00:00Z,64759.26000000,65127.64000000,64759.26000000,65046.56000000,1641.86445000
2024-05-15T18:00:00Z,65046.56000000,65791.12000000,64960.99000000,65717.28000000,2962.40794000
2024-05-15T19:00:00Z,65717.28000000,66419.15000000,65302.44000000,66006.23000000,3137.65546000
2024-05-15T20:00:00Z,66006.23000000,66085.50000000,65738.00000000,65930.87000000,1413.72890000
2024-05-15T21:00:00Z,65930.88000000,66200.00000000,65779.88000000,65859.99000000,851.90346000
2024-05-15T22:00:00Z,65859.99000000,66290.32000000,65842.61000000,66116.30000000,1204.41155000
2024-05-15T23:00:00Z,66116.31000000,66444.16000000,66072.00000000,66206.50000000,1322.85914000
2024-05-16T00:00:00Z,66206.51000000,66666.00000000,65942.10000000,66083.90000000,1814.28632000
2024-05-16T01:00:00Z,66083.90000000,66209.74000000,65838.66000000,65985.99000000,1018.40858000
2024-05-16T02:00:00Z,65985.99000000,66115.20000000,65746.42000000,65909.51000000,965.54926000
2024-05-16T03:00:00Z,65909.51000000,66074.03000000,65807.45000000,65975.39000000,746.79366000
2024-05-16T04:00:00Z,65975.39000000,66006.42000000,65800.00000000,65813.33000000,675.01650000
2024-05-16T05:00:00Z,65813.34000000,65900.00000000,65746.12000000,65781.99000000,546.88268000
2024-05-16T06:00:00Z,65781.99000000,66000.00000000,65652.92000000,65958.14000000,1012.39085000
2024-05-16T07:00:00Z,65958.14000000,66278.04000000,65936.57000000,66142.62000000,1305.61637000
2024-05-16T08:00:00Z,66142.62000000,66460.71000000,66094.34000000,66297.12000000,1039.61616000
2024-05-16T09:00:00Z,66297.12000000,66390.02000000,66100.00000000,66364.69000000,987.38127000
2024-05-16T10:00:00Z,66364.69000000,66364.69000000,66100.00000000,66169.99000000,747.09629000
2024-05-16T11:00:00Z,66170.00000000,66585.70000000,66000.00000000,66503.80000000,933.73337000
2024-05-16T12:00:00Z,66503.81000000,66752.01000000,65904.76000000,66011.01000000,2444.27960000
2024-05-16T13:00:00Z,66011.01000000,66367.92000000,65759.99000000,66328.05000000,1698.98043000
2024-05-16T14:00:00Z,66328.06000000,66393.29000000,65555.00000000,65598.70000000,2406.63193000
2024-05-16T15:00:00Z,65598.70000000,65900.00000000,65361.51000000,65818.88000000,1867.16428000
2024-05-16T16:00:00Z,65818.89000000,65827.47000000,65110.00000000,65154.99000000,3290.50377000
2024-05-16T17:00:00Z,65154.98000000,65389.95000000,64602.77000000,64994.99000000,2511.85879000
2024-05-16T18:00:00Z,64995.00000000,65205.85000000,64831.63000000,65122.18000000,1630.94501000
2024-05-16T19:00:00Z,65122.19000000,65580.00000000,65090.17000000,65186.85000000,1033.54006000
2024-05-16T20:00:00Z,65186.84000000,65290.00000000,65050.00000000,65273.90000000,581.14820000
2024-05-16T21:00:00Z,65273.90000000,65500.00000000,65242.09000000,65461.99000000,579.45707000
2024-05-16T22:00:00Z,65461.99000000,65480.35000000,65140.61000000,65418.97000000,580.56491000
2024-05-16T23:00:00Z,65418.98000000,65422.03000000,65187.50000000,65235.21000000,688.52174000
2024-05-17T00:00:00Z,65235.21000000,65508.70000000,65235.20000000,65508.69000000,591.23809000
2024-05-17T01:00:00Z,65508.70000000,65510.22000000,65106.38000000,65340.84000000,520.23452000
2024-05-17T02:00:00Z,65340.83000000,65450.07000000,65188.00000000,65386.01000000,370.41889000
2024-05-17T03:00:00Z,65386.00000000,65901.46000000,65354.23000000,65584.53000000,1533.13211000
2024-05-17T04:00:00Z,65584.53000000,65630.70000000,65367.51000000,65451.81000000,567.84995000
2024-05-17T05:00:00Z,65451.81000000,65700.00000000,65436.00000000,65700.00000000,472.55691000
2024-05-17T06:00:00Z,65699.99000000,66148.00000000,65580.66000000,65955.56000000,1212.84837000
2024-05-17T07:00:00Z,65955.56000000,66500.00000000,65955.56000000,66386.94000000,2713.23533000
2024-05-17T08:00:00Z,66386.93000000,66457.28000000,66068.79000000,66146.01000000,1162.00194000
2024-05-17T09:00:00Z,66146.00000000,66390.00000000,66072.43000000,66344.44000000,712.33029000
2024-05-17T10:00:00Z,66344.43000000,66537.19000000,66182.77000000,66500.48000000,892.47388000
2024-05-17T11:00:00Z,66500.47000000,66564.23000000,66197.91000000,66218.00000000,787.76141000
2024-05-17T12:00:00Z,66217.99000000,66548.00000000,66120.00000000,66379.97000000,1169.86052000
2024-05-17T13:00:00Z,66379.97000000,66458.63000000,65828.03000000,65944.02000000,1330.70417000
2024-05-17T14:00:00Z,65944.02000000,66850.00000000,65914.81000000,66806.66000000,1594.09581000
2024-05-17T15:00:00Z,66806.67000000,67451.20000000,66552.53000000,67195.10000000,3797.62724000
2024-05-17T16:00:00Z,67195.09000000,67300.00000000,66910.00000000,66929.99000000,1380.14254000
2024-05-17T17:00:00Z,66930.00000000,66998.57000000,66660.78000000,66702.52000000,1144.46178000
2024-05-17T18:00:00Z,66702.51000000,66849.00000000,66214.67000000,66821.98000000,1439.52450000
2024-05-17T19:00:00Z,66821.98000000,67070.00000000,66650.75000000,67047.99000000,1059.21574000
2024-05-17T20:00:00Z,67047.99000000,67048.00000000,66765.33000000,66890.00000000,487.41465000
2024-05-17T21:00:00Z,66890.00000000,66916.78000000,66740.42000000,66810.65000000,338.90557000
2024-05-17T22:00:00Z,66810.64000000,66810.65000000,66669.72000000,66771.60000000,334.94159000
2024-05-17T23:00:00Z,66771.60000000,67089.72000000,66700.00000000,67024.00000000,679.25829000
2024-05-18T00:00:00Z,67024.00000000,67095.88000000,66725.53000000,66891.59000000,1097.85070000
2024-05-18T01:00:00Z,66891.59000000,67017.99000000,66765.33000000,66980.00000000,383.52091000
2024-05-18T02:00:00Z,66979.99000000,67055.30000000,66797.61000000,66907.84000000,523.42619000
2024-05-18T03:00:00Z,66907.85000000,67006.49000000,66854.38000000,66945.05000000,476.59870000
2024-05-18T04:00:00Z,66945.06000000,67008.41000000,66800.00000000,66883.61000000,434.02618000
2024-05-18T05:00:00Z,66883.60000000,66885.99000000,66810.00000000,66854.71000000,270.60442000
2024-05-18T06:00:00Z,66854.70000000,66963.86000000,66730.00000000,66920.03000000,507.84157000
2024-05-18T07:00:00Z,66920.03000000,67240.69000000,66829.00000000,66887.00000000,869.03278000
2024-05-18T08:00:00Z,66887.01000000,67085.19000000,66840.00000000,67027.59000000,459.68391000
2024-05-18T09:00:00Z,67027.59000000,67138.99000000,66999.99000000,67125.04000000,597.38137000
2024-05-18T10:00:00Z,67125.03000000,67300.00000000,67029.37000000,67222.22000000,1373.75809000
2024-05-18T11:00:00Z,67222.21000000,67400.01000000,67116.36000000,67190.82000000,1139.45090000
2024-05-18T12:00:00Z,67190.81000000,67227.97000000,66900.00000000,66948.00000000,637.91065000
2024-05-18T13:00:00Z,66947.99000000,67072.90000000,66800.00000000,66863.17000000,723.04515000
2024-05-18T14:00:00Z,66863.18000000,67061.20000000,66600.09000000,66793.66000000,1441.27911000
2024-05-18T15:00:00Z,66793.66000000,66896.19000000,66600.00000000,66823.63000000,710.15863000
2024-05-18T16:00:00Z,66823.63000000,66992.53000000,66722.00000000,66888.17000000,458.90113000
2024-05-18T17:00:00Z,66888.17000000,66970.00000000,66750.00000000,66866.51000000,501.97204000
2024-05-18T18:00:00Z,66866.52000000,66910.00000000,66779.95000000,66796.36000000,230.01863000
2024-05-18T19:00:00Z,66796.35000000,66942.94000000,66771.76000000,66912.62000000,224.34717000
2024-05-18T20:00:00Z,66912.62000000,67014.88000000,66880.00000000,66964.01000000,285.93209000
2024-05-18T21:00:00Z,66964.01000000,66984.00000000,66810.00000000,66899.29000000,246.94770000
2024-05-18T22:00:00Z,66899.29000000,67005.07000000,66828.59000000,66932.01000000,505.72490000
2024-05-18T23:00:00Z,66932.00000000,67039.92000000,66914.58000000,66915.20000000,341.84482000
2024-05-19T00:00:00Z,66915.20000000,66980.84000000,66837.39000000,66906.53000000,234.84228000
2024-05-19T01:00:00Z,66906.52000000,66970.00000000,66885.55000000,66920.01000000,188.41852000
2024-05-19T02:00:00Z,66920.00000000,67250.00000000,66920.00000000,67211.61000000,961.69008000
2024-05-19T03:00:00Z,67211.60000000,67294.35000000,67090.00000000,67170.21000000,583.81818000
2024-05-19T04:00:00Z,67170.20000000,67180.00000000,66994.22000000,67151.75000000,332.00108000
2024-05-19T05:00:00Z,67151.74000000,67170.00000000,67090.53000000,67097.62000000,250.37194000
2024-05-19T06:00:00Z,67097.63000000,67150.00000000,66930.40000000,67022.65000000,362.78212000
2024-05-19T07:00:00Z,67022.64000000,67329.45000000,66981.10000000,67324.44000000,825.69502000
2024-05-19T08:00:00Z,67324.44000000,67339.91000000,67100.00000000,67160.01000000,453.96065000
2024-05-19T09:00:00Z,67160.00000000,67186.67000000,66990.01000000,67180.01000000,449.59565000
2024-05-19T10:00:00Z,67180.01000000,67700.00000000,67116.35000000,67269.99000000,1871.51463000
2024-05-19T11:00:00Z,67270.00000000,67388.00000000,66950.00000000,67330.00000000,1381.45807000
2024-05-19T12:00:00Z,67330.01000000,67330.01000000,66789.75000000,66832.99000000,1186.13274000
2024-05-19T13:00:00Z,66832.99000000,67179.03000000,66677.00000000,67049.99000000,987.74860000
2024-05-19T14:00:00Z,67049.99000000,67149.85000000,66847.02000000,66928.00000000,755.26097000
2024-05-19T15:00:00Z,66928.00000000,66988.22000000,66739.13000000,66889.88000000,646.82118000
2024-05-19T16:00:00Z,66889.88000000,66990.00000000,66521.38000000,66662.01000000,1053.33486000
2024-05-19T17:00:00Z,66662.00000000,66830.71000000,66548.17000000,66720.01000000,636.07701000
2024-05-19T18:00:00Z,66720.01000000,66757.21000000,66522.30000000,66586.21000000,400.40451000
2024-05-19T19:00:00Z,66586.21000000,66646.20000000,65857.25000000,66034.01000000,2461.19629000
2024-05-19T20:00:00Z,66034.01000000,66300.00000000,66019.99000000,66163.99000000,650.74941000
2024-05-19T21:00:00Z,66164.00000000,66360.00000000,66000.00000000,66280.00000000,458.74226000
2024-05-19T22:00:00Z,66280.00000000,66463.00000000,66252.00000000,66363.61000000,508.04173000
2024-05-19T23:00:00Z,66363.61000000,66363.61000000,66211.87000000,66274.01000000,384.64631000
2024-05-20T00:00:00Z,66274.00000000,66492.50000000,66149.43000000,66459.99000000,623.69794000
2024-05-20T01:00:00Z,66459.99000000,66589.63000000,66060.31000000,66520.40000000,1006.64524000
2024-05-20T02:00:00Z,66520.40000000,66763.00000000,66503.00000000,66674.02000000,695.48145000
2024-05-20T03:00:00Z,66674.02000000,66768.87000000,66563.95000000,66675.22000000,484.92176000
2024-05-20T04:00:00Z,66675.21000000,67143.75000000,66626.00000000,67132.43000000,1205.95914000
2024-05-20T05:00:00Z,67132.44000000,67295.99000000,67050.61000000,67136.36000000,1024.59809000
2024-05-20T06:00:00Z,67136.36000000,67160.00000000,66279.64000000,66410.00000000,1219.48845000
2024-05-20T07:00:00Z,66410.01000000,66899.99000000,66352.23000000,66825.14000000,1068.70718000
2024-05-20T08:00:00Z,66825.15000000,67057.97000000,66750.00000000,66762.00000000,771.75214000
2024-05-20T09:00:00Z,66762.01000000,66999.00000000,66753.18000000,66894.01000000,643.72155000
2024-05-20T10:00:00Z,66894.01000000,67349.00000000,66860.26000000,67109.99000000,1583.41701000
2024-05-20T11:00:00Z,67110.00000000,67300.00000000,66907.23000000,66994.20000000,927.56536000
2024-05-20T12:00:00Z,66994.20000000,67087.63000000,66789.16000000,66936.39000000,935.34050000
2024-05-20T13:00:00Z,66936.40000000,67184.71000000,66774.53000000,67099.98000000,1342.77011000
2024-05-20T14:00:00Z,67099.98000000,67110.00000000,66753.42000000,67006.01000000,1386.90005000
2024-05-20T15:00:00Z,67006.00000000,67487.00000000,66902.00000000,67419.99000000,2145.79274000
2024-05-20T16:00:00Z,67420.00000000,68266.08000000,67374.42000000,68190.06000000,4146.38535000
2024-05-20T17:00:00Z,68190.06000000,68649.98000000,68030.77000000,68331.51000000,2594.36691000
2024-05-20T18:00:00Z,68331.51000000,68766.00000000,68292.60000000,68728.41000000,1729.10900000
2024-05-20T19:00:00Z,68728.42000000,70000.00000000,68596.00000000,69999.99000000,7908.04956000
2024-05-20T20:00:00Z,70000.00000000,70421.24000000,69153.61000000,69500.00000000,5989.49478000
2024-05-20T21:00:00Z,69499.99000000,69767.43000000,68905.67000000,69717.79000000,3221.36307000
2024-05-20T22:00:00Z,69717.80000000,69949.00000000,69540.00000000,69590.77000000,2326.66413000
2024-05-20T23:00:00Z,69590.77000000,71515.56000000,69589.50000000,71446.62000000,5834.50959000
2024-05-21T00:00:00Z,71446.62000000,71979.00000000,71125.37000000,71312.32000000,4404.43729000
2024-05-21T01:00:00Z,71312.32000000,71462.48000000,70706.00000000,71089.96000000,3747.50505000
2024-05-21T02:00:00Z,71089.96000000,71426.19000000,70903.85000000,71283.80000000,2981.22858000
2024-05-21T03:00:00Z,71283.81000000,71401.68000000,71136.84000000,71284.00000000,1955.21923000
2024-05-21T04:00:00Z,71283.99000000,71289.89000000,70834.00000000,70910.00000000,1389.72962000
2024-05-21T05:00:00Z,70910.01000000,71222.00000000,70826.92000000,71209.86000000,1759.43251000
2024-05-21T06:00:00Z,71209.87000000,71394.20000000,71096.01000000,71205.41000000,1634.49017000
2024-05-21T07:00:00Z,71205.41000000,71230.13000000,70878.29000000,70878.29000000,1818.18841000
2024-05-21T08:00:00Z,70878.30000000,71060.00000000,70839.63000000,70916.00000000,1452.44414000
2024-05-21T09:00:00Z,70916.01000000,71076.65000000,70880.68000000,70990.02000000,1391.38501000
2024-05-21T10:00:00Z,70990.02000000,71290.00000000,70960.02000000,71056.00000000,1809.08985000
2024-05-21T11:00:00Z,71055.99000000,71474.92000000,70980.00000000,71130.00000000,2640.16507000
2024-05-21T12:00:00Z,71130.00000000,71455.09000000,71060.00000000,71349.99000000,2434.77082000
2024-05-21T13:00:00Z,71349.99000000,71349.99000000,70539.91000000,70595.92000000,3352.93221000
2024-05-21T14:00:00Z,70595.92000000,70927.48000000,70187.76000000,70213.20000000,2657.66016000
2024-05-21T15:00:00Z,70213.21000000,70487.82000000,69685.01000000,69826.99000000,2745.90017000
2024-05-21T16:00:00Z,69827.00000000,70263.03000000,69642.80000000,69668.03000000,2707.57475000
2024-05-21T17:00:00Z,69668.04000000,69942.72000000,69550.00000000,69857.05000000,2370.32353000
2024-05-21T18:00:00Z,69857.05000000,69950.19000000,69500.00000000,69829.74000000,896.31712000
2024-05-21T19:00:00Z,69829.74000000,69944.40000000,69162.94000000,69285.99000000,1708.59752000
2024-05-21T20:00:00Z,69285.99000000,69766.66000000,69240.57000000,69727.01000000,1055.03779000
2024-05-21T21:00:00Z,69727.00000000,69806.12000000,69460.38000000,69727.76000000,638.66350000
2024-05-21T22:00:00Z,69727.75000000,70222.22000000,69720.18000000,70222.22000000,1279.33239000
2024-05-21T23:00:00Z,70222.21000000,70377.77000000,70100.00000000,70148.34000000,777.00871000
2024-05-22T00:00:00Z,70148.34000000,70279.99000000,70049.99000000,70120.01000000,1023.24236000
2024-05-22T01:00:00Z,70120.00000000,70209.10000000,70007.73000000,70159.58000000,811.91424000
2024-05-22T02:00:00Z,70159.57000000,70368.60000000,69922.77000000,70003.01000000,1132.34656000
2024-05-22T03:00:00Z,70003.01000000,70050.00000000,69822.76000000,69955.72000000,744.84482000
2024-05-22T04:00:00Z,69955.72000000,70000.00000000,69165.00000000,69599.98000000,1368.72361000
2024-05-22T05:00:00Z,69599.97000000,69923.48000000,69528.49000000,69898.12000000,733.25344000
2024-05-22T06:00:00Z,69898.12000000,70059.89000000,69784.47000000,69854.08000000,664.56086000
2024-05-22T07:00:00Z,69854.08000000,69889.07000000,69587.62000000,69715.00000000,795.04273000
2024-05-22T08:00:00Z,69715.00000000,70200.00000000,69636.01000000,70010.27000000,1162.16801000
2024-05-22T09:00:00Z,70010.26000000,70087.10000000,69837.45000000,69987.44000000,558.49645000
2024-05-22T10:00:00Z,69987.45000000,70233.00000000,69928.05000000,70190.00000000,716.52513000
2024-05-22T11:00:00Z,70190.00000000,70275.14000000,69736.13000000,69736.13000000,901.76594000
2024-05-22T12:00:00Z,69736.14000000,70093.34000000,69505.65000000,69643.88000000,1403.77741000
2024-05-22T13:00:00Z,69643.88000000,69892.63000000,69436.63000000,69586.87000000,1317.24639000
2024-05-22T14:00:00Z,69586.88000000,70180.00000000,69435.30000000,70114.63000000,1967.29937000
2024-05-22T15:00:00Z,70114.63000000,70591.00000000,69922.37000000,70455.90000000,1427.10900000
2024-05-22T16:00:00Z,70455.89000000,70666.00000000,70179.58000000,70229.88000000,1054.42271000
2024-05-22T17:00:00Z,70229.87000000,70459.91000000,69669.19000000,69863.52000000,1661.38521000
2024-05-22T18:00:00Z,69863.52000000,69901.66000000,69228.64000000,69574.60000000,2501.11282000
2024-05-22T19:00:00Z,69574.60000000,69800.91000000,69453.13000000,69637.47000000,1056.97871000
2024-05-22T20:00:00Z,69637.48000000,69976.00000000,69397.25000000,69442.01000000,1467.75371000
2024-05-22T21:00:00Z,69442.02000000,69665.61000000,68842.19000000,69497.77000000,1531.11044000
2024-05-22T22:00:00Z,69497.77000000,69550.00000000,69054.01000000,69141.28000000,953.47919000
2024-05-22T23:00:00Z,69141.28000000,69233.69000000,69023.56000000,69166.62000000,718.62115000
2024-05-23T00:00:00Z,69166.62000000,69621.51000000,69166.61000000,69499.81000000,859.87459000
2024-05-23T01:00:00Z,69499.81000000,69626.87000000,69260.15000000,69483.16000000,601.81364000
2024-05-23T02:00:00Z,69483.15000000,69562.00000000,69362.62000000,69505.86000000,441.81983000
2024-05-23T03:00:00Z,69505.85000000,69524.86000000,69311.76000000,69446.14000000,615.56921000
2024-05-23T04:00:00Z,69446.14000000,69590.00000000,69422.20000000,69550.01000000,663.29267000
2024-05-23T05:00:00Z,69550.00000000,69562.04000000,69347.17000000,69478.89000000,540.94978000
2024-05-23T06:00:00Z,69478.89000000,69675.00000000,69382.73000000,69561.40000000,605.32347000
2024-05-23T07:00:00Z,69561.40000000,69862.44000000,69470.00000000,69734.04000000,831.73333000
2024-05-23T08:00:00Z,69734.05000000,69849.94000000,69577.86000000,69687.99000000,628.71340000
2024-05-23T09:00:00Z,69687.99000000,69830.00000000,69580.90000000,69645.06000000,786.18312000
2024-05-23T10:00:00Z,69645.05000000,69794.92000000,69520.02000000,69537.21000000,713.54288000
2024-05-23T11:00:00Z,69537.22000000,70061.00000000,69537.21000000,69982.72000000,1592.64329000
2024-05-23T12:00:00Z,69982.72000000,70096.12000000,68946.17000000,69428.53000000,2387.11342000
2024-05-23T13:00:00Z,69428.53000000,69558.07000000,67716.42000000,68036.14000000,5195.50740000
2024-05-23T14:00:00Z,68036.14000000,68345.39000000,67610.95000000,67748.63000000,3287.23359000
2024-05-23T15:00:00Z,67748.62000000,68313.79000000,67709.84000000,68076.00000000,1910.00664000
2024-05-23T16:00:00Z,68075.99000000,68167.97000000,67799.30000000,67822.78000000,1012.38695000
2024-05-23T17:00:00Z,67822.78000000,68119.26000000,67618.98000000,67639.25000000,1108.81623000
2024-05-23T18:00:00Z,67639.25000000,67684.36000000,66764.70000000,67393.06000000,3242.57711000
2024-05-23T19:00:00Z,67393.05000000,67690.00000000,67110.18000000,67199.98000000,1507.43481000
2024-05-23T20:00:00Z,67199.98000000,67952.39000000,66312.16000000,67802.89000000,4844.87833000
2024-05-23T21:00:00Z,67802.89000000,68365.81000000,66958.40000000,67992.77000000,5227.80843000
2024-05-23T22:00:00Z,67992.78000000,67999.98000000,67540.00000000,67686.47000000,935.26003000
2024-05-23T23:00:00Z,67686.48000000,67994.10000000,67480.00000000,67969.65000000,972.69159000
2024-05-24T00:00:00Z,67969.66000000,68000.00000000,67628.01000000,67852.00000000,1148.17033000
2024-05-24T01:00:00Z,67851.99000000,67852.00000000,67657.55000000,67742.01000000,587.94989000
2024-05-24T02:00:00Z,67742.01000000,68000.95000000,67634.15000000,67978.37000000,868.04952000
2024-05-24T03:00:00Z,67978.38000000,68017.56000000,67822.05000000,67891.83000000,923.24161000
2024-05-24T04:00:00Z,67891.83000000,67922.79000000,67651.04000000,67708.23000000,968.40971000
2024-05-24T05:00:00Z,67708.23000000,67708.23000000,67080.99000000,67299.99000000,1412.81067000
2024-05-24T06:00:00Z,67299.99000000,67603.60000000,66816.21000000,66887.01000000,2121.93380000
2024-05-24T07:00:00Z,66887.01000000,67311.54000000,66828.23000000,67155.93000000,1407.32671000
2024-05-24T08:00:00Z,67155.93000000,67228.84000000,66600.12000000,67190.15000000,1338.28785000
2024-05-24T09:00:00Z,67190.15000000,67449.36000000,67039.52000000,67375.26000000,855.22355000
2024-05-24T10:00:00Z,67375.25000000,67523.78000000,67311.12000000,67353.43000000,586.83531000
2024-05-24T11:00:00Z,67353.43000000,67472.89000000,67277.58000000,67349.99000000,702.98193000
2024-05-24T12:00:00Z,67350.00000000,67571.81000000,67343.00000000,67490.00000000,742.56840000
2024-05-24T13:00:00Z,67490.00000000,67607.00000000,66921.97000000,67077.12000000,2224.97911000
2024-05-24T14:00:00Z,67077.12000000,68031.62000000,67000.00000000,67869.48000000,2203.56630000
2024-05-24T15:00:00Z,67869.49000000,68420.00000000,67869.48000000,68326.46000000,2033.08888000
2024-05-24T16:00:00Z,68326.46000000,68473.85000000,67924.39000000,68394.33000000,1656.06613000
2024-05-24T17:00:00Z,68394.32000000,68931.31000000,68394.32000000,68919.02000000,1870.85195000
2024-05-24T18:00:00Z,68919.02000000,69220.00000000,68840.00000000,68970.43000000,1735.97362000
2024-05-24T19:00:00Z,68970.43000000,69250.00000000,68738.33000000,69115.98000000,861.38775000
2024-05-24T20:00:00Z,69115.98000000,69214.00000000,68836.96000000,68836.96000000,700.24049000
2024-05-24T21:00:00Z,68836.96000000,68995.77000000,68800.00000000,68876.00000000,401.77374000
2024-05-24T22:00:00Z,68875.99000000,68876.00000000,68674.39000000,68787.99000000,320.29512000
2024-05-24T23:00:00Z,68788.00000000,68788.00000000,68524.94000000,68549.99000000,423.82427000
2024-05-25T00:00:00Z,68549.99000000,68679.48000000,68500.00000000,68530.89000000,353.66198000
2024-05-25T01:00:00Z,68530.88000000,68700.38000000,68530.88000000,68613.46000000,366.55813000
2024-05-25T02:00:00Z,68613.45000000,68830.00000000,68606.10000000,68817.22000000,381.53499000
2024-05-25T03:00:00Z,68817.22000000,68910.00000000,68652.59000000,68757.85000000,539.87073000
2024-05-25T04:00:00Z,68757.84000000,68831.88000000,68688.00000000,68784.37000000,458.79460000
2024-05-25T05:00:00Z,68784.37000000,68808.00000000,68696.00000000,68718.21000000,260.60587000
2024-05-25T06:00:00Z,68718.21000000,68746.40000000,68615.56000000,68660.40000000,373.11777000
2024-05-25T07:00:00Z,68660.39000000,68811.89000000,68639.69000000,68753.92000000,326.34283000
2024-05-25T08:00:00Z,68753.93000000,69059.35000000,68749.20000000,68876.69000000,621.21878000
2024-05-25T09:00:00Z,68876.69000000,69156.28000000,68850.00000000,69095.27000000,540.31615000
2024-05-25T10:00:00Z,69095.27000000,69453.57000000,69025.87000000,69387.99000000,768.89760000
2024-05-25T11:00:00Z,69388.00000000,69610.00000000,69104.67000000,69104.67000000,1143.62136000
2024-05-25T12:00:00Z,69104.68000000,69299.99000000,69018.56000000,69116.30000000,899.32763000
2024-05-25T13:00:00Z,69116.31000000,69240.77000000,68882.43000000,69025.98000000,1120.61802000
2024-05-25T14:00:00Z,69025.99000000,69088.67000000,68958.00000000,69021.65000000,634.18253000
2024-05-25T15:00:00Z,69021.65000000,69212.58000000,68847.65000000,68930.40000000,707.55312000
2024-05-25T16:00:00Z,68930.39000000,69044.00000000,68849.50000000,68936.62000000,490.68142000
2024-05-25T17:00:00Z,68936.61000000,69100.00000000,68925.00000000,69065.14000000,335.57693000
2024-05-25T18:00:00Z,69065.15000000,69234.00000000,69065.14000000,69213.20000000,373.59442000
2024-05-25T19:00:00Z,69213.20000000,69266.66000000,69115.94000000,69155.32000000,260.44168000
2024-05-25T20:00:00Z,69155.32000000,69221.39000000,69071.47000000,69100.01000000,228.03497000
2024-05-25T21:00:00Z,69100.00000000,69170.72000000,69050.01000000,69139.01000000,232.82685000
2024-05-25T22:00:00Z,69139.02000000,69159.54000000,69050.95000000,69129.00000000,237.31364000
2024-05-25T23:00:00Z,69128.99000000,69356.60000000,69128.99000000,69290.57000000,475.70218000
2024-05-26T00:00:00Z,69290.56000000,69319.31000000,69151.50000000,69156.00000000,318.21323000
2024-05-26T01:00:00Z,69156.01000000,69256.09000000,69156.00000000,69161.44000000,244.61402000
2024-05-26T02:00:00Z,69161.44000000,69176.91000000,68808.37000000,68904.01000000,573.34301000
2024-05-26T03:00:00Z,68904.00000000,69137.84000000,68880.60000000,69073.62000000,467.99134000
2024-05-26T04:00:00Z,69073.62000000,69073.62000000,68936.21000000,68974.00000000,270.48984000
2024-05-26T05:00:00Z,68973.99000000,69139.60000000,68928.22000000,69139.60000000,219.54140000
2024-05-26T06:00:00Z,69139.59000000,69184.00000000,69052.00000000,69105.63000000,273.93522000
2024-05-26T07:00:00Z,69105.64000000,69435.36000000,69101.63000000,69340.15000000,620.99560000
2024-05-26T08:00:00Z,69340.16000000,69562.23000000,69063.13000000,69160.33000000,844.03291000
2024-05-26T09:00:00Z,69160.32000000,69254.00000000,68974.55000000,69086.54000000,540.21484000
2024-05-26T10:00:00Z,69086.54000000,69222.93000000,69086.54000000,69222.92000000,504.80601000
2024-05-26T11:00:00Z,69222.93000000,69229.92000000,69054.10000000,69134.91000000,542.28481000
2024-05-26T12:00:00Z,69134.91000000,69146.92000000,68951.00000000,68993.22000000,497.24308000
2024-05-26T13:00:00Z,68993.21000000,69136.15000000,68950.00000000,69136.14000000,376.78122000
2024-05-26T14:00:00Z,69136.15000000,69312.30000000,69042.26000000,69287.12000000,685.92369000
2024-05-26T15:00:00Z,69287.11000000,69399.00000000,68668.60000000,68847.99000000,1131.13166000
2024-05-26T16:00:00Z,68847.98000000,68973.15000000,68692.11000000,68808.62000000,833.60220000
2024-05-26T17:00:00Z,68808.61000000,68906.96000000,68731.36000000,68778.14000000,418.50179000
2024-05-26T18:00:00Z,68778.14000000,68842.80000000,68717.61000000,68800.16000000,364.30568000
2024-05-26T19:00:00Z,68800.15000000,68916.22000000,68800.15000000,68903.54000000,240.01540000
2024-05-26T20:00:00Z,68903.53000000,68911.56000000,68720.66000000,68720.84000000,177.26876000
2024-05-26T21:00:00Z,68720.85000000,68720.85000000,68128.01000000,68518.02000000,873.47041000
2024-05-26T22:00:00Z,68518.02000000,68700.65000000,68464.00000000,68560.00000000,369.81244000
2024-05-26T23:00:00Z,68560.01000000,68569.88000000,68344.00000000,68507.67000000,483.59941000
2024-05-27T00:00:00Z,68507.67000000,68821.72000000,68481.31000000,68821.71000000,491.97295000
2024-05-27T01:00:00Z,68821.72000000,69298.00000000,68740.75000000,69074.01000000,742.66616000
2024-05-27T02:00:00Z,69074.02000000,69288.44000000,69020.49000000,69111.35000000,756.96511000
2024-05-27T03:00:00Z,69111.34000000,69212.00000000,68826.91000000,68873.43000000,1083.48310000
2024-05-27T04:00:00Z,68873.43000000,68901.74000000,68764.71000000,68770.01000000,470.50870000
2024-05-27T05:00:00Z,68770.00000000,68784.40000000,68321.95000000,68524.61000000,845.39332000
2024-05-27T06:00:00Z,68524.60000000,68621.54000000,68393.23000000,68393.23000000,600.69750000
2024-05-27T07:00:00Z,68393.23000000,68721.02000000,68341.84000000,68643.36000000,676.48477000
2024-05-27T08:00:00Z,68643.36000000,68944.20000000,68521.52000000,68624.00000000,825.51086000
2024-05-27T09:00:00Z,68624.01000000,68660.09000000,68430.95000000,68595.37000000,640.74484000
2024-05-27T10:00:00Z,68595.36000000,68598.48000000,68422.08000000,68577.79000000,606.70178000
2024-05-27T11:00:00Z,68577.79000000,68679.80000000,68250.00000000,68434.26000000,863.90991000
2024-05-27T12:00:00Z,68434.26000000,68643.25000000,68384.00000000,68621.42000000,656.97356000
2024-05-27T13:00:00Z,68621.43000000,69045.80000000,68601.30000000,68919.24000000,1108.96194000
2024-05-27T14:00:00Z,68919.24000000,69500.00000000,68828.80000000,69500.00000000,1583.09764000
2024-05-27T15:00:00Z,69500.00000000,70520.30000000,69499.99000000,70373.85000000,3706.80203000
2024-05-27T16:00:00Z,70373.86000000,70687.56000000,70153.45000000,70161.22000000,1957.31729000
2024-05-27T17:00:00Z,70161.21000000,70350.00000000,70029.93000000,70184.01000000,867.16975000
2024-05-27T18:00:00Z,70184.00000000,70250.00000000,69882.11000000,69985.50000000,702.39215000
2024-05-27T19:00:00Z,69985.49000000,70113.35000000,69069.00000000,69260.01000000,1481.88431000
2024-05-27T20:00:00Z,69260.02000000,69724.21000000,69177.01000000,69660.01000000,863.51980000
2024-05-27T21:00:00Z,69660.00000000,69887.90000000,69589.99000000,69805.00000000,433.49108000
2024-05-27T22:00:00Z,69805.01000000,69805.01000000,69555.81000000,69591.58000000,535.38641000
2024-05-27T23:00:00Z,69591.59000000,69591.59000000,69324.00000000,69436.43000000,634.89241000
2024-05-28T00:00:00Z,69436.43000000,69472.99000000,69100.00000000,69377.41000000,860.35307000
2024-05-28T01:00:00Z,69377.40000000,69591.81000000,68515.86000000,68614.11000000,1600.29629000
2024-05-28T02:00:00Z,68614.11000000,68842.36000000,68420.03000000,68680.00000000,1772.01557000
2024-05-28T03:00:00Z,68680.01000000,68738.48000000,67753.00000000,68050.30000000,2602.45943000
2024-05-28T04:00:00Z,68050.30000000,68134.00000000,67486.65000000,67797.29000000,1618.34011000
2024-05-28T05:00:00Z,67797.28000000,68049.67000000,67660.00000000,68049.67000000,1062.16889000
2024-05-28T06:00:00Z,68049.67000000,68093.49000000,67787.00000000,67972.80000000,913.59384000
2024-05-28T07:00:00Z,67972.79000000,68030.00000000,67658.24000000,67694.00000000,1330.15183000
2024-05-28T08:00:00Z,67694.01000000,68250.00000000,67582.13000000,68159.99000000,1523.11012000
2024-05-28T09:00:00Z,68160.00000000,68523.99000000,68024.57000000,68336.24000000,1328.74691000
2024-05-28T10:00:00Z,68336.24000000,68902.71000000,68249.99000000,68592.01000000,1934.61955000
2024-05-28T11:00:00Z,68592.01000000,68665.59000000,68265.01000000,68389.87000000,966.81283000
2024-05-28T12:00:00Z,68389.87000000,68559.99000000,68154.21000000,68208.63000000,1003.80695000
2024-05-28T13:00:00Z,68208.64000000,68478.45000000,67659.93000000,67792.00000000,2595.00122000
2024-05-28T14:00:00Z,67792.00000000,68253.99000000,67529.62000000,67969.00000000,2270.16910000
2024-05-28T15:00:00Z,67968.99000000,68460.53000000,67728.78000000,68374.08000000,1446.85793000
2024-05-28T16:00:00Z,68374.08000000,68457.19000000,67713.02000000,67713.22000000,1367.22082000
2024-05-28T17:00:00Z,67713.22000000,68159.54000000,67640.46000000,67782.67000000,1142.86777000
2024-05-28T18:00:00Z,67782.68000000,67992.78000000,67277.91000000,67879.43000000,1577.52247000
2024-05-28T19:00:00Z,67879.42000000,68598.33000000,67864.01000000,68424.29000000,1698.26136000
2024-05-28T20:00:00Z,68424.28000000,68538.92000000,68124.04000000,68325.86000000,571.11135000
2024-05-28T21:00:00Z,68325.86000000,68550.00000000,68257.81000000,68401.47000000,437.12363000
2024-05-28T22:00:00Z,68401.47000000,68661.28000000,68383.77000000,68615.40000000,627.08406000
2024-05-28T23:00:00Z,68615.39000000,68620.92000000,68346.78000000,68398.39000000,373.27532000
2024-05-29T00:00:00Z,68398.40000000,68605.10000000,68266.04000000,68496.00000000,516.50772000
2024-05-29T01:00:00Z,68495.99000000,68707.58000000,68310.00000000,68570.00000000,677.18720000
2024-05-29T02:00:00Z,68570.00000000,68923.00000000,68454.97000000,68684.60000000,878.81934000
2024-05-29T03:00:00Z,68684.60000000,68884.82000000,68681.38000000,68829.42000000,867.21207000
2024-05-29T04:00:00Z,68829.41000000,68935.68000000,68760.00000000,68843.53000000,790.02737000
2024-05-29T05:00:00Z,68843.53000000,68843.53000000,68572.66000000,68584.73000000,541.22086000
2024-05-29T06:00:00Z,68584.72000000,68667.72000000,68465.60000000,68513.33000000,572.66649000
2024-05-29T07:00:00Z,68513.32000000,68534.35000000,67936.35000000,67946.90000000,1532.58378000
2024-05-29T08:00:00Z,67946.89000000,67999.92000000,67602.34000000,67872.41000000,1494.12835000
2024-05-29T09:00:00Z,67872.41000000,68033.33000000,67685.45000000,67905.72000000,1084.98663000
2024-05-29T10:00:00Z,67905.72000000,68024.00000000,67802.95000000,67989.89000000,660.74316000
2024-05-29T11:00:00Z,67989.90000000,68001.25000000,67736.23000000,67763.59000000,696.81447000
2024-05-29T12:00:00Z,67763.59000000,68023.97000000,67567.21000000,67898.15000000,1328.33596000
2024-05-29T13:00:00Z,67898.14000000,68280.00000000,67569.55000000,67879.99000000,2334.69989000
2024-05-29T14:00:00Z,67879.99000000,67952.39000000,67500.00000000,67635.01000000,1510.13450000
2024-05-29T15:00:00Z,67635.01000000,67855.69000000,67262.34000000,67379.13000000,1921.12359000
2024-05-29T16:00:00Z,67379.13000000,67720.00000000,67124.65000000,67555.18000000,1592.49406000
2024-05-29T17:00:00Z,67555.18000000,67680.00000000,67329.99000000,67611.12000000,806.00111000
2024-05-29T18:00:00Z,67611.12000000,67623.10000000,67222.22000000,67392.83000000,729.97775000
2024-05-29T19:00:00Z,67392.82000000,67742.00000000,67216.01000000,67266.78000000,642.71264000
2024-05-29T20:00:00Z,67266.78000000,67494.57000000,67151.35000000,67485.76000000,563.60468000
2024-05-29T21:00:00Z,67485.76000000,67810.00000000,67325.08000000,67700.42000000,568.59190000
2024-05-29T22:00:00Z,67700.42000000,67826.09000000,67605.94000000,67680.01000000,395.25117000
2024-05-29T23:00:00Z,67680.01000000,67731.59000000,67576.06000000,67652.42000000,454.00680000
2024-05-30T00:00:00Z,67652.41000000,67843.32000000,67551.46000000,67583.00000000,555.86540000
2024-05-30T01:00:00Z,67582.99000000,67862.20000000,67471.67000000,67800.00000000,612.84693000
2024-05-30T02:00:00Z,67800.00000000,68199.97000000,67788.95000000,67949.10000000,958.14916000
2024-05-30T03:00:00Z,67949.11000000,68182.42000000,67924.00000000,68118.20000000,556.83878000
2024-05-30T04:00:00Z,68118.20000000,68422.89000000,67984.01000000,68163.00000000,835.69717000
2024-05-30T05:00:00Z,68163.00000000,68195.00000000,67967.66000000,68134.14000000,493.19867000
2024-05-30T06:00:00Z,68134.13000000,68180.46000000,67728.20000000,67831.25000000,1589.90858000
2024-05-30T07:00:00Z,67831.24000000,68037.22000000,67508.42000000,67584.56000000,1515.12996000
2024-05-30T08:00:00Z,67584.57000000,67769.11000000,67128.00000000,67688.96000000,1932.25524000
2024-05-30T09:00:00Z,67688.96000000,67759.99000000,67459.96000000,67745.94000000,882.44029000
2024-05-30T10:00:00Z,67745.94000000,67991.00000000,67541.82000000,67942.08000000,962.17703000
2024-05-30T11:00:00Z,67942.08000000,68100.00000000,67815.00000000,67817.01000000,808.98104000
2024-05-30T12:00:00Z,67817.01000000,68305.55000000,67755.00000000,68133.34000000,1631.16437000
2024-05-30T13:00:00Z,68133.34000000,68678.76000000,68050.00000000,68623.99000000,1849.16498000
2024-05-30T14:00:00Z,68623.99000000,68826.31000000,68256.29000000,68359.60000000,2033.11385000
2024-05-30T15:00:00Z,68359.60000000,68612.00000000,68144.00000000,68530.76000000,1549.35568000
2024-05-30T16:00:00Z,68530.77000000,68691.64000000,68384.00000000,68676.00000000,988.43940000
2024-05-30T17:00:00Z,68676.00000000,69500.00000000,68664.00000000,69315.10000000,3039.26714000
2024-05-30T18:00:00Z,69315.10000000,69420.00000000,69084.00000000,69360.13000000,1377.02896000
2024-05-30T19:00:00Z,69360.13000000,69366.46000000,68435.00000000,68653.02000000,1632.93357000
2024-05-30T20:00:00Z,68653.02000000,68657.41000000,68050.01000000,68475.99000000,1459.40802000
2024-05-30T21:00:00Z,68475.99000000,68534.00000000,68324.00000000,68416.76000000,402.57371000
2024-05-30T22:00:00Z,68416.75000000,68438.99000000,68241.79000000,68314.93000000,393.34939000
2024-05-30T23:00:00Z,68314.93000000,68518.86000000,68251.00000000,68352.17000000,418.93108000
2024-05-31T00:00:00Z,68352.17000000,68465.39000000,68274.00000000,68460.00000000,444.97701000
2024-05-31T01:00:00Z,68460.01000000,68626.20000000,68314.35000000,68440.00000000,624.30972000
2024-05-31T02:00:00Z,68439.99000000,68729.73000000,68430.00000000,68539.99000000,739.18653000
2024-05-31T03:00:00Z,68539.99000000,68628.39000000,68487.95000000,68535.81000000,323.49962000
2024-05-31T04:00:00Z,68535.81000000,68654.33000000,68486.00000000,68516.59000000,617.95424000
2024-05-31T05:00:00Z,68516.59000000,68516.59000000,68290.00000000,68442.72000000,633.98806000
2024-05-31T06:00:00Z,68442.72000000,68456.23000000,68225.52000000,68272.00000000,544.64439000
2024-05-31T07:00:00Z,68272.00000000,68431.88000000,68075.99000000,68174.99000000,957.89486000
2024-05-31T08:00:00Z,68175.00000000,68310.90000000,68130.77000000,68136.00000000,558.93805000
2024-05-31T09:00:00Z,68136.01000000,68184.40000000,67876.00000000,67950.00000000,931.05259000
2024-05-31T10:00:00Z,67950.00000000,68333.33000000,67930.00000000,68333.33000000,860.56960000
2024-05-31T11:00:00Z,68333.33000000,68461.00000000,68280.00000000,68349.73000000,945.90215000
2024-05-31T12:00:00Z,68349.73000000,69044.10000000,68320.77000000,68643.59000000,2494.19878000
2024-05-31T13:00:00Z,68643.59000000,68821.01000000,68025.02000000,68078.34000000,2141.49344000
2024-05-31T14:00:00Z,68078.34000000,68078.34000000,67264.46000000,67501.76000000,3540.97557000
2024-05-31T15:00:00Z,67501.76000000,67548.38000000,67200.00000000,67215.58000000,1662.47327000
2024-05-31T16:00:00Z,67215.58000000,67352.41000000,66670.00000000,67200.01000000,2882.03187000
2024-05-31T17:00:00Z,67200.01000000,67459.66000000,67160.30000000,67342.77000000,885.94352000
2024-05-31T18:00:00Z,67342.77000000,67444.47000000,67170.00000000,67414.88000000,952.07983000
2024-05-31T19:00:00Z,67414.88000000,67999.00000000,67342.24000000,67681.00000000,1643.46289000
2024-05-31T20:00:00Z,67681.00000000,67798.00000000,67600.00000000,67709.04000000,526.31866000
2024-05-31T21:00:00Z,67709.04000000,67710.00000000,67500.00000000,67564.91000000,552.26479000
2024-05-31T22:00:00Z,67564.91000000,67668.00000000,67509.51000000,67509.52000000,379.27151000
2024-05-31T23:00:00Z,67509.52000000,67602.60000000,67239.19000000,67540.01000000,846.89089000
2024-06-01T00:00:00Z,67540.01000000,67703.89000000,67507.39000000,67655.66000000,569.87074000
2024-06-01T01:00:00Z,67655.66000000,67710.29000000,67428.44000000,67560.00000000,566.55975000
2024-06-01T02:00:00Z,67560.00000000,67740.00000000,67546.52000000,67729.05000000,327.71958000
2024-06-01T03:00:00Z,67729.05000000,67757.14000000,67623.24000000,67715.31000000,313.20132000
2024-06-01T04:00:00Z,67715.31000000,67763.81000000,67656.00000000,67680.01000000,315.96397000
2024-06-01T05:00:00Z,67680.01000000,67810.00000000,67603.00000000,67686.35000000,316.72396000
2024-06-01T06:00:00Z,67686.35000000,67729.87000000,67607.94000000,67693.32000000,266.23887000
2024-06-01T07:00:00Z,67693.32000000,67733.01000000,67575.23000000,67632.08000000,351.80708000
2024-06-01T08:00:00Z,67632.07000000,67741.06000000,67611.61000000,67704.00000000,376.44780000
2024-06-01T09:00:00Z,67704.00000000,67760.00000000,67635.00000000,67706.69000000,349.38935000
2024-06-01T10:00:00Z,67706.69000000,67750.00000000,67627.32000000,67627.33000000,317.62668000
2024-06-01T11:00:00Z,67627.33000000,67694.00000000,67627.32000000,67660.57000000,249.68951000
2024-06-01T12:00:00Z,67660.57000000,67872.50000000,67640.00000000,67717.76000000,408.22840000
2024-06-01T13:00:00Z,67717.76000000,67837.00000000,67714.28000000,67720.01000000,419.26976000
2024-06-01T14:00:00Z,67720.01000000,67870.00000000,67673.00000000,67803.34000000,379.00520000
2024-06-01T15:00:00Z,67803.33000000,67824.00000000,67668.01000000,67691.28000000,321.49058000
2024-06-01T16:00:00Z,67691.28000000,67719.99000000,67612.00000000,67700.01000000,304.87310000
2024-06-01T17:00:00Z,67700.01000000,67900.00000000,67556.72000000,67791.02000000,1177.16281000
2024-06-01T18:00:00Z,67791.02000000,67821.73000000,67726.32000000,67750.71000000,277.11069000
2024-06-01T19:00:00Z,67750.70000000,67782.64000000,67685.72000000,67753.76000000,174.52798000
2024-06-01T20:00:00Z,67753.76000000,67796.54000000,67700.00000000,67796.54000000,337.18395000
2024-06-01T21:00:00Z,67796.54000000,67820.20000000,67713.23000000,67760.01000000,290.36113000
2024-06-01T22:00:00Z,67760.01000000,67885.00000000,67710.00000000,67765.40000000,263.44950000
2024-06-01T23:00:00Z,67765.41000000,67819.78000000,67723.00000000,67766.85000000,163.75962000
2024-06-02T00:00:00Z,67766.84000000,67910.55000000,67744.00000000,67889.00000000,298.77105000
2024-06-02T01:00:00Z,67888.99000000,67900.00000000,67710.00000000,67755.00000000,408.07620000
2024-06-02T02:00:00Z,67755.00000000,67815.00000000,67643.33000000,67733.26000000,340.27499000
2024-06-02T03:00:00Z,67733.25000000,67807.99000000,67726.31000000,67789.47000000,240.10946000
2024-06-02T04:00:00Z,67789.48000000,67852.63000000,67745.18000000,67852.62000000,179.28516000
2024-06-02T05:00:00Z,67852.62000000,67867.60000000,67728.40000000,67728.40000000,208.19005000
2024-06-02T06:00:00Z,67728.41000000,67852.33000000,67724.60000000,67841.09000000,326.57495000
2024-06-02T07:00:00Z,67841.09000000,67842.91000000,67720.41000000,67721.00000000,342.48176000
2024-06-02T08:00:00Z,67721.01000000,67812.57000000,67671.81000000,67750.67000000,357.78944000
2024-06-02T09:00:00Z,67750.68000000,67772.65000000,67377.79000000,67529.99000000,1006.07274000
2024-06-02T10:00:00Z,67530.00000000,67581.97000000,67367.20000000,67529.99000000,381.18834000
2024-06-02T11:00:00Z,67530.00000000,68320.08000000,67492.60000000,68251.52000000,1213.97200000
2024-06-02T12:00:00Z,68251.53000000,68305.00000000,67852.24000000,67934.99000000,941.82256000
2024-06-02T13:00:00Z,67934.99000000,68214.66000000,67800.00000000,68165.98000000,722.27646000
2024-06-02T14:00:00Z,68165.97000000,68460.00000000,68073.65000000,68252.50000000,2085.25292000
2024-06-02T15:00:00Z,68252.51000000,68297.12000000,68016.19000000,68142.17000000,465.81443000
2024-06-02T16:00:00Z,68142.18000000,68200.00000000,67980.00000000,68103.63000000,440.27640000
2024-06-02T17:00:00Z,68103.63000000,68103.64000000,67808.66000000,67879.28000000,1181.95687000
2024-06-02T18:00:00Z,67879.27000000,67879.28000000,67456.88000000,67697.14000000,1480.43326000
2024-06-02T19:00:00Z,67697.14000000,67798.00000000,67257.47000000,67736.95000000,1565.51294000
2024-06-02T20:00:00Z,67736.95000000,67831.21000000,67577.65000000,67831.20000000,365.03156000
2024-06-02T21:00:00Z,67831.21000000,67902.12000000,67755.00000000,67816.14000000,263.27949000
2024-06-02T22:00:00Z,67816.13000000,67984.01000000,67809.96000000,67927.99000000,330.59344000
2024-06-02T23:00:00Z,67928.00000000,67984.01000000,67765.62000000,67765.63000000,281.28882000
2024-06-03T00:00:00Z,67765.62000000,67873.87000000,67612.48000000,67823.99000000,545.42052000
2024-06-03T01:00:00Z,67824.00000000,68553.67000000,67823.80000000,68476.01000000,1377.62869000
2024-06-03T02:00:00Z,68476.01000000,68793.97000000,68404.51000000,68416.08000000,1163.43425000
2024-06-03T03:00:00Z,68416.09000000,68518.70000000,68201.00000000,68382.81000000,722.42687000
2024-06-03T04:00:00Z,68382.80000000,68600.00000000,68285.29000000,68510.00000000,809.57781000
2024-06-03T05:00:00Z,68510.00000000,68780.00000000,68441.16000000,68700.00000000,803.11096000
2024-06-03T06:00:00Z,68699.99000000,69221.00000000,68632.01000000,69038.94000000,2491.91796000
2024-06-03T07:00:00Z,69038.94000000,69179.62000000,68804.00000000,68906.70000000,1420.73895000
2024-06-03T08:00:00Z,68906.70000000,69333.00000000,68906.69000000,69142.55000000,1257.93453000
2024-06-03T09:00:00Z,69142.54000000,69187.06000000,68913.72000000,69014.88000000,669.33080000
2024-06-03T10:00:00Z,69014.89000000,69186.79000000,68876.98000000,68907.99000000,1001.70426000
2024-06-03T11:00:00Z,68908.00000000,69248.99000000,68824.00000000,69080.00000000,897.94818000
2024-06-03T12:00:00Z,69080.00000000,69769.30000000,69075.40000000,69746.23000000,1886.90789000
2024-06-03T13:00:00Z,69746.23000000,70288.00000000,69521.04000000,69795.34000000,2750.03730000
2024-06-03T14:00:00Z,69795.33000000,70079.67000000,68500.00000000,68776.01000000,3731.05685000
2024-06-03T15:00:00Z,68776.01000000,69631.16000000,68760.00000000,69615.28000000,1863.02683000
2024-06-03T16:00:00Z,69615.27000000,69715.61000000,68899.89000000,69080.02000000,1608.62393000
2024-06-03T17:00:00Z,69080.02000000,69389.92000000,68800.00000000,69268.97000000,786.01880000
2024-06-03T18:00:00Z,69268.98000000,69444.49000000,69162.98000000,69288.41000000,653.12456000
2024-06-03T19:00:00Z,69288.41000000,69296.68000000,69021.77000000,69204.00000000,668.62340000
2024-06-03T20:00:00Z,69204.00000000,69509.38000000,69101.27000000,69101.28000000,924.92879000
2024-06-03T21:00:00Z,69101.28000000,69191.86000000,68899.51000000,69081.17000000,561.30151000
2024-06-03T22:00:00Z,69081.17000000,69144.33000000,68810.00000000,69042.51000000,569.52117000
2024-06-03T23:00:00Z,69042.51000000,69062.19000000,68730.51000000,68809.90000000,469.02919000
2024-06-04T00:00:00Z,68809.89000000,69090.90000000,68629.90000000,69001.41000000,885.47608000
2024-06-04T01:00:00Z,69001.40000000,69215.41000000,68900.60000000,69215.40000000,495.15752000
2024-06-04T02:00:00Z,69215.41000000,69306.67000000,69080.80000000,69139.57000000,426.69517000
2024-06-04T03:00:00Z,69139.58000000,69370.01000000,69114.98000000,69170.22000000,388.66215000
2024-06-04T04:00:00Z,69170.22000000,69268.27000000,69057.12000000,69061.22000000,385.62215000
2024-06-04T05:00:00Z,69061.22000000,69156.16000000,68914.28000000,68956.01000000,450.12894000
2024-06-04T06:00:00Z,68956.01000000,69039.71000000,68745.68000000,68905.43000000,1152.10393000
2024-06-04T07:00:00Z,68905.43000000,69074.82000000,68894.21000000,69013.63000000,562.89903000
2024-06-04T08:00:00Z,69013.62000000,69191.99000000,68827.00000000,68836.54000000,719.36611000
2024-06-04T09:00:00Z,68836.54000000,68890.01000000,68567.32000000,68717.92000000,1253.78456000
2024-06-04T10:00:00Z,68717.92000000,68958.00000000,68701.83000000,68890.66000000,651.64527000
2024-06-04T11:00:00Z,68890.66000000,69030.00000000,68841.87000000,68955.85000000,518.48705000
2024-06-04T12:00:00Z,68955.84000000,69155.50000000,68843.73000000,68946.56000000,981.79689000
2024-06-04T13:00:00Z,68946.56000000,69830.75000000,68946.55000000,69527.99000000,2310.51288000
2024-06-04T14:00:00Z,69527.99000000,70089.99000000,69319.79000000,69651.49000000,3400.63908000
2024-06-04T15:00:00Z,69651.49000000,70480.00000000,69463.83000000,70445.00000000,3308.73493000
2024-06-04T16:00:00Z,70445.00000000,70999.00000000,70388.17000000,70800.00000000,3577.03841000
2024-06-04T17:00:00Z,70800.00000000,70833.52000000,70360.40000000,70564.00000000,1477.20962000
2024-06-04T18:00:00Z,70564.01000000,71063.45000000,70564.00000000,70693.67000000,2685.01525000
2024-06-04T19:00:00Z,70693.67000000,70727.76000000,70092.50000000,70423.60000000,1513.09125000
2024-06-04T20:00:00Z,70423.61000000,70550.00000000,70168.67000000,70402.69000000,676.26117000
2024-06-04T21:00:00Z,70402.69000000,70630.08000000,70340.41000000,70620.00000000,560.36634000
2024-06-04T22:00:00Z,70620.01000000,70736.00000000,70510.00000000,70561.30000000,756.17993000
2024-06-04T23:00:00Z,70561.31000000,70610.00000000,70414.90000000,70537.84000000,482.91118000
2024-06-05T00:00:00Z,70537.83000000,70900.00000000,70423.51000000,70776.00000000,1036.06996000
2024-06-05T01:00:00Z,70775.99000000,71275.00000000,70646.16000000,70986.30000000,1527.72558000
2024-06-05T02:00:00Z,70986.29000000,71140.30000000,70672.08000000,70837.96000000,1397.29959000
2024-06-05T03:00:00Z,70837.96000000,70991.73000000,70768.00000000,70947.58000000,786.32991000
2024-06-05T04:00:00Z,70947.58000000,71260.00000000,70826.15000000,71168.53000000,1358.27161000
2024-06-05T05:00:00Z,71168.54000000,71196.00000000,70884.61000000,70999.99000000,804.58799000
2024-06-05T06:00:00Z,70999.99000000,71150.00000000,70850.00000000,71119.05000000,1231.70706000
2024-06-05T07:00:00Z,71119.06000000,71379.21000000,71032.60000000,71200.00000000,1297.93292000
2024-06-05T08:00:00Z,71199.99000000,71243.60000000,70880.40000000,70927.57000000,1095.54386000
2024-06-05T09:00:00Z,70927.57000000,71032.08000000,70825.00000000,70894.19000000,758.70704000
2024-06-05T10:00:00Z,70894.20000000,70908.59000000,70725.03000000,70800.33000000,860.62926000
2024-06-05T11:00:00Z,70800.33000000,71093.96000000,70694.61000000,70971.71000000,740.44670000
2024-06-05T12:00:00Z,70971.70000000,71120.00000000,70652.60000000,70940.01000000,1417.83072000
2024-06-05T13:00:00Z,70940.01000000,71169.99000000,70588.00000000,70730.70000000,1685.49480000
2024-06-05T14:00:00Z,70730.70000000,71080.00000000,70383.66000000,70867.99000000,1853.41573000
2024-06-05T15:00:00Z,70867.99000000,71731.35000000,70775.00000000,71580.00000000,2767.85879000
2024-06-05T16:00:00Z,71580.01000000,71758.00000000,71268.00000000,71312.77000000,1520.33366000
2024-06-05T17:00:00Z,71312.78000000,71704.00000000,71231.48000000,71628.98000000,1367.90189000
2024-06-05T18:00:00Z,71628.98000000,71748.22000000,70895.15000000,71096.81000000,1778.53896000
2024-06-05T19:00:00Z,71096.80000000,71398.73000000,70871.20000000,71279.95000000,937.98536000
2024-06-05T20:00:00Z,71279.95000000,71357.68000000,71160.00000000,71196.02000000,699.46084000
2024-06-05T21:00:00Z,71196.02000000,71211.34000000,71036.31000000,71138.42000000,363.26274000
2024-06-05T22:00:00Z,71138.43000000,71274.11000000,71090.00000000,71144.86000000,381.44972000
2024-06-05T23:00:00Z,71144.85000000,71294.47000000,70700.00000000,71108.00000000,1034.39613000
2024-06-06T00:00:00Z,71108.00000000,71183.99000000,70955.99000000,71018.06000000,470.98831000
2024-06-06T01:00:00Z,71018.06000000,71189.97000000,70900.00000000,71124.00000000,491.92883000
2024-06-06T02:00:00Z,71124.01000000,71237.02000000,71103.70000000,71160.00000000,454.18419000
2024-06-06T03:00:00Z,71160.01000000,71188.00000000,71012.34000000,71050.00000000,421.21498000
2024-06-06T04:00:00Z,71050.00000000,71106.46000000,70909.70000000,71054.52000000,591.72521000
2024-06-06T05:00:00Z,71054.51000000,71084.40000000,70800.00000000,70895.45000000,668.78311000
2024-06-06T06:00:00Z,70895.45000000,71037.72000000,70804.00000000,70887.99000000,577.39715000
2024-06-06T07:00:00Z,70888.00000000,71069.62000000,70853.23000000,71021.47000000,603.86899000
2024-06-06T08:00:00Z,71021.46000000,71039.50000000,70862.50000000,70904.01000000,518.12755000
2024-06-06T09:00:00Z,70904.01000000,71147.28000000,70904.00000000,70978.88000000,567.45225000
2024-06-06T10:00:00Z,70978.89000000,71000.00000000,70892.50000000,70988.00000000,426.66814000
2024-06-06T11:00:00Z,70988.01000000,71204.59000000,70935.01000000,71170.01000000,798.77919000
2024-06-06T12:00:00Z,71170.01000000,71443.60000000,71052.97000000,71187.17000000,1387.14463000
2024-06-06T13:00:00Z,71187.18000000,71535.95000000,71000.00000000,71123.09000000,1918.70297000
2024-06-06T14:00:00Z,71123.10000000,71520.00000000,71020.57000000,71464.57000000,1587.29162000
2024-06-06T15:00:00Z,71464.56000000,71700.00000000,71250.61000000,71300.00000000,1524.31210000
2024-06-06T16:00:00Z,71300.00000000,71379.93000000,70825.00000000,70948.95000000,2206.41270000
2024-06-06T17:00:00Z,70948.95000000,71225.01000000,70800.00000000,71098.31000000,1300.39004000
2024-06-06T18:00:00Z,71098.30000000,71158.87000000,70871.57000000,71075.00000000,591.43061000
2024-06-06T19:00:00Z,71075.00000000,71078.73000000,70450.00000000,70479.49000000,1416.32041000
2024-06-06T20:00:00Z,70479.49000000,70742.49000000,70117.64000000,70720.01000000,1649.27420000
2024-06-06T21:00:00Z,70720.01000000,70859.81000000,70667.00000000,70740.51000000,409.43665000
2024-06-06T22:00:00Z,70740.51000000,70920.76000000,70664.00000000,70901.01000000,656.50420000
2024-06-06T23:00:00Z,70901.01000000,70958.89000000,70748.80000000,70799.06000000,603.66646000
2024-06-07T00:00:00Z,70799.06000000,70883.60000000,70740.00000000,70883.05000000,403.79489000
2024-06-07T01:00:00Z,70883.05000000,70900.00000000,70670.48000000,70840.01000000,493.06368000
2024-06-07T02:00:00Z,70840.00000000,70872.06000000,70663.59000000,70824.08000000,469.58357000
2024-06-07T03:00:00Z,70824.09000000,71015.20000000,70741.20000000,70989.68000000,456.07768000
2024-06-07T04:00:00Z,70989.69000000,71274.70000000,70989.68000000,71226.52000000,1041.73348000
2024-06-07T05:00:00Z,71226.52000000,71449.98000000,71170.00000000,71290.60000000,1688.26465000
2024-06-07T06:00:00Z,71290.60000000,71353.06000000,71162.38000000,71265.70000000,589.45023000
2024-06-07T07:00:00Z,71265.70000000,71310.80000000,71068.16000000,71110.00000000,854.07909000
2024-06-07T08:00:00Z,71110.01000000,71192.40000000,71048.12000000,71117.20000000,754.25811000
2024-06-07T09:00:00Z,71117.20000000,71307.28000000,71060.50000000,71302.07000000,605.73366000
2024-06-07T10:00:00Z,71302.06000000,71434.86000000,71202.40000000,71377.38000000,577.69729000
2024-06-07T11:00:00Z,71377.37000000,71700.00000000,71303.40000000,71699.99000000,1238.41758000
2024-06-07T12:00:00Z,71700.00000000,71997.02000000,70633.21000000,71234.09000000,5660.13497000
2024-06-07T13:00:00Z,71234.09000000,71655.04000000,71056.70000000,71534.60000000,1555.22338000
2024-06-07T14:00:00Z,71534.60000000,71544.06000000,71170.58000000,71430.94000000,991.06966000
2024-06-07T15:00:00Z,71430.93000000,71430.93000000,70850.00000000,71111.54000000,1650.05125000
2024-06-07T16:00:00Z,71111.55000000,71208.89000000,70779.00000000,70873.47000000,1125.96101000
2024-06-07T17:00:00Z,70873.48000000,70873.48000000,69800.37000000,69803.59000000,2585.76468000
2024-06-07T18:00:00Z,69803.59000000,69887.99000000,68420.00000000,69154.43000000,8271.33920000
2024-06-07T19:00:00Z,69154.44000000,69448.00000000,68800.00000000,69255.00000000,1934.14143000
2024-06-07T20:00:00Z,69255.01000000,69318.30000000,68978.52000000,69307.99000000,1132.53115000
2024-06-07T21:00:00Z,69308.00000000,69377.85000000,69203.08000000,69250.01000000,496.62495000
2024-06-07T22:00:00Z,69250.01000000,69585.96000000,69184.00000000,69499.00000000,583.30376000
2024-06-07T23:00:00Z,69499.00000000,69499.00000000,69323.54000000,69355.60000000,440.15110000
2024-06-08T00:00:00Z,69355.60000000,69482.75000000,69296.41000000,69401.50000000,575.16895000
2024-06-08T01:00:00Z,69401.50000000,69475.04000000,69287.28000000,69465.25000000,531.15697000
2024-06-08T02:00:00Z,69465.24000000,69465.25000000,69387.60000000,69422.11000000,300.25806000
2024-06-08T03:00:00Z,69422.11000000,69525.00000000,69411.30000000,69432.00000000,385.05909000
2024-06-08T04:00:00Z,69432.00000000,69466.92000000,69277.96000000,69316.73000000,426.11437000
2024-06-08T05:00:00Z,69316.74000000,69342.79000000,69232.15000000,69319.99000000,353.35561000
2024-06-08T06:00:00Z,69320.00000000,69414.89000000,69296.26000000,69333.45000000,401.70800000
2024-06-08T07:00:00Z,69333.44000000,69582.20000000,69333.44000000,69582.20000000,540.15299000
2024-06-08T08:00:00Z,69582.20000000,69582.20000000,69381.81000000,69436.42000000,364.24008000
2024-06-08T09:00:00Z,69436.43000000,69495.99000000,69382.80000000,69443.24000000,329.88546000
2024-06-08T10:00:00Z,69443.25000000,69495.98000000,69360.01000000,69453.40000000,384.75747000
2024-06-08T11:00:00Z,69453.39000000,69515.00000000,69318.19000000,69365.93000000,547.11072000
2024-06-08T12:00:00Z,69365.94000000,69430.00000000,69265.00000000,69360.22000000,436.61346000
2024-06-08T13:00:00Z,69360.22000000,69430.01000000,69168.02000000,69430.00000000,801.65896000
2024-06-08T14:00:00Z,69430.01000000,69462.25000000,69309.82000000,69461.69000000,538.86257000
2024-06-08T15:00:00Z,69461.68000000,69491.36000000,69421.17000000,69430.01000000,341.43740000
2024-06-08T16:00:00Z,69430.01000000,69470.16000000,69292.22000000,69387.15000000,570.23186000
2024-06-08T17:00:00Z,69387.16000000,69470.00000000,69336.01000000,69439.99000000,489.14706000
2024-06-08T18:00:00Z,69440.00000000,69480.00000000,69427.98000000,69454.89000000,269.32881000
2024-06-08T19:00:00Z,69454.88000000,69490.00000000,69427.88000000,69460.01000000,249.35631000
2024-06-08T20:00:00Z,69460.00000000,69475.18000000,69313.31000000,69372.73000000,304.03471000
2024-06-08T21:00:00Z,69372.74000000,69424.47000000,69327.04000000,69404.91000000,179.28795000
2024-06-08T22:00:00Z,69404.90000000,69404.91000000,69290.28000000,69338.15000000,201.17805000
2024-06-08T23:00:00Z,69338.15000000,69340.00000000,69292.99000000,69310.46000000,253.72476000
2024-06-09T00:00:00Z,69310.46000000,69327.99000000,69225.84000000,69268.70000000,279.12784000
2024-06-09T01:00:00Z,69268.70000000,69346.90000000,69230.00000000,69285.00000000,207.30721000
2024-06-09T02:00:00Z,69285.01000000,69298.00000000,69139.93000000,69174.93000000,386.92647000
2024-06-09T03:00:00Z,69174.92000000,69298.00000000,69130.24000000,69259.38000000,311.25819000
2024-06-09T04:00:00Z,69259.38000000,69306.22000000,69244.64000000,69304.44000000,215.20780000
2024-06-09T05:00:00Z,69304.44000000,69360.40000000,69234.73000000,69293.47000000,201.54054000
2024-06-09T06:00:00Z,69293.48000000,69400.00000000,69276.95000000,69391.01000000,246.31461000
2024-06-09T07:00:00Z,69391.02000000,69425.70000000,69273.47000000,69295.64000000,368.47440000
2024-06-09T08:00:00Z,69295.64000000,69356.00000000,69283.45000000,69352.15000000,210.63135000
2024-06-09T09:00:00Z,69352.15000000,69397.19000000,69341.95000000,69369.98000000,195.92350000
2024-06-09T10:00:00Z,69369.99000000,69373.24000000,69333.07000000,69346.49000000,236.87264000
2024-06-09T11:00:00Z,69346.50000000,69389.00000000,69333.00000000,69367.69000000,225.66556000
2024-06-09T12:00:00Z,69367.68000000,69760.00000000,69351.11000000,69712.95000000,864.72707000
2024-06-09T13:00:00Z,69712.96000000,69777.00000000,69250.01000000,69467.03000000,1517.18414000
2024-06-09T14:00:00Z,69467.04000000,69559.00000000,69264.01000000,69490.12000000,679.92624000
2024-06-09T15:00:00Z,69490.13000000,69590.37000000,69420.42000000,69508.64000000,716.46617000
2024-06-09T16:00:00Z,69508.64000000,69636.98000000,69500.00000000,69622.88000000,386.18326000
2024-06-09T17:00:00Z,69622.88000000,69698.48000000,69570.00000000,69660.51000000,281.76588000
2024-06-09T18:00:00Z,69660.52000000,69848.32000000,69611.26000000,69738.10000000,755.07201000
2024-06-09T19:00:00Z,69738.09000000,69857.14000000,69660.03000000,69710.26000000,559.04291000
2024-06-09T20:00:00Z,69710.26000000,69730.81000000,69590.33000000,69686.85000000,315.37374000
2024-06-09T21:00:00Z,69686.86000000,69821.53000000,69610.00000000,69749.96000000,275.10337000
2024-06-09T22:00:00Z,69749.95000000,69787.13000000,69621.20000000,69634.35000000,283.03816000
2024-06-09T23:00:00Z,69634.36000000,69684.93000000,69596.01000000,69648.14000000,171.43403000
2024-06-10T00:00:00Z,69648.15000000,69655.11000000,69426.00000000,69559.99000000,450.64669000
2024-06-10T01:00:00Z,69559.99000000,69686.42000000,69516.00000000,69625.52000000,475.14533000
2024-06-10T02:00:00Z,69625.52000000,69801.34000000,69608.40000000,69716.00000000,723.35120000
2024-06-10T03:00:00Z,69716.01000000,69767.41000000,69574.80000000,69613.20000000,336.95189000
2024-06-10T04:00:00Z,69613.20000000,69677.50000000,69530.95000000,69674.33000000,286.62824000
2024-06-10T05:00:00Z,69674.33000000,69674.33000000,69530.00000000,69580.48000000,338.77292000
2024-06-10T06:00:00Z,69580.47000000,69618.76000000,69301.00000000,69429.87000000,802.10432000
2024-06-10T07:00:00Z,69429.87000000,69500.00000000,69249.99000000,69303.99000000,684.35492000
2024-06-10T08:00:00Z,69304.00000000,69494.99000000,69279.35000000,69387.50000000,544.63785000
2024-06-10T09:00:00Z,69387.50000000,69474.39000000,69172.29000000,69449.99000000,762.57186000
2024-06-10T10:00:00Z,69450.00000000,69470.93000000,69357.38000000,69439.99000000,440.02591000
2024-06-10T11:00:00Z,69439.99000000,69550.00000000,69337.02000000,69473.89000000,470.06175000
2024-06-10T12:00:00Z,69473.89000000,69520.01000000,69331.55000000,69363.99000000,455.61451000
2024-06-10T13:00:00Z,69364.00000000,69512.90000000,69201.59000000,69408.21000000,839.30304000
2024-06-10T14:00:00Z,69408.21000000,69662.10000000,69300.01000000,69662.09000000,818.84462000
2024-06-10T15:00:00Z,69662.10000000,70195.94000000,69612.26000000,70066.12000000,2090.82351000
2024-06-10T16:00:00Z,70066.12000000,70105.82000000,69722.00000000,69972.17000000,1157.81759000
2024-06-10T17:00:00Z,69972.18000000,70060.00000000,69761.89000000,70043.00000000,591.25585000
2024-06-10T18:00:00Z,70043.01000000,70141.10000000,69737.56000000,69860.01000000,1199.79773000
2024-06-10T19:00:00Z,69860.01000000,69860.01000000,69386.81000000,69490.80000000,1347.29029000
2024-06-10T20:00:00Z,69490.81000000,69700.51000000,69334.46000000,69632.51000000,1256.69999000
2024-06-10T21:00:00Z,69632.51000000,69694.68000000,69530.00000000,69585.48000000,333.26051000
2024-06-10T22:00:00Z,69585.49000000,69592.00000000,69424.28000000,69495.99000000,371.95973000
2024-06-10T23:00:00Z,69495.99000000,69563.38000000,69400.01000000,69540.00000000,344.74916000
2024-06-11T00:00:00Z,69540.00000000,69590.01000000,69400.00000000,69410.85000000,441.01662000
2024-06-11T01:00:00Z,69410.86000000,69523.71000000,68500.00000000,68724.01000000,2101.67951000
2024-06-11T02:00:00Z,68724.00000000,68922.29000000,67900.00000000,68268.62000000,4237.94052000
2024-06-11T03:00:00Z,68268.62000000,68488.00000000,68170.00000000,68464.00000000,1288.03235000
2024-06-11T04:00:00Z,68464.00000000,68464.00000000,67617.00000000,68024.04000000,3130.15278000
2024-06-11T05:00:00Z,68024.03000000,68056.28000000,67657.03000000,67903.57000000,1529.15940000
2024-06-11T06:00:00Z,67903.58000000,67974.49000000,67325.00000000,67692.00000000,1795.62101000
2024-06-11T07:00:00Z,67691.99000000,67844.76000000,67526.95000000,67570.18000000,1342.86514000
2024-06-11T08:00:00Z,67570.18000000,67641.03000000,67284.38000000,67516.74000000,1502.84818000
2024-06-11T09:00:00Z,67516.75000000,67662.49000000,66900.00000000,67084.34000000,2014.92142000
2024-06-11T10:00:00Z,67084.33000000,67303.46000000,66732.00000000,66961.99000000,2002.25370000
2024-06-11T11:00:00Z,66961.99000000,67123.13000000,66762.58000000,66890.01000000,1762.47556000
2024-06-11T12:00:00Z,66890.00000000,67194.31000000,66790.80000000,67019.99000000,1589.99015000
2024-06-11T13:00:00Z,67020.00000000,67278.88000000,66568.35000000,66812.00000000,2543.43037000
2024-06-11T14:00:00Z,66812.01000000,67103.42000000,66776.81000000,66851.26000000,1417.57274000
2024-06-11T15:00:00Z,66851.27000000,67076.00000000,66051.00000000,66244.48000000,3798.63037000
2024-06-11T16:00:00Z,66244.48000000,66738.78000000,66161.26000000,66487.47000000,1997.24793000
2024-06-11T17:00:00Z,66487.48000000,66805.98000000,66175.00000000,66770.99000000,1527.13797000
2024-06-11T18:00:00Z,66771.00000000,67229.93000000,66652.39000000,67117.30000000,1607.24429000
2024-06-11T19:00:00Z,67117.31000000,67586.64000000,67070.51000000,67407.01000000,1419.52041000
2024-06-11T20:00:00Z,67407.02000000,67500.00000000,67173.92000000,67290.07000000,840.01284000
2024-06-11T21:00:00Z,67290.07000000,67396.62000000,67202.26000000,67396.61000000,414.56314000
2024-06-11T22:00:00Z,67396.61000000,67572.54000000,67311.42000000,67360.22000000,500.47608000
2024-06-11T23:00:00Z,67360.22000000,67588.22000000,67309.91000000,67314.24000000,631.22340000
2024-06-12T00:00:00Z,67314.23000000,67436.53000000,67183.47000000,67199.99000000,565.54988000
2024-06-12T01:00:00Z,67199.99000000,67240.00000000,66905.00000000,67180.01000000,889.30788000
2024-06-12T02:00:00Z,67180.00000000,67596.15000000,67128.08000000,67415.25000000,877.47097000
2024-06-12T03:00:00Z,67415.26000000,67496.25000000,67317.77000000,67407.00000000,589.92467000
2024-06-12T04:00:00Z,67407.01000000,67624.89000000,67350.01000000,67481.59000000,973.22406000
2024-06-12T05:00:00Z,67481.60000000,67505.13000000,67195.97000000,67243.21000000,577.77673000
2024-06-12T06:00:00Z,67243.21000000,67382.81000000,67243.20000000,67281.64000000,520.52806000
2024-06-12T07:00:00Z,67281.63000000,67500.01000000,67229.78000000,67453.63000000,640.98918000
2024-06-12T08:00:00Z,67453.64000000,67532.64000000,67376.10000000,67393.46000000,530.28455000
2024-06-12T09:00:00Z,67393.47000000,67804.00000000,67353.02000000,67753.32000000,905.14024000
2024-06-12T10:00:00Z,67753.33000000,68059.01000000,67753.32000000,67991.98000000,1156.61360000
2024-06-12T11:00:00Z,67991.99000000,68015.40000000,67716.22000000,67778.43000000,766.68201000
2024-06-12T12:00:00Z,67778.43000000,69488.00000000,67736.00000000,69339.29000000,5379.40042000
2024-06-12T13:00:00Z,69339.29000000,69649.80000000,69084.00000000,69320.00000000,2735.10239000
2024-06-12T14:00:00Z,69320.01000000,69980.00000000,69300.01000000,69960.57000000,2435.37218000
2024-06-12T15:00:00Z,69960.56000000,69999.00000000,69539.54000000,69734.00000000,1853.76085000
2024-06-12T16:00:00Z,69734.00000000,69786.46000000,69289.50000000,69616.00000000,1321.98201000
2024-06-12T17:00:00Z,69616.01000000,69862.40000000,69492.00000000,69799.99000000,1193.83082000
2024-06-12T18:00:00Z,69800.00000000,69808.47000000,68575.00000000,68828.01000000,4588.76503000
2024-06-12T19:00:00Z,68828.00000000,69226.14000000,67250.00000000,67532.92000000,4783.44414000
2024-06-12T20:00:00Z,67532.92000000,68312.00000000,67413.51000000,68103.97000000,1909.74876000
2024-06-12T21:00:00Z,68103.96000000,68667.44000000,68097.91000000,68536.00000000,963.60660000
2024-06-12T22:00:00Z,68536.00000000,68539.99000000,68270.92000000,68345.82000000,591.22825000
2024-06-12T23:00:00Z,68345.81000000,68347.00000000,68124.00000000,68263.99000000,425.59028000
2024-06-13T00:00:00Z,68263.98000000,68393.63000000,68005.85000000,68330.02000000,653.24483000
2024-06-13T01:00:00Z,68330.02000000,68363.35000000,67910.00000000,67979.63000000,644.57501000
2024-06-13T02:00:00Z,67979.63000000,68177.00000000,67690.95000000,67734.81000000,1421.54407000
2024-06-13T03:00:00Z,67734.80000000,67850.08000000,66969.98000000,67474.94000000,2449.28588000
2024-06-13T04:00:00Z,67474.95000000,67729.41000000,67328.00000000,67328.01000000,1050.04279000
2024-06-13T05:00:00Z,67328.01000000,67680.00000000,67328.01000000,67604.04000000,641.70770000
2024-06-13T06:00:00Z,67604.04000000,67614.55000000,67300.30000000,67518.57000000,618.73732000
2024-06-13T07:00:00Z,67518.58000000,67724.81000000,67399.99000000,67724.81000000,653.27078000
2024-06-13T08:00:00Z,67724.80000000,67752.06000000,67508.00000000,67565.56000000,609.72584000
2024-06-13T09:00:00Z,67565.57000000,67569.67000000,67168.00000000,67419.86000000,1062.57603000
2024-06-13T10:00:00Z,67419.86000000,67971.20000000,67230.94000000,67820.40000000,1099.80601000
2024-06-13T11:00:00Z,67820.40000000,67961.07000000,67648.49000000,67739.99000000,990.11181000
2024-06-13T12:00:00Z,67740.00000000,68449.30000000,67439.43000000,67749.54000000,2656.79802000
2024-06-13T13:00:00Z,67749.54000000,68272.00000000,67521.55000000,67589.99000000,1896.88356000
2024-06-13T14:00:00Z,67590.00000000,67739.28000000,67150.00000000,67365.62000000,2241.27680000
2024-06-13T15:00:00Z,67365.62000000,67537.87000000,66368.76000000,66470.01000000,3376.95479000
2024-06-13T16:00:00Z,66470.01000000,67019.42000000,66251.78000000,66976.00000000,2330.72822000
2024-06-13T17:00:00Z,66976.01000000,67080.13000000,66639.47000000,66920.00000000,1129.90298000
2024-06-13T18:00:00Z,66919.99000000,66976.87000000,66693.43000000,66862.99000000,808.59044000
2024-06-13T19:00:00Z,66862.99000000,66884.00000000,66588.83000000,66604.01000000,822.61164000
2024-06-13T20:00:00Z,66604.01000000,66810.48000000,66530.84000000,66712.98000000,599.29078000
2024-06-13T21:00:00Z,66712.97000000,66969.99000000,66680.14000000,66969.99000000,532.99338000
2024-06-13T22:00:00Z,66969.99000000,66980.00000000,66840.07000000,66896.00000000,416.84137000
2024-06-13T23:00:00Z,66895.99000000,66909.26000000,66681.40000000,66773.01000000,372.05566000
2024-06-14T00:00:00Z,66773.01000000,66897.96000000,66604.60000000,66727.73000000,762.28668000
2024-06-14T01:00:00Z,66727.73000000,66833.10000000,66480.00000000,66806.17000000,665.04544000
2024-06-14T02:00:00Z,66806.17000000,67027.32000000,66713.50000000,66952.00000000,732.09671000
2024-06-14T03:00:00Z,66952.01000000,66982.98000000,66676.28000000,66744.00000000,545.50916000
2024-06-14T04:00:00Z,66744.00000000,66833.33000000,66717.00000000,66717.39000000,359.54742000
2024-06-14T05:00:00Z,66717.38000000,67221.32000000,66707.76000000,67052.49000000,894.30830000
2024-06-14T06:00:00Z,67052.50000000,67124.29000000,66876.00000000,66962.41000000,731.33334000
2024-06-14T07:00:00Z,66962.40000000,67110.10000000,66885.68000000,66904.98000000,957.85519000
2024-06-14T08:00:00Z,66904.98000000,67256.32000000,66863.46000000,67152.04000000,1185.19372000
2024-06-14T09:00:00Z,67152.04000000,67152.04000000,66899.39000000,66920.01000000,824.75726000
2024-06-14T10:00:00Z,66920.01000000,67015.92000000,66836.54000000,66873.14000000,620.47859000
2024-06-14T11:00:00Z,66873.15000000,67101.00000000,66746.40000000,67036.00000000,753.50403000
2024-06-14T12:00:00Z,67035.99000000,67288.00000000,66960.58000000,67083.30000000,927.69147000
2024-06-14T13:00:00Z,67083.31000000,67370.24000000,66950.00000000,67070.50000000,1248.80917000
2024-06-14T14:00:00Z,67070.49000000,67115.25000000,66561.30000000,66982.98000000,1941.14189000
2024-06-14T15:00:00Z,66982.98000000,67059.46000000,66344.67000000,66392.00000000,1612.81579000
2024-06-14T16:00:00Z,66392.00000000,66520.00000000,65200.87000000,65293.40000000,5528.72338000
2024-06-14T17:00:00Z,65293.39000000,65753.23000000,65078.31000000,65416.01000000,1609.37202000
2024-06-14T18:00:00Z,65416.01000000,65537.31000000,65078.00000000,65524.86000000,1647.78965000
2024-06-14T19:00:00Z,65524.85000000,65684.00000000,65299.99000000,65520.02000000,897.89248000
2024-06-14T20:00:00Z,65520.02000000,65970.23000000,65480.00000000,65766.41000000,901.37516000
2024-06-14T21:00:00Z,65766.41000000,66627.52000000,65725.77000000,66196.01000000,1843.14999000
2024-06-14T22:00:00Z,66196.01000000,66252.00000000,65882.35000000,66014.01000000,869.02998000
2024-06-14T23:00:00Z,66014.01000000,66081.39000000,65916.00000000,66043.99000000,348.48115000
2024-06-15T00:00:00Z,66043.99000000,66287.76000000,65967.50000000,66185.62000000,835.37883000
2024-06-15T01:00:00Z,66185.62000000,66290.00000000,66064.88000000,66076.01000000,380.82540000
2024-06-15T02:00:00Z,66076.00000000,66253.29000000,66050.32000000,66215.35000000,310.18359000
2024-06-15T03:00:00Z,66215.34000000,66273.88000000,66192.00000000,66267.87000000,481.86121000
2024-06-15T04:00:00Z,66267.87000000,66380.58000000,66210.00000000,66246.85000000,509.33409000
2024-06-15T05:00:00Z,66246.84000000,66389.10000000,66215.29000000,66231.82000000,459.71934000
2024-06-15T06:00:00Z,66231.81000000,66416.66000000,66127.00000000,66168.57000000,848.80651000
2024-06-15T07:00:00Z,66168.57000000,66200.00000000,66065.80000000,66076.99000000,1073.61193000
2024-06-15T08:00:00Z,66076.99000000,66221.31000000,66076.98000000,66221.31000000,285.96083000
2024-06-15T09:00:00Z,66221.31000000,66280.80000000,66086.51000000,66227.00000000,339.29279000
2024-06-15T10:00:00Z,66227.00000000,66306.31000000,66195.91000000,66300.01000000,361.43381000
2024-06-15T11:00:00Z,66300.01000000,66348.00000000,66264.01000000,66319.95000000,507.09036000
2024-06-15T12:00:00Z,66319.94000000,66360.00000000,66222.70000000,66348.01000000,342.37283000
2024-06-15T13:00:00Z,66348.01000000,66354.82000000,66240.11000000,66313.47000000,340.40198000
2024-06-15T14:00:00Z,66313.47000000,66313.47000000,66153.84000000,66220.52000000,564.32062000
2024-06-15T15:00:00Z,66220.51000000,66478.48000000,66210.83000000,66316.02000000,853.45194000
2024-06-15T16:00:00Z,66316.02000000,66360.00000000,66179.99000000,66184.00000000,410.46563000
2024-06-15T17:00:00Z,66184.00000000,66304.94000000,66133.92000000,66250.01000000,426.78890000
2024-06-15T18:00:00Z,66250.00000000,66250.00000000,66139.50000000,66145.19000000,344.05073000
2024-06-15T19:00:00Z,66145.19000000,66208.00000000,66071.47000000,66154.70000000,250.34183000
2024-06-15T20:00:00Z,66154.70000000,66170.99000000,65857.10000000,66048.02000000,711.44070000
2024-06-15T21:00:00Z,66048.02000000,66149.00000000,66042.85000000,66126.89000000,245.18396000
2024-06-15T22:00:00Z,66126.89000000,66200.00000000,66045.08000000,66200.00000000,350.99333000
2024-06-15T23:00:00Z,66199.99000000,66287.76000000,66199.99000000,66228.25000000,218.49128000
2024-06-16T00:00:00Z,66228.25000000,66269.74000000,66161.95000000,66161.96000000,223.59845000
2024-06-16T01:00:00Z,66161.96000000,66218.48000000,66102.03000000,66175.68000000,256.25855000
2024-06-16T02:00:00Z,66175.68000000,66182.26000000,66114.27000000,66142.86000000,149.85752000
2024-06-16T03:00:00Z,66142.86000000,66164.30000000,66076.55000000,66146.00000000,160.87464000
2024-06-16T04:00:00Z,66145.99000000,66207.72000000,66034.50000000,66166.02000000,203.12394000
2024-06-16T05:00:00Z,66166.02000000,66264.00000000,66166.01000000,66264.00000000,292.77588000
2024-06-16T06:00:00Z,66264.00000000,66360.18000000,66178.77000000,66312.01000000,420.12202000
2024-06-16T07:00:00Z,66312.01000000,66357.97000000,66252.00000000,66266.30000000,263.94537000
2024-06-16T08:00:00Z,66266.30000000,66340.00000000,66241.64000000,66272.51000000,215.38158000
2024-06-16T09:00:00Z,66272.51000000,66428.45000000,66172.50000000,66409.97000000,880.00508000
2024-06-16T10:00:00Z,66409.97000000,66770.00000000,66372.47000000,66716.31000000,846.02903000
2024-06-16T11:00:00Z,66716.31000000,66742.39000000,66435.15000000,66492.83000000,454.36316000
2024-06-16T12:00:00Z,66492.83000000,66642.20000000,66480.00000000,66597.47000000,315.80420000
2024-06-16T13:00:00Z,66597.48000000,66762.50000000,66560.00000000,66762.49000000,556.85752000
2024-06-16T14:00:00Z,66762.49000000,66793.72000000,66504.00000000,66519.02000000,655.22459000
2024-06-16T15:00:00Z,66519.01000000,66723.00000000,66512.06000000,66712.80000000,326.44028000
2024-06-16T16:00:00Z,66712.80000000,66744.71000000,66557.20000000,66592.19000000,353.20377000
2024-06-16T17:00:00Z,66592.19000000,66669.99000000,66522.00000000,66578.02000000,372.34466000
2024-06-16T18:00:00Z,66578.02000000,66669.95000000,66573.51000000,66590.01000000,237.38299000
2024-06-16T19:00:00Z,66590.01000000,66647.69000000,66522.00000000,66562.52000000,177.53389000
2024-06-16T20:00:00Z,66562.52000000,66620.01000000,66461.25000000,66517.55000000,309.00194000
2024-06-16T21:00:00Z,66517.54000000,66541.53000000,66460.00000000,66525.00000000,189.30242000
2024-06-16T22:00:00Z,66525.01000000,66998.70000000,66525.00000000,66755.99000000,1146.76764000
2024-06-16T23:00:00Z,66755.99000000,66826.13000000,66631.40000000,66676.87000000,386.32311000
2024-06-17T00:00:00Z,66676.86000000,66913.69000000,66549.37000000,66583.96000000,735.55873000
2024-06-17T01:00:00Z,66583.96000000,66610.00000000,66234.26000000,66472.26000000,961.96966000
2024-06-17T02:00:00Z,66472.25000000,66480.00000000,66213.71000000,66344.02000000,1076.67846000
2024-06-17T03:00:00Z,66344.01000000,66431.36000000,66155.00000000,66222.00000000,533.17482000
2024-06-17T04:00:00Z,66222.00000000,66447.88000000,66170.77000000,66447.88000000,497.32084000
2024-06-17T05:00:00Z,66447.88000000,66567.68000000,66295.00000000,66351.62000000,476.40709000
2024-06-17T06:00:00Z,66351.62000000,66398.00000000,66080.00000000,66132.40000000,837.29384000
2024-06-17T07:00:00Z,66132.40000000,66376.00000000,65939.67000000,66172.00000000,1032.03165000
2024-06-17T08:00:00Z,66172.00000000,66317.64000000,65984.01000000,66194.51000000,730.25457000
2024-06-17T09:00:00Z,66194.50000000,66250.01000000,65645.34000000,65722.08000000,1260.94761000
2024-06-17T10:00:00Z,65722.07000000,65960.01000000,65556.00000000,65890.00000000,1393.98219000
2024-06-17T11:00:00Z,65890.01000000,66051.50000000,65796.01000000,65817.20000000,710.24566000
2024-06-17T12:00:00Z,65817.20000000,65827.90000000,65500.00000000,65625.01000000,866.70938000
2024-06-17T13:00:00Z,65625.49000000,65807.05000000,65189.00000000,65200.01000000,1747.87782000
2024-06-17T14:00:00Z,65200.00000000,65790.00000000,65130.00000000,65472.98000000,1382.34399000
2024-06-17T15:00:00Z,65472.98000000,65788.73000000,65239.97000000,65368.00000000,1356.80458000
2024-06-17T16:00:00Z,65368.00000000,66056.65000000,65138.00000000,65898.00000000,2064.83382000
2024-06-17T17:00:00Z,65898.01000000,66607.28000000,65898.00000000,66607.28000000,1936.55029000
2024-06-17T18:00:00Z,66607.27000000,67298.81000000,66550.03000000,67101.48000000,3203.57956000
2024-06-17T19:00:00Z,67101.48000000,67114.00000000,66562.68000000,66691.99000000,1075.11928000
2024-06-17T20:00:00Z,66691.99000000,66764.70000000,66164.01000000,66397.94000000,1425.44933000
2024-06-17T21:00:00Z,66397.94000000,66717.90000000,66306.46000000,66572.00000000,617.52734000
2024-06-17T22:00:00Z,66572.00000000,66702.99000000,66482.00000000,66656.00000000,436.26182000
2024-06-17T23:00:00Z,66656.01000000,66714.81000000,66392.79000000,66504.33000000,1027.24618000
2024-06-18T00:00:00Z,66504.33000000,66588.23000000,65485.71000000,65749.99000000,1865.04054000
2024-06-18T01:00:00Z,65749.98000000,65966.11000000,64600.00000000,65133.99000000,4761.20322000
2024-06-18T02:00:00Z,65133.99000000,65653.68000000,64569.00000000,65467.43000000,3252.76030000
2024-06-18T03:00:00Z,65467.42000000,65575.16000000,65268.00000000,65500.00000000,1162.36152000
2024-06-18T04:00:00Z,65500.00000000,65769.25000000,65344.24000000,65574.21000000,1102.05127000
2024-06-18T05:00:00Z,65574.21000000,65845.47000000,65555.00000000,65596.01000000,1048.15462000
2024-06-18T06:00:00Z,65596.01000000,65732.16000000,65389.44000000,65500.00000000,1274.92399000
2024-06-18T07:00:00Z,65499.99000000,65800.00000000,65489.56000000,65672.51000000,915.19877000
2024-06-18T08:00:00Z,65672.51000000,65750.01000000,65588.00000000,65727.53000000,529.04939000
2024-06-18T09:00:00Z,65727.54000000,65727.54000000,65439.97000000,65469.92000000,727.65859000
2024-06-18T10:00:00Z,65469.92000000,65612.84000000,65344.99000000,65435.52000000,904.28749000
2024-06-18T11:00:00Z,65435.51000000,65487.83000000,65100.00000000,65366.00000000,1571.16015000
2024-06-18T12:00:00Z,65366.00000000,65433.97000000,65001.00000000,65231.95000000,1933.01425000
2024-06-18T13:00:00Z,65231.95000000,65268.00000000,64638.06000000,64844.00000000,3060.79121000
2024-06-18T14:00:00Z,64844.01000000,65406.00000000,64359.92000000,64633.99000000,3780.76900000
2024-06-18T15:00:00Z,64634.00000000,64929.95000000,64261.12000000,64706.00000000,2620.93731000
2024-06-18T16:00:00Z,64705.99000000,64868.98000000,64336.00000000,64700.99000000,2052.90247000
2024-06-18T17:00:00Z,64700.99000000,64904.91000000,64400.00000000,64610.00000000,1492.33413000
2024-06-18T18:00:00Z,64609.99000000,64867.88000000,64321.00000000,64678.01000000,1240.60852000
2024-06-18T19:00:00Z,64678.00000000,64738.83000000,64060.00000000,64412.19000000,2189.08648000
2024-06-18T20:00:00Z,64412.18000000,65048.21000000,64178.10000000,64936.51000000,2194.40345000
2024-06-18T21:00:00Z,64936.50000000,65305.00000000,64797.48000000,65220.02000000,1082.28714000
2024-06-18T22:00:00Z,65220.02000000,65300.00000000,65052.44000000,65279.99000000,777.47664000
2024-06-18T23:00:00Z,65279.99000000,65279.99000000,65056.29000000,65175.32000000,811.64199000
2024-06-19T00:00:00Z,65175.32000000,65225.89000000,64855.96000000,65142.54000000,1039.92050000
2024-06-19T01:00:00Z,65142.53000000,65500.00000000,64810.62000000,65035.59000000,2158.94373000
2024-06-19T02:00:00Z,65035.59000000,65489.43000000,65012.00000000,65327.94000000,984.48214000
2024-06-19T03:00:00Z,65327.94000000,65603.91000000,65282.00000000,65404.00000000,1078.82025000
2024-06-19T04:00:00Z,65404.00000000,65727.54000000,65349.99000000,65425.56000000,1171.36875000
2024-06-19T05:00:00Z,65425.56000000,65557.13000000,65335.00000000,65413.09000000,619.02934000
2024-06-19T06:00:00Z,65413.09000000,65600.00000000,65400.00000000,65599.99000000,707.43631000
2024-06-19T07:00:00Z,65600.00000000,65656.24000000,65158.05000000,65326.89000000,1101.37468000
2024-06-19T08:00:00Z,65326.89000000,65356.00000000,65102.00000000,65183.89000000,692.85427000
2024-06-19T09:00:00Z,65183.89000000,65306.66000000,65072.00000000,65306.65000000,802.08250000
2024-06-19T10:00:00Z,65306.66000000,65520.00000000,65132.09000000,65520.00000000,712.38788000
2024-06-19T11:00:00Z,65520.00000000,65544.00000000,65000.00000000,65210.00000000,1644.40047000
2024-06-19T12:00:00Z,65210.00000000,65310.02000000,65030.48000000,65192.21000000,629.09782000
2024-06-19T13:00:00Z,65192.21000000,65245.21000000,65054.00000000,65090.22000000,580.28069000
2024-06-19T14:00:00Z,65090.22000000,65141.89000000,64832.57000000,64952.02000000,1222.80938000
2024-06-19T15:00:00Z,64952.02000000,65129.57000000,64756.28000000,64922.00000000,798.50963000
2024-06-19T16:00:00Z,64921.99000000,65100.03000000,64807.35000000,64922.26000000,801.58932000
2024-06-19T17:00:00Z,64922.26000000,65284.37000000,64894.25000000,65083.99000000,873.54080000
2024-06-19T18:00:00Z,65083.99000000,65158.79000000,64964.06000000,64973.00000000,464.92693000
2024-06-19T19:00:00Z,64973.00000000,64985.49000000,64791.76000000,64882.01000000,447.24346000
2024-06-19T20:00:00Z,64882.02000000,64933.74000000,64666.00000000,64874.76000000,590.94408000
2024-06-19T21:00:00Z,64874.76000000,65087.76000000,64836.98000000,65004.38000000,353.32839000
2024-06-19T22:00:00Z,65004.38000000,65048.23000000,64836.00000000,64836.01000000,305.30680000
2024-06-19T23:00:00Z,64836.01000000,64995.19000000,64805.01000000,64974.37000000,280.11764000
2024-06-20T00:00:00Z,64974.37000000,65100.36000000,64818.72000000,65098.01000000,1043.19496000
2024-06-20T01:00:00Z,65098.00000000,65407.40000000,65033.02000000,65158.56000000,717.01787000
2024-06-20T02:00:00Z,65158.57000000,65237.11000000,64960.00000000,65197.45000000,627.73522000
2024-06-20T03:00:00Z,65197.45000000,65244.21000000,65092.00000000,65189.99000000,376.17873000
2024-06-20T04:00:00Z,65190.00000000,65338.72000000,65070.91000000,65306.01000000,479.52516000
2024-06-20T05:00:00Z,65306.01000000,65613.30000000,65252.00000000,65513.93000000,797.99923000
2024-06-20T06:00:00Z,65513.93000000,65635.83000000,65386.00000000,65465.24000000,818.36715000
2024-06-20T07:00:00Z,65465.24000000,65967.39000000,65465.23000000,65858.84000000,1122.59755000
2024-06-20T08:00:00Z,65858.84000000,65927.48000000,65603.33000000,65690.63000000,700.14490000
2024-06-20T09:00:00Z,65690.63000000,65750.32000000,65559.45000000,65719.99000000,726.30298000
2024-06-20T10:00:00Z,65719.99000000,66287.49000000,65646.00000000,66209.49000000,869.96099000
2024-06-20T11:00:00Z,66209.49000000,66482.94000000,66109.38000000,66169.85000000,1420.28827000
2024-06-20T12:00:00Z,66169.86000000,66300.50000000,65864.88000000,65979.99000000,1282.52182000
2024-06-20T13:00:00Z,65979.99000000,65998.00000000,65136.22000000,65142.65000000,2651.10672000
2024-06-20T14:00:00Z,65142.65000000,65188.99000000,64658.06000000,64952.02000000,1979.37081000
2024-06-20T15:00:00Z,64952.02000000,65126.91000000,64788.40000000,64831.23000000,1418.76770000
2024-06-20T16:00:00Z,64831.24000000,64950.00000000,64559.15000000,64888.00000000,1552.45060000
2024-06-20T17:00:00Z,64887.99000000,65027.26000000,64690.79000000,64970.02000000,778.89348000
2024-06-20T18:00:00Z,64970.01000000,65217.21000000,64940.00000000,65116.01000000,712.23293000
2024-06-20T19:00:00Z,65116.01000000,65116.01000000,64830.00000000,65050.00000000,2164.87422000
2024-06-20T20:00:00Z,65049.99000000,65200.11000000,65001.97000000,65099.99000000,776.74481000
2024-06-20T21:00:00Z,65100.00000000,65188.23000000,65040.51000000,65050.46000000,272.03163000
2024-06-20T22:00:00Z,65050.47000000,65150.48000000,64970.00000000,64989.95000000,288.29161000
2024-06-20T23:00:00Z,64989.95000000,65064.42000000,64848.70000000,64869.99000000,688.69097000
2024-06-21T00:00:00Z,64869.99000000,64940.00000000,64635.49000000,64832.00000000,752.02054000
2024-06-21T01:00:00Z,64832.00000000,65015.40000000,64655.17000000,64967.98000000,938.18606000
2024-06-21T02:00:00Z,64967.99000000,65066.66000000,64721.01000000,64786.00000000,555.58921000
2024-06-21T03:00:00Z,64786.00000000,64832.75000000,64345.00000000,64506.14000000,905.30357000
2024-06-21T04:00:00Z,64506.15000000,64673.02000000,64318.00000000,64670.00000000,832.17164000
2024-06-21T05:00:00Z,64670.00000000,64681.02000000,64508.00000000,64661.47000000,524.09296000
2024-06-21T06:00:00Z,64661.47000000,64736.10000000,64562.50000000,64627.64000000,627.49011000
2024-06-21T07:00:00Z,64627.64000000,64739.09000000,64190.76000000,64201.63000000,1033.34054000
2024-06-21T08:00:00Z,64201.63000000,64372.15000000,63522.75000000,63639.64000000,2349.97676000
2024-06-21T09:00:00Z,63639.64000000,64300.00000000,63564.37000000,64100.00000000,1803.08001000
2024-06-21T10:00:00Z,64100.00000000,64174.00000000,63814.00000000,63896.02000000,856.49464000
2024-06-21T11:00:00Z,63896.02000000,64060.01000000,63672.55000000,63770.00000000,1106.70545000
2024-06-21T12:00:00Z,63770.01000000,63929.98000000,63505.00000000,63827.39000000,1278.63406000
2024-06-21T13:00:00Z,63827.39000000,63879.07000000,63379.35000000,63615.21000000,2331.22014000
2024-06-21T14:00:00Z,63615.21000000,64360.00000000,63452.47000000,64222.84000000,2304.87226000
2024-06-21T15:00:00Z,64222.83000000,64353.54000000,63445.41000000,63732.02000000,2003.80076000
2024-06-21T16:00:00Z,63732.02000000,63838.71000000,63564.56000000,63657.29000000,1135.06578000
2024-06-21T17:00:00Z,63657.28000000,63891.68000000,63465.17000000,63671.04000000,964.64571000
2024-06-21T18:00:00Z,63671.04000000,64187.03000000,63648.02000000,64172.01000000,1073.12054000
2024-06-21T19:00:00Z,64172.01000000,64264.95000000,63944.12000000,64232.01000000,862.93662000
2024-06-21T20:00:00Z,64232.01000000,64460.14000000,64099.89000000,64200.52000000,648.78071000
2024-06-21T21:00:00Z,64200.52000000,64208.00000000,63828.09000000,64084.43000000,473.39359000
2024-06-21T22:00:00Z,64084.44000000,64199.70000000,64084.44000000,64155.02000000,357.67606000
2024-06-21T23:00:00Z,64155.02000000,64224.00000000,64072.00000000,64143.56000000,274.96670000
2024-06-22T00:00:00Z,64143.56000000,64185.90000000,63943.82000000,64056.47000000,461.16193000
2024-06-22T01:00:00Z,64056.46000000,64221.45000000,64056.46000000,64144.33000000,285.47049000
2024-06-22T02:00:00Z,64144.34000000,64342.54000000,64144.34000000,64303.40000000,570.81187000
2024-06-22T03:00:00Z,64303.41000000,64332.00000000,64271.95000000,64327.45000000,297.58960000
2024-06-22T04:00:00Z,64327.46000000,64367.17000000,64253.07000000,64364.11000000,377.51077000
2024-06-22T05:00:00Z,64364.12000000,64427.98000000,64257.79000000,64424.21000000,463.65510000
2024-06-22T06:00:00Z,64424.21000000,64530.61000000,64362.06000000,64430.00000000,602.16681000
2024-06-22T07:00:00Z,64430.01000000,64540.26000000,64324.67000000,64520.00000000,678.37346000
2024-06-22T08:00:00Z,64519.99000000,64546.81000000,64284.00000000,64289.15000000,475.33250000
2024-06-22T09:00:00Z,64289.16000000,64338.28000000,64214.43000000,64325.99000000,284.74271000
2024-06-22T10:00:00Z,64325.99000000,64372.66000000,64280.00000000,64311.71000000,343.46448000
2024-06-22T11:00:00Z,64311.72000000,64320.00000000,64237.58000000,64265.26000000,272.80866000
2024-06-22T12:00:00Z,64265.27000000,64336.00000000,64265.26000000,64297.84000000,226.94866000
2024-06-22T13:00:00Z,64297.85000000,64303.22000000,64246.52000000,64284.00000000,267.01339000
2024-06-22T14:00:00Z,64284.00000000,64397.82000000,64250.25000000,64287.96000000,268.62232000
2024-06-22T15:00:00Z,64287.96000000,64307.09000000,64255.01000000,64307.08000000,167.80696000
2024-06-22T16:00:00Z,64307.09000000,64362.00000000,64272.29000000,64321.28000000,179.08080000
2024-06-22T17:00:00Z,64321.29000000,64348.87000000,64255.00000000,64256.37000000,176.04539000
2024-06-22T18:00:00Z,64256.38000000,64328.94000000,64250.71000000,64260.81000000,199.49552000
2024-06-22T19:00:00Z,64260.82000000,64295.02000000,64218.50000000,64295.01000000,174.47579000
2024-06-22T20:00:00Z,64295.01000000,64303.48000000,64246.01000000,64283.99000000,127.19799000
2024-06-22T21:00:00Z,64284.00000000,64330.00000000,64266.80000000,64330.00000000,118.36581000
2024-06-22T22:00:00Z,64330.00000000,64330.00000000,64272.09000000,64315.79000000,99.20098000
2024-06-22T23:00:00Z,64315.79000000,64328.00000000,64260.00000000,64262.01000000,191.61343000
2024-06-23T00:00:00Z,64262.01000000,64520.00000000,64262.00000000,64476.43000000,472.64444000
2024-06-23T01:00:00Z,64476.44000000,64521.00000000,64329.36000000,64476.19000000,310.34267000
2024-06-23T02:00:00Z,64476.20000000,64507.17000000,64370.00000000,64507.17000000,257.21046000
2024-06-23T03:00:00Z,64507.17000000,64519.57000000,64416.13000000,64416.14000000,182.71393000
2024-06-23T04:00:00Z,64416.14000000,64428.25000000,64375.19000000,64378.02000000,151.16526000
2024-06-23T05:00:00Z,64378.02000000,64419.98000000,64349.49000000,64380.00000000,127.56865000
2024-06-23T06:00:00Z,64380.01000000,64413.58000000,64380.00000000,64386.50000000,104.96806000
2024-06-23T07:00:00Z,64386.51000000,64433.03000000,64376.41000000,64415.27000000,142.71216000
2024-06-23T08:00:00Z,64415.27000000,64435.72000000,64384.19000000,64395.43000000,146.36716000
2024-06-23T09:00:00Z,64395.44000000,64437.28000000,64395.43000000,64418.81000000,303.74792000
2024-06-23T10:00:00Z,64418.81000000,64418.81000000,64281.32000000,64305.60000000,283.29094000
2024-06-23T11:00:00Z,64305.60000000,64341.46000000,64252.85000000,64341.45000000,212.32588000
2024-06-23T12:00:00Z,64341.46000000,64376.00000000,64318.15000000,64375.99000000,177.48139000
2024-06-23T13:00:00Z,64376.00000000,64429.10000000,64254.02000000,64297.79000000,308.12524000
2024-06-23T14:00:00Z,64297.79000000,64310.00000000,64140.90000000,64192.01000000,370.05892000
2024-06-23T15:00:00Z,64192.00000000,64200.00000000,64049.41000000,64094.00000000,527.46436000
2024-06-23T16:00:00Z,64094.01000000,64180.01000000,63918.58000000,63927.49000000,529.59170000
2024-06-23T17:00:00Z,63927.48000000,64178.76000000,63927.48000000,64120.39000000,517.17854000
2024-06-23T18:00:00Z,64120.39000000,64153.39000000,64068.00000000,64111.98000000,193.89915000
2024-06-23T19:00:00Z,64111.99000000,64187.62000000,64094.45000000,64149.78000000,189.70895000
2024-06-23T20:00:00Z,64149.78000000,64159.00000000,63601.01000000,63740.01000000,740.60659000
2024-06-23T21:00:00Z,63740.02000000,63860.00000000,63536.00000000,63844.67000000,597.62536000
2024-06-23T22:00:00Z,63844.67000000,63844.67000000,63639.99000000,63657.99000000,358.10896000
2024-06-23T23:00:00Z,63658.00000000,63700.01000000,63178.32000000,63210.01000000,1019.54778000
2024-06-24T00:00:00Z,63210.01000000,63336.32000000,62903.69000000,63080.00000000,1925.84276000
2024-06-24T01:00:00Z,63080.01000000,63348.32000000,62920.00000000,63315.99000000,935.34633000
2024-06-24T02:00:00Z,63315.99000000,63369.80000000,62695.02000000,62880.94000000,1067.46485000
2024-06-24T03:00:00Z,62880.95000000,63077.44000000,62767.65000000,62862.00000000,697.96527000
2024-06-24T04:00:00Z,62862.00000000,62952.00000000,62634.00000000,62840.97000000,793.08191000
2024-06-24T05:00:00Z,62840.96000000,62881.86000000,62258.01000000,62314.01000000,1848.67059000
2024-06-24T06:00:00Z,62314.01000000,62426.00000000,62160.72000000,62405.00000000,1118.00877000
2024-06-24T07:00:00Z,62405.00000000,62596.24000000,62177.37000000,62456.00000000,1308.32245000
2024-06-24T08:00:00Z,62456.00000000,62975.60000000,62340.01000000,62730.92000000,1372.26622000
2024-06-24T09:00:00Z,62730.92000000,62867.00000000,60567.01000000,61402.28000000,6567.42005000
2024-06-24T10:00:00Z,61402.28000000,61582.00000000,61125.00000000,61167.15000000,2512.20979000
2024-06-24T11:00:00Z,61167.15000000,61382.65000000,60836.09000000,61291.95000000,1684.89795000
2024-06-24T12:00:00Z,61291.95000000,61514.55000000,61121.21000000,61215.21000000,1297.70351000
2024-06-24T13:00:00Z,61215.21000000,61649.63000000,60915.93000000,61569.20000000,1473.03430000
2024-06-24T14:00:00Z,61569.19000000,61700.00000000,61100.00000000,61303.41000000,1418.61356000
2024-06-24T15:00:00Z,61303.41000000,61368.00000000,60670.36000000,60843.99000000,1607.60340000
2024-06-24T16:00:00Z,60843.99000000,61044.44000000,60000.00000000,60168.01000000,4635.48117000
2024-06-24T17:00:00Z,60168.01000000,60548.46000000,59859.00000000,60244.89000000,6177.39401000
2024-06-24T18:00:00Z,60244.89000000,60487.00000000,59711.20000000,60412.01000000,2431.20962000
2024-06-24T19:00:00Z,60412.01000000,60478.34000000,59058.00000000,59306.72000000,3165.80995000
2024-06-24T20:00:00Z,59306.72000000,59660.00000000,58402.00000000,59514.00000000,4532.01753000
2024-06-24T21:00:00Z,59514.00000000,60119.24000000,59411.11000000,60119.24000000,1967.93007000
2024-06-24T22:00:00Z,60119.24000000,60277.11000000,59985.79000000,60048.98000000,798.42749000
2024-06-24T23:00:00Z,60048.98000000,60442.71000000,60002.59000000,60293.30000000,824.63259000
2024-06-25T00:00:00Z,60293.30000000,60664.30000000,60257.06000000,60409.11000000,1114.44867000
2024-06-25T01:00:00Z,60409.11000000,60511.00000000,60282.00000000,60492.00000000,470.01385000
2024-06-25T02:00:00Z,60492.00000000,60725.05000000,60412.00000000,60676.01000000,759.35590000
2024-06-25T03:00:00Z,60676.01000000,61598.87000000,60624.22000000,61302.59000000,2473.83812000
2024-06-25T04:00:00Z,61302.59000000,61420.00000000,61160.05000000,61371.27000000,1053.71457000
2024-06-25T05:00:00Z,61371.27000000,61420.00000000,60931.90000000,61024.01000000,779.22902000
2024-06-25T06:00:00Z,61024.01000000,61188.39000000,60958.00000000,61139.67000000,853.86078000
2024-06-25T07:00:00Z,61139.67000000,61255.60000000,60624.63000000,60685.16000000,1391.58252000
2024-06-25T08:00:00Z,60685.16000000,60911.63000000,60668.01000000,60860.12000000,889.81277000
2024-06-25T09:00:00Z,60860.11000000,61583.18000000,60838.48000000,61468.01000000,1341.74689000
2024-06-25T10:00:00Z,61468.01000000,61468.01000000,61156.38000000,61317.17000000,1319.27220000
2024-06-25T11:00:00Z,61317.17000000,61488.71000000,61125.17000000,61187.64000000,1128.24023000
2024-06-25T12:00:00Z,61187.64000000,61270.13000000,60953.23000000,61048.51000000,1426.88080000
2024-06-25T13:00:00Z,61048.51000000,61432.42000000,61012.00000000,61200.00000000,1361.76099000
2024-06-25T14:00:00Z,61200.00000000,62134.00000000,61155.75000000,61763.44000000,3157.36991000
2024-06-25T15:00:00Z,61763.44000000,61960.00000000,61314.66000000,61810.00000000,2789.78876000
2024-06-25T16:00:00Z,61810.00000000,61939.23000000,61364.31000000,61390.01000000,1776.15816000
2024-06-25T17:00:00Z,61387.40000000,61780.00000000,61331.47000000,61381.44000000,1054.39397000
2024-06-25T18:00:00Z,61381.44000000,62230.00000000,61135.37000000,62159.09000000,2134.65931000
2024-06-25T19:00:00Z,62159.09000000,62420.00000000,61806.12000000,61975.46000000,1562.78050000
2024-06-25T20:00:00Z,61975.46000000,62079.47000000,61872.26000000,61924.01000000,711.66315000
2024-06-25T21:00:00Z,61924.00000000,62030.00000000,61810.00000000,61916.53000000,431.56954000
2024-06-25T22:00:00Z,61916.53000000,62162.49000000,61866.68000000,61909.99000000,479.20552000
2024-06-25T23:00:00Z,61909.99000000,61946.39000000,61664.00000000,61806.01000000,727.89748000
2024-06-26T00:00:00Z,61806.01000000,61861.15000000,61643.48000000,61767.72000000,636.93974000
2024-06-26T01:00:00Z,61767.72000000,62184.31000000,61728.17000000,62090.01000000,1251.60881000
2024-06-26T02:00:00Z,62090.01000000,62487.81000000,62012.73000000,62028.01000000,1073.78712000
2024-06-26T03:00:00Z,62028.01000000,62079.99000000,61850.75000000,61936.07000000,576.48555000
2024-06-26T04:00:00Z,61936.07000000,61990.00000000,61712.94000000,61712.96000000,880.71261000
2024-06-26T05:00:00Z,61712.96000000,61795.99000000,61553.95000000,61562.01000000,972.33006000
2024-06-26T06:00:00Z,61562.01000000,61678.83000000,61520.00000000,61577.21000000,732.54122000
2024-06-26T07:00:00Z,61577.21000000,61800.00000000,61530.00000000,61720.02000000,906.53293000
2024-06-26T08:00:00Z,61720.02000000,61754.60000000,61370.44000000,61472.48000000,860.37161000
2024-06-26T09:00:00Z,61472.48000000,61524.34000000,61310.00000000,61376.73000000,662.64915000
2024-06-26T10:00:00Z,61376.73000000,61418.82000000,61149.64000000,61264.30000000,1239.97558000
2024-06-26T11:00:00Z,61264.30000000,61561.47000000,61264.29000000,61445.26000000,730.40766000
2024-06-26T12:00:00Z,61445.26000000,61588.13000000,61338.00000000,61431.47000000,1095.23360000
2024-06-26T13:00:00Z,61431.47000000,61840.34000000,61381.08000000,61760.00000000,1116.88699000
2024-06-26T14:00:00Z,61760.00000000,61980.00000000,61549.61000000,61728.13000000,1237.91032000
2024-06-26T15:00:00Z,61728.13000000,61766.00000000,61182.80000000,61467.86000000,1263.87551000
2024-06-26T16:00:00Z,61467.85000000,61547.02000000,61151.63000000,61274.01000000,939.79382000
2024-06-26T17:00:00Z,61274.00000000,61358.76000000,60855.00000000,61242.00000000,1753.70824000
2024-06-26T18:00:00Z,61242.00000000,61245.92000000,60902.00000000,60910.02000000,832.68478000
2024-06-26T19:00:00Z,60910.02000000,61142.00000000,60715.30000000,61000.01000000,1489.50301000
2024-06-26T20:00:00Z,61000.01000000,61155.66000000,60712.00000000,60993.36000000,1103.64524000
2024-06-26T21:00:00Z,60993.36000000,61080.00000000,60921.04000000,61054.35000000,371.43605000
2024-06-26T22:00:00Z,61054.35000000,61054.36000000,60783.13000000,60924.61000000,429.15827000
2024-06-26T23:00:00Z,60924.61000000,60969.79000000,60783.26000000,60864.99000000,327.48676000
2024-06-27T00:00:00Z,60864.98000000,61052.65000000,60764.73000000,60982.00000000,711.03625000
2024-06-27T01:00:00Z,60982.00000000,61150.00000000,60890.47000000,61064.01000000,521.26664000
2024-06-27T02:00:00Z,61064.01000000,61096.02000000,60852.87000000,61029.49000000,453.58608000
2024-06-27T03:00:00Z,61029.49000000,61300.00000000,60946.01000000,61037.31000000,705.11535000
2024-06-27T04:00:00Z,61037.31000000,61192.00000000,61013.24000000,61114.02000000,468.57266000
2024-06-27T05:00:00Z,61114.02000000,61148.84000000,60792.00000000,60805.50000000,542.57773000
2024-06-27T06:00:00Z,60805.50000000,60853.06000000,60606.63000000,60742.01000000,1033.96191000
2024-06-27T07:00:00Z,60742.00000000,60914.51000000,60715.54000000,60794.01000000,669.62418000
2024-06-27T08:00:00Z,60794.01000000,60866.00000000,60736.62000000,60866.00000000,435.21925000
2024-06-27T09:00:00Z,60866.00000000,61346.00000000,60818.00000000,61282.78000000,824.33069000
2024-06-27T10:00:00Z,61282.78000000,61455.15000000,61110.00000000,61110.01000000,788.44759000
2024-06-27T11:00:00Z,61110.01000000,61314.20000000,61096.00000000,61196.02000000,580.05999000
2024-06-27T12:00:00Z,61196.01000000,61660.00000000,61154.60000000,61341.88000000,1198.51794000
2024-06-27T13:00:00Z,61341.87000000,61994.00000000,61314.00000000,61990.00000000,1761.82668000
2024-06-27T14:00:00Z,61990.00000000,62389.22000000,61696.64000000,61729.99000000,2096.81938000
2024-06-27T15:00:00Z,61730.00000000,61855.23000000,61532.45000000,61576.00000000,1189.89492000
2024-06-27T16:00:00Z,61576.00000000,61829.99000000,61539.77000000,61714.57000000,716.51025000
2024-06-27T17:00:00Z,61714.58000000,62015.52000000,61690.00000000,61842.11000000,655.06938000
2024-06-27T18:00:00Z,61842.11000000,61930.00000000,61740.00000000,61882.39000000,516.02192000
2024-06-27T19:00:00Z,61882.39000000,61890.00000000,61411.70000000,61450.00000000,669.77212000
2024-06-27T20:00:00Z,61450.00000000,61582.00000000,61338.56000000,61493.11000000,559.60341000
2024-06-27T21:00:00Z,61493.11000000,61587.06000000,61472.01000000,61536.04000000,310.78152000
2024-06-27T22:00:00Z,61536.04000000,61672.46000000,61523.03000000,61640.01000000,339.93213000
2024-06-27T23:00:00Z,61640.01000000,61719.92000000,61611.00000000,61706.47000000,595.73834000
2024-06-28T00:00:00Z,61706.46000000,61729.85000000,61472.37000000,61560.00000000,596.69218000
2024-06-28T01:00:00Z,61559.99000000,62225.31000000,61500.00000000,62091.99000000,1166.68712000
2024-06-28T02:00:00Z,62091.99000000,62149.77000000,61584.76000000,61730.67000000,1571.98745000
2024-06-28T03:00:00Z,61730.67000000,61919.33000000,61650.01000000,61828.17000000,614.97738000
2024-06-28T04:00:00Z,61828.17000000,61834.41000000,61500.07000000,61750.44000000,564.53381000
2024-06-28T05:00:00Z,61750.44000000,61750.44000000,61500.00000000,61604.01000000,509.45189000
2024-06-28T06:00:00Z,61604.00000000,61669.41000000,61504.48000000,61620.96000000,419.18226000
2024-06-28T07:00:00Z,61620.96000000,61620.96000000,61236.00000000,61350.01000000,1186.45262000
2024-06-28T08:00:00Z,61350.01000000,61480.21000000,61212.11000000,61480.21000000,678.62809000
2024-06-28T09:00:00Z,61480.21000000,61592.00000000,61349.99000000,61547.55000000,851.08559000
2024-06-28T10:00:00Z,61547.55000000,61595.68000000,61435.41000000,61548.14000000,847.59463000
2024-06-28T11:00:00Z,61548.14000000,61792.34000000,61482.96000000,61690.00000000,1020.21818000
2024-06-28T12:00:00Z,61690.00000000,61875.00000000,61275.61000000,61395.09000000,2303.90314000
2024-06-28T13:00:00Z,61395.09000000,61848.49000000,61233.92000000,61297.99000000,1809.23880000
2024-06-28T14:00:00Z,61297.99000000,61510.00000000,60780.01000000,60928.02000000,2188.61778000
2024-06-28T15:00:00Z,60928.01000000,61191.62000000,60751.00000000,61062.01000000,1344.07255000
2024-06-28T16:00:00Z,61062.00000000,61119.58000000,60650.00000000,60940.01000000,1533.90519000
2024-06-28T17:00:00Z,60940.01000000,61076.25000000,60708.32000000,60826.63000000,882.38291000
2024-06-28T18:00:00Z,60826.63000000,60870.00000000,60669.74000000,60828.02000000,673.72332000
2024-06-28T19:00:00Z,60828.02000000,60849.82000000,60079.41000000,60123.73000000,2041.46353000
2024-06-28T20:00:00Z,60123.73000000,60357.93000000,60063.00000000,60229.92000000,814.30975000
2024-06-28T21:00:00Z,60229.92000000,60400.00000000,60132.83000000,60366.01000000,463.63378000
2024-06-28T22:00:00Z,60366.00000000,60412.40000000,60293.88000000,60367.99000000,408.98193000
2024-06-28T23:00:00Z,60367.99000000,60450.00000000,60360.00000000,60427.84000000,329.46867000
2024-06-29T00:00:00Z,60427.84000000,60820.00000000,60383.77000000,60770.71000000,1386.17567000
2024-06-29T01:00:00Z,60770.71000000,61009.29000000,60757.04000000,60901.03000000,815.03662000
2024-06-29T02:00:00Z,60901.03000000,60978.28000000,60703.53000000,60766.05000000,602.82140000
2024-06-29T03:00:00Z,60766.05000000,60811.45000000,60714.04000000,60762.00000000,301.13975000
2024-06-29T04:00:00Z,60762.00000000,60800.00000000,60704.46000000,60773.55000000,251.11233000
2024-06-29T05:00:00Z,60773.55000000,60788.20000000,60726.05000000,60762.02000000,250.05971000
2024-06-29T06:00:00Z,60762.02000000,60857.28000000,60742.08000000,60847.75000000,246.69071000
2024-06-29T07:00:00Z,60847.75000000,61146.64000000,60831.44000000,61052.30000000,915.03523000
2024-06-29T08:00:00Z,61052.30000000,61087.36000000,60912.72000000,60982.03000000,455.52026000
2024-06-29T09:00:00Z,60982.03000000,61006.68000000,60890.03000000,60970.00000000,478.67677000
2024-06-29T10:00:00Z,60970.00000000,61033.34000000,60907.80000000,60994.36000000,461.93585000
2024-06-29T11:00:00Z,60994.36000000,61224.00000000,60923.74000000,61102.33000000,894.28566000
2024-06-29T12:00:00Z,61102.33000000,61161.80000000,60990.74000000,61045.43000000,572.24837000
2024-06-29T13:00:00Z,61045.43000000,61182.70000000,61010.00000000,61102.98000000,517.96661000
2024-06-29T14:00:00Z,61102.98000000,61160.00000000,60949.67000000,61018.01000000,542.43096000
2024-06-29T15:00:00Z,61018.01000000,61106.00000000,60956.79000000,61106.00000000,364.18703000
2024-06-29T16:00:00Z,61106.00000000,61124.00000000,60915.12000000,61009.91000000,386.68835000
2024-06-29T17:00:00Z,61009.91000000,61060.98000000,60937.03000000,61040.77000000,339.98388000
2024-06-29T18:00:00Z,61040.77000000,61065.00000000,60990.00000000,61059.04000000,232.46287000
2024-06-29T19:00:00Z,61059.04000000,61080.00000000,60933.98000000,61057.39000000,291.28873000
2024-06-29T20:00:00Z,61057.38000000,61088.40000000,60970.00000000,61050.00000000,319.46435000
2024-06-29T21:00:00Z,61050.00000000,61090.00000000,60944.94000000,61044.99000000,319.53467000
2024-06-29T22:00:00Z,61044.99000000,61060.00000000,60839.51000000,60970.00000000,362.76005000
2024-06-29T23:00:00Z,60970.00000000,61059.37000000,60940.00000000,60986.68000000,202.05321000
2024-06-30T00:00:00Z,60986.68000000,61078.01000000,60922.00000000,61024.55000000,362.93786000
2024-06-30T01:00:00Z,61024.55000000,61043.44000000,60930.03000000,60961.99000000,340.23076000
2024-06-30T02:00:00Z,60961.99000000,60961.99000000,60740.94000000,60834.27000000,779.37325000
2024-06-30T03:00:00Z,60834.27000000,60949.36000000,60791.98000000,60898.32000000,323.57561000
2024-06-30T04:00:00Z,60898.32000000,60901.20000000,60765.18000000,60777.55000000,271.34112000
2024-06-30T05:00:00Z,60777.54000000,60809.99000000,60712.21000000,60789.26000000,291.90375000
2024-06-30T06:00:00Z,60789.26000000,61040.18000000,60771.33000000,61040.18000000,434.42125000
2024-06-30T07:00:00Z,61040.17000000,61782.00000000,61040.17000000,61528.01000000,2146.12361000
2024-06-30T08:00:00Z,61528.01000000,61608.07000000,61393.07000000,61556.01000000,715.99557000
2024-06-30T09:00:00Z,61556.00000000,61713.65000000,61511.11000000,61529.70000000,632.89719000
2024-06-30T10:00:00Z,61529.70000000,61634.72000000,61504.42000000,61540.00000000,379.83060000
2024-06-30T11:00:00Z,61540.00000000,61668.00000000,61524.51000000,61560.00000000,624.88318000
2024-06-30T12:00:00Z,61560.00000000,61660.00000000,61346.00000000,61496.00000000,533.79097000
2024-06-30T13:00:00Z,61496.00000000,61747.00000000,61456.34000000,61719.61000000,738.73927000
2024-06-30T14:00:00Z,61719.61000000,61860.00000000,61528.16000000,61587.11000000,880.16588000
2024-06-30T15:00:00Z,61587.11000000,61776.71000000,61587.10000000,61717.90000000,512.18463000
2024-06-30T16:00:00Z,61717.90000000,61749.08000000,61590.01000000,61603.54000000,407.98837000
2024-06-30T17:00:00Z,61603.54000000,61864.01000000,61603.54000000,61707.99000000,754.34647000
2024-06-30T18:00:00Z,61707.99000000,62109.81000000,61674.25000000,62055.31000000,745.67203000
2024-06-30T19:00:00Z,62055.30000000,62100.00000000,61892.00000000,62026.83000000,585.15229000
2024-06-30T20:00:00Z,62026.83000000,62412.42000000,61980.92000000,61990.01000000,1400.34505000
2024-06-30T21:00:00Z,61990.00000000,62014.00000000,61835.20000000,61940.01000000,480.99924000
2024-06-30T22:00:00Z,61940.00000000,62952.20000000,61940.00000000,62901.01000000,2054.44523000
2024-06-30T23:00:00Z,62901.00000000,63058.76000000,62762.32000000,62772.01000000,928.95818000
2024-07-01T00:00:00Z,62772.01000000,62944.00000000,62573.32000000,62931.99000000,987.12645000
2024-07-01T01:00:00Z,62931.98000000,63730.00000000,62901.71000000,63640.82000000,2570.40171000
2024-07-01T02:00:00Z,63640.81000000,63818.33000000,63288.53000000,63435.86000000,2037.33231000
2024-07-01T03:00:00Z,63435.86000000,63536.47000000,63340.00000000,63437.69000000,1264.46281000
2024-07-01T04:00:00Z,63437.69000000,63466.92000000,63223.20000000,63279.79000000,517.15280000
2024-07-01T05:00:00Z,63279.79000000,63457.47000000,63262.00000000,63432.94000000,418.26492000
2024-07-01T06:00:00Z,63432.94000000,63464.74000000,63293.75000000,63404.00000000,526.60830000
2024-07-01T07:00:00Z,63403.99000000,63432.00000000,63260.71000000,63277.84000000,486.84295000
2024-07-01T08:00:00Z,63277.84000000,63314.99000000,62836.47000000,62923.91000000,1388.89036000
2024-07-01T09:00:00Z,62923.91000000,62997.98000000,62789.16000000,62938.97000000,731.18198000
2024-07-01T10:00:00Z,62938.97000000,62977.99000000,62781.05000000,62852.24000000,615.27621000
2024-07-01T11:00:00Z,62852.24000000,62858.00000000,62593.07000000,62662.09000000,1009.76623000
2024-07-01T12:00:00Z,62662.09000000,62900.00000000,62641.99000000,62882.00000000,684.19991000
2024-07-01T13:00:00Z,62882.00000000,63081.11000000,62497.20000000,62685.27000000,1326.77132000
2024-07-01T14:00:00Z,62685.27000000,62944.00000000,62610.35000000,62826.02000000,1425.79805000
2024-07-01T15:00:00Z,62826.02000000,63166.11000000,62815.63000000,63132.90000000,1077.93682000
2024-07-01T16:00:00Z,63132.90000000,63338.12000000,62966.77000000,63119.33000000,1324.97385000
2024-07-01T17:00:00Z,63119.33000000,63697.66000000,63056.83000000,63697.66000000,1361.75841000
2024-07-01T18:00:00Z,63697.66000000,63861.76000000,63438.45000000,63649.99000000,1532.83742000
2024-07-01T19:00:00Z,63649.99000000,63649.99000000,63071.36000000,63226.78000000,1260.38786000
2024-07-01T20:00:00Z,63226.78000000,63423.48000000,63162.06000000,63292.53000000,543.30696000
2024-07-01T21:00:00Z,63292.53000000,63292.53000000,63036.82000000,63130.01000000,342.52510000
2024-07-01T22:00:00Z,63130.01000000,63162.50000000,62804.60000000,62975.10000000,658.76429000
2024-07-01T23:00:00Z,62975.10000000,63037.18000000,62834.00000000,62899.99000000,454.53836000
2024-07-02T00:00:00Z,62900.00000000,62988.00000000,62787.42000000,62926.65000000,395.65337000
2024-07-02T01:00:00Z,62926.65000000,62960.86000000,62815.71000000,62926.00000000,299.28933000
2024-07-02T02:00:00Z,62926.00000000,63127.10000000,62924.00000000,62999.56000000,514.46846000
2024-07-02T03:00:00Z,62999.56000000,63288.83000000,62991.03000000,63138.67000000,469.50682000
2024-07-02T04:00:00Z,63138.68000000,63245.80000000,63038.01000000,63038.01000000,532.00551000
2024-07-02T05:00:00Z,63038.02000000,63094.73000000,63002.00000000,63024.00000000,265.73488000
2024-07-02T06:00:00Z,63024.00000000,63048.86000000,62818.72000000,62866.00000000,698.37544000
2024-07-02T07:00:00Z,62866.01000000,62880.00000000,62580.00000000,62629.99000000,1022.41571000
2024-07-02T08:00:00Z,62630.00000000,62746.55000000,62401.23000000,62670.01000000,1141.20358000
2024-07-02T09:00:00Z,62670.01000000,62795.68000000,62601.18000000,62650.01000000,1695.32553000
2024-07-02T10:00:00Z,62650.01000000,62801.05000000,62485.63000000,62715.98000000,787.71878000
2024-07-02T11:00:00Z,62715.98000000,62866.20000000,62616.28000000,62832.01000000,514.78225000
2024-07-02T12:00:00Z,62832.01000000,63042.91000000,62723.79000000,62878.45000000,673.25581000
2024-07-02T13:00:00Z,62878.45000000,63152.00000000,62517.81000000,62626.92000000,1356.82371000
2024-07-02T14:00:00Z,62626.92000000,62730.00000000,61867.29000000,62035.43000000,2827.22625000
2024-07-02T15:00:00Z,62035.43000000,62160.04000000,61823.74000000,61948.08000000,1109.28372000
2024-07-02T16:00:00Z,61948.08000000,62026.45000000,61806.28000000,61920.89000000,889.07011000
2024-07-02T17:00:00Z,61920.90000000,62152.20000000,61888.00000000,62147.98000000,462.22418000
2024-07-02T18:00:00Z,62147.99000000,62368.81000000,62141.81000000,62330.01000000,814.72882000
2024-07-02T19:00:00Z,62330.01000000,62367.51000000,61884.01000000,61939.10000000,675.61066000
2024-07-02T20:00:00Z,61939.10000000,62080.73000000,61875.55000000,62012.01000000,458.46831000
2024-07-02T21:00:00Z,62012.01000000,62089.61000000,61903.41000000,61958.02000000,440.44409000
2024-07-02T22:00:00Z,61958.03000000,62113.63000000,61958.02000000,62090.01000000,298.89309000
2024-07-02T23:00:00Z,62090.01000000,62181.24000000,62078.53000000,62135.47000000,230.61034000
2024-07-03T00:00:00Z,62135.46000000,62285.94000000,62093.36000000,62094.02000000,364.83454000
2024-07-03T01:00:00Z,62094.02000000,62218.00000000,61228.80000000,61617.91000000,1595.13007000
2024-07-03T02:00:00Z,61617.90000000,61617.91000000,61245.96000000,61362.00000000,1459.75063000
2024-07-03T03:00:00Z,61362.01000000,61371.19000000,60600.00000000,60987.99000000,1725.86161000
2024-07-03T04:00:00Z,60988.00000000,60988.00000000,60816.00000000,60883.90000000,581.25951000
2024-07-03T05:00:00Z,60883.89000000,61121.52000000,60859.53000000,61121.52000000,574.89166000
2024-07-03T06:00:00Z,61121.52000000,61181.84000000,60976.56000000,61014.00000000,589.70734000
2024-07-03T07:00:00Z,61014.00000000,61029.39000000,60845.01000000,60870.01000000,610.74449000
2024-07-03T08:00:00Z,60870.01000000,60978.19000000,60390.00000000,60497.59000000,2958.54949000
2024-07-03T09:00:00Z,60497.60000000,60667.18000000,60320.00000000,60606.01000000,1299.50781000
2024-07-03T10:00:00Z,60606.02000000,60618.00000000,59600.00000000,60383.99000000,3193.58654000
2024-07-03T11:00:00Z,60384.00000000,60480.00000000,60112.00000000,60386.01000000,1394.43490000
2024-07-03T12:00:00Z,60386.01000000,60386.01000000,59921.17000000,60028.01000000,2089.23350000
2024-07-03T13:00:00Z,60028.01000000,60640.10000000,59752.29000000,60589.99000000,2204.25102000
2024-07-03T14:00:00Z,60590.00000000,60740.20000000,60263.09000000,60281.15000000,1443.10295000
2024-07-03T15:00:00Z,60281.16000000,60464.00000000,59972.72000000,60186.25000000,1463.38751000
2024-07-03T16:00:00Z,60186.25000000,60655.56000000,60100.00000000,60495.98000000,1631.44953000
2024-07-03T17:00:00Z,60495.99000000,60515.99000000,60200.00000000,60371.34000000,723.54543000
2024-07-03T18:00:00Z,60371.34000000,60446.06000000,60240.00000000,60248.01000000,652.73398000
2024-07-03T19:00:00Z,60248.00000000,60248.00000000,59666.00000000,59671.10000000,1926.20880000
2024-07-03T20:00:00Z,59671.11000000,59871.10000000,59581.71000000,59609.26000000,1248.26735000
2024-07-03T21:00:00Z,59609.25000000,60340.00000000,59400.00000000,60247.59000000,1489.42615000
2024-07-03T22:00:00Z,60247.58000000,60371.57000000,60125.49000000,60316.01000000,597.49829000
2024-07-03T23:00:00Z,60316.02000000,60374.82000000,60208.57000000,60208.58000000,342.74817000
2024-07-04T00:00:00Z,60208.57000000,60475.91000000,60208.57000000,60430.01000000,772.75767000
2024-07-04T01:00:00Z,60430.01000000,60498.19000000,58444.00000000,58561.10000000,5938.30437000
2024-07-04T02:00:00Z,58561.10000000,59106.84000000,57800.01000000,58972.13000000,5843.69019000
2024-07-04T03:00:00Z,58972.13000000,59155.80000000,58815.94000000,59102.00000000,937.02902000
2024-07-04T04:00:00Z,59102.00000000,59150.00000000,58724.98000000,58968.36000000,794.32045000
2024-07-04T05:00:00Z,58968.37000000,59036.00000000,58865.27000000,58902.00000000,622.79698000
2024-07-04T06:00:00Z,58902.00000000,59076.18000000,58535.80000000,58795.99000000,1422.51266000
2024-07-04T07:00:00Z,58796.00000000,58857.99000000,58104.00000000,58219.99000000,2155.52292000
2024-07-04T08:00:00Z,58219.99000000,58506.18000000,57238.68000000,57688.46000000,4505.25499000
2024-07-04T09:00:00Z,57688.46000000,57873.53000000,56952.00000000,57748.00000000,5315.27006000
2024-07-04T10:00:00Z,57748.01000000,57952.95000000,57427.71000000,57946.43000000,1933.09234000
2024-07-04T11:00:00Z,57946.43000000,58118.96000000,57680.01000000,57761.94000000,1486.45328000
2024-07-04T12:00:00Z,57761.95000000,57761.95000000,57161.55000000,57247.98000000,1939.81743000
2024-07-04T13:00:00Z,57247.98000000,57504.38000000,56771.00000000,57420.02000000,4993.42892000
2024-07-04T14:00:00Z,57420.02000000,57539.05000000,56853.77000000,57450.25000000,2342.16352000
2024-07-04T15:00:00Z,57450.25000000,58350.19000000,57356.78000000,58140.00000000,2842.22538000
2024-07-04T16:00:00Z,58140.00000000,58397.60000000,57752.27000000,58304.59000000,1571.84699000
2024-07-04T17:00:00Z,58304.59000000,58383.99000000,58100.00000000,58240.00000000,1092.21756000
2024-07-04T18:00:00Z,58239.99000000,58370.00000000,57938.00000000,58168.00000000,1121.46865000
2024-07-04T19:00:00Z,58168.00000000,58676.24000000,58141.66000000,58283.62000000,1223.74873000
2024-07-04T20:00:00Z,58283.62000000,58358.99000000,58130.01000000,58358.99000000,556.15671000
2024-07-04T21:00:00Z,58358.99000000,58647.22000000,58288.33000000,58494.01000000,536.35292000
2024-07-04T22:00:00Z,58494.00000000,58813.13000000,58000.00000000,58038.84000000,1145.55546000
2024-07-04T23:00:00Z,58038.84000000,58112.84000000,56866.00000000,57050.01000000,3476.78556000
2024-07-05T00:00:00Z,57050.02000000,57546.00000000,56690.00000000,57375.99000000,3851.72797000
2024-07-05T01:00:00Z,57375.99000000,57442.00000000,56807.00000000,57172.01000000,1707.54925000
2024-07-05T02:00:00Z,57172.02000000,57243.10000000,55458.70000000,55766.32000000,5980.46353000
2024-07-05T03:00:00Z,55766.32000000,55992.58000000,55000.00000000,55227.99000000,7303.17042000
2024-07-05T04:00:00Z,55228.00000000,55356.42000000,53485.93000000,53941.10000000,8101.44330000
2024-07-05T05:00:00Z,53941.10000000,54812.96000000,53801.10000000,54806.02000000,3720.21877000
2024-07-05T06:00:00Z,54806.02000000,54818.30000000,53871.16000000,54283.99000000,3370.60261000
2024-07-05T07:00:00Z,54283.99000000,54449.36000000,53971.01000000,54415.05000000,3156.24476000
2024-07-05T08:00:00Z,54415.04000000,54460.86000000,54070.99000000,54088.00000000,2005.28745000
2024-07-05T09:00:00Z,54088.00000000,54734.34000000,53900.00000000,54528.00000000,3533.65276000
2024-07-05T10:00:00Z,54528.00000000,55367.12000000,54410.00000000,54987.99000000,3715.18606000
2024-07-05T11:00:00Z,54987.99000000,55650.00000000,54987.99000000,55486.50000000,4803.93237000
2024-07-05T12:00:00Z,55486.51000000,55950.00000000,54987.99000000,55052.81000000,5135.72846000
2024-07-05T13:00:00Z,55052.80000000,55884.69000000,54828.52000000,55829.99000000,3475.30001000
2024-07-05T14:00:00Z,55830.00000000,55896.32000000,55350.00000000,55753.98000000,2873.83996000
2024-07-05T15:00:00Z,55753.99000000,56678.19000000,55663.89000000,56662.00000000,5115.50999000
2024-07-05T16:00:00Z,56662.99000000,56936.84000000,56150.00000000,56448.15000000,3936.07423000
2024-07-05T17:00:00Z,56448.15000000,57040.02000000,56301.10000000,56453.18000000,2496.04522000
2024-07-05T18:00:00Z,56453.19000000,56724.13000000,55779.33000000,56546.16000000,2853.72204000
2024-07-05T19:00:00Z,56546.15000000,56746.89000000,56330.41000000,56465.42000000,1304.26080000
2024-07-05T20:00:00Z,56465.41000000,56516.01000000,56315.00000000,56351.10000000,762.63204000
2024-07-05T21:00:00Z,56351.09000000,56791.10000000,56345.60000000,56517.61000000,709.90641000
2024-07-05T22:00:00Z,56517.61000000,56735.99000000,56400.00000000,56621.09000000,704.71942000
2024-07-05T23:00:00Z,56621.09000000,56866.00000000,56616.01000000,56628.79000000,731.02973000
2024-07-06T00:00:00Z,56628.79000000,56998.00000000,56355.08000000,56601.10000000,1897.62293000
2024-07-06T01:00:00Z,56601.10000000,56611.99000000,56208.00000000,56219.64000000,1228.29135000
2024-07-06T02:00:00Z,56219.65000000,56498.01000000,56170.50000000,56440.00000000,772.35208000
2024-07-06T03:00:00Z,56439.99000000,56520.00000000,56268.17000000,56410.00000000,532.14682000
2024-07-06T04:00:00Z,56409.99000000,56417.99000000,56044.00000000,56059.49000000,646.75253000
2024-07-06T05:00:00Z,56059.49000000,56489.53000000,56018.00000000,56362.54000000,921.19883000
2024-07-06T06:00:00Z,56362.54000000,56568.00000000,56346.84000000,56417.35000000,685.24972000
2024-07-06T07:00:00Z,56417.36000000,56683.90000000,56401.10000000,56606.00000000,836.95444000
2024-07-06T08:00:00Z,56606.00000000,56657.75000000,56506.99000000,56557.81000000,513.34555000
2024-07-06T09:00:00Z,56557.81000000,56780.01000000,56436.78000000,56766.00000000,623.60432000
2024-07-06T10:00:00Z,56765.99000000,56876.33000000,56650.00000000,56780.00000000,726.24330000
2024-07-06T11:00:00Z,56780.01000000,56799.99000000,56660.16000000,56731.42000000,498.18708000
2024-07-06T12:00:00Z,56731.42000000,56796.97000000,56500.00000000,56755.47000000,794.01090000
2024-07-06T13:00:00Z,56755.48000000,57299.00000000,56659.77000000,56991.10000000,1340.27779000
2024-07-06T14:00:00Z,56991.09000000,57127.64000000,56699.97000000,57058.91000000,1253.32650000
2024-07-06T15:00:00Z,57058.90000000,57441.10000000,56927.81000000,57317.98000000,1491.52352000
2024-07-06T16:00:00Z,57317.99000000,58113.00000000,57185.76000000,57852.62000000,2509.53257000
2024-07-06T17:00:00Z,57852.62000000,58031.67000000,57746.75000000,57965.19000000,807.81837000
2024-07-06T18:00:00Z,57965.20000000,58021.10000000,57746.41000000,57786.98000000,575.95861000
2024-07-06T19:00:00Z,57786.98000000,57931.77000000,57732.00000000,57857.99000000,379.20226000
2024-07-06T20:00:00Z,57857.99000000,58225.14000000,57836.00000000,57971.99000000,747.23618000
2024-07-06T21:00:00Z,57971.99000000,58278.07000000,57806.92000000,57868.01000000,501.87488000
2024-07-06T22:00:00Z,57868.01000000,58117.99000000,57868.00000000,58106.46000000,426.71547000
2024-07-06T23:00:00Z,58106.46000000,58475.00000000,58102.73000000,58230.13000000,941.88958000
2024-07-07T00:00:00Z,58230.13000000,58301.31000000,57914.14000000,57931.79000000,748.40443000
2024-07-07T01:00:00Z,57931.79000000,58318.69000000,57838.00000000,58114.00000000,691.14869000
2024-07-07T02:00:00Z,58114.00000000,58449.46000000,58113.99000000,58359.99000000,797.59177000
2024-07-07T03:00:00Z,58359.99000000,58364.00000000,57855.82000000,57963.45000000,893.83356000
2024-07-07T04:00:00Z,57963.46000000,58007.87000000,57575.00000000,57598.00000000,1168.23984000
2024-07-07T05:00:00Z,57598.00000000,57800.00000000,57416.00000000,57648.00000000,799.49719000
2024-07-07T06:00:00Z,57647.99000000,57789.18000000,57609.31000000,57646.15000000,402.83454000
2024-07-07T07:00:00Z,57646.16000000,57691.10000000,57073.36000000,57369.99000000,1184.52164000
2024-07-07T08:00:00Z,57369.99000000,57661.58000000,57369.98000000,57650.45000000,707.67009000
2024-07-07T09:00:00Z,57650.45000000,57733.99000000,57565.94000000,57733.40000000,408.85135000
2024-07-07T10:00:00Z,57733.41000000,57911.71000000,57499.36000000,57510.20000000,632.73997000
2024-07-07T11:00:00Z,57510.21000000,57543.69000000,57350.94000000,57460.00000000,491.73782000
2024-07-07T12:00:00Z,57460.00000000,57631.02000000,57204.63000000,57341.09000000,499.80697000
2024-07-07T13:00:00Z,57341.10000000,57361.10000000,56777.77000000,56872.00000000,1332.66853000
2024-07-07T14:00:00Z,56872.01000000,56938.81000000,56563.46000000,56771.51000000,1443.29759000
2024-07-07T15:00:00Z,56771.51000000,57061.10000000,56728.92000000,56825.42000000,725.51323000
2024-07-07T16:00:00Z,56825.42000000,57174.99000000,56755.55000000,57122.00000000,697.86103000
2024-07-07T17:00:00Z,57122.00000000,57285.91000000,56794.00000000,57231.10000000,561.66441000
2024-07-07T18:00:00Z,57231.10000000,57392.00000000,57122.14000000,57172.01000000,447.20248000
2024-07-07T19:00:00Z,57172.01000000,57197.98000000,57022.53000000,57151.10000000,276.43747000
2024-07-07T20:00:00Z,57151.10000000,57319.10000000,57041.10000000,57274.18000000,298.00269000
2024-07-07T21:00:00Z,57274.18000000,57285.29000000,56210.00000000,56596.00000000,1622.64041000
2024-07-07T22:00:00Z,56596.00000000,56793.11000000,56392.39000000,56395.54000000,760.99869000
2024-07-07T23:00:00Z,56395.54000000,56527.76000000,55724.37000000,55857.81000000,1525.77479000
2024-07-08T00:00:00Z,55857.81000000,56023.07000000,55036.59000000,55094.00000000,3127.97419000
2024-07-08T01:00:00Z,55094.01000000,55109.88000000,54260.16000000,54958.19000000,4904.43919000
2024-07-08T02:00:00Z,54958.19000000,55447.09000000,54588.00000000,55384.79000000,2282.53270000
2024-07-08T03:00:00Z,55384.79000000,55489.00000000,54868.00000000,55160.01000000,1236.64120000
2024-07-08T04:00:00Z,55160.00000000,55639.98000000,54963.62000000,55496.00000000,1223.73669000
2024-07-08T05:00:00Z,55495.99000000,55711.10000000,55292.00000000,55478.70000000,1085.25730000
2024-07-08T06:00:00Z,55478.71000000,55900.00000000,55207.17000000,55633.98000000,1250.82283000
2024-07-08T07:00:00Z,55633.98000000,55867.58000000,55523.77000000,55852.01000000,844.84006000
2024-07-08T08:00:00Z,55852.00000000,57891.81000000,55741.11000000,57792.00000000,4740.11500000
2024-07-08T09:00:00Z,57791.99000000,58236.73000000,57309.68000000,57512.14000000,3525.74609000
2024-07-08T10:00:00Z,57512.13000000,57719.94000000,56705.94000000,56815.98000000,1931.07689000
2024-07-08T11:00:00Z,56815.99000000,57360.01000000,56751.11000000,57154.01000000,1652.79622000
2024-07-08T12:00:00Z,57154.01000000,57621.10000000,56864.00000000,57151.11000000,1533.14021000
2024-07-08T13:00:00Z,57151.10000000,57439.60000000,56767.22000000,57236.01000000,1628.57273000
2024-07-08T14:00:00Z,57236.01000000,57297.16000000,54800.00000000,56185.24000000,7618.22468000
2024-07-08T15:00:00Z,56185.24000000,56785.59000000,55704.01000000,55761.52000000,2136.08904000
2024-07-08T16:00:00Z,55761.52000000,56114.00000000,55425.74000000,55812.00000000,1474.02790000
2024-07-08T17:00:00Z,55812.00000000,56370.00000000,55600.00000000,56287.38000000,1236.01090000
2024-07-08T18:00:00Z,56287.38000000,56574.99000000,56160.00000000,56280.32000000,967.20528000
2024-07-08T19:00:00Z,56280.32000000,56544.00000000,56155.63000000,56477.31000000,1026.62111000
2024-07-08T20:00:00Z,56477.30000000,56572.12000000,56200.01000000,56259.90000000,682.33766000
2024-07-08T21:00:00Z,56259.90000000,56835.25000000,56200.00000000,56642.47000000,810.54532000
2024-07-08T22:00:00Z,56642.47000000,56971.94000000,56550.16000000,56684.48000000,724.39177000
2024-07-08T23:00:00Z,56684.49000000,56870.16000000,56611.48000000,56714.62000000,447.05994000
2024-07-09T00:00:00Z,56714.61000000,56765.85000000,56289.45000000,56531.05000000,777.30622000
2024-07-09T01:00:00Z,56531.06000000,57275.67000000,56439.97000000,56560.39000000,1517.01433000
2024-07-09T02:00:00Z,56560.39000000,57362.66000000,56335.03000000,57261.90000000,1203.10758000
2024-07-09T03:00:00Z,57261.90000000,57272.00000000,56877.25000000,57168.36000000,630.83356000
2024-07-09T04:00:00Z,57168.36000000,57366.19000000,57109.21000000,57286.00000000,868.57744000
2024-07-09T05:00:00Z,57286.01000000,57432.93000000,57120.00000000,57291.49000000,849.59689000
2024-07-09T06:00:00Z,57291.48000000,57754.00000000,57192.54000000,57475.99000000,1274.59453000
2024-07-09T07:00:00Z,57476.00000000,57560.00000000,57011.50000000,57116.84000000,1350.18867000
2024-07-09T08:00:00Z,57116.84000000,57900.00000000,57024.01000000,57615.54000000,1768.19631000
2024-07-09T09:00:00Z,57615.54000000,57689.04000000,57502.00000000,57588.01000000,779.11224000
2024-07-09T10:00:00Z,57588.01000000,57668.54000000,57273.25000000,57426.46000000,823.39963000
2024-07-09T11:00:00Z,57426.46000000,57545.80000000,57220.00000000,57428.01000000,439.71976000
2024-07-09T12:00:00Z,57428.01000000,57560.00000000,57269.86000000,57338.01000000,1704.02633000
2024-07-09T13:00:00Z,57338.01000000,57410.80000000,56920.00000000,57325.27000000,1774.06171000
2024-07-09T14:00:00Z,57325.27000000,58131.09000000,57027.77000000,57060.00000000,3726.65470000
2024-07-09T15:00:00Z,57060.00000000,57500.01000000,56903.00000000,57477.01000000,1584.03107000
2024-07-09T16:00:00Z,57477.00000000,57869.36000000,57362.08000000,57690.01000000,1406.81493000
2024-07-09T17:00:00Z,57690.01000000,57797.88000000,57370.84000000,57523.01000000,617.88106000
2024-07-09T18:00:00Z,57523.00000000,58296.00000000,57442.62000000,57907.50000000,1583.32279000
2024-07-09T19:00:00Z,57907.50000000,57930.00000000,57682.17000000,57862.01000000,556.81042000
2024-07-09T20:00:00Z,57862.01000000,58096.68000000,57704.30000000,57929.25000000,865.65190000
2024-07-09T21:00:00Z,57929.26000000,57977.46000000,57758.83000000,57800.01000000,416.70735000
2024-07-09T22:00:00Z,57800.01000000,58260.00000000,57720.00000000,57936.00000000,756.79627000
2024-07-09T23:00:00Z,57936.00000000,58116.13000000,57864.82000000,58050.00000000,457.80219000
2024-07-10T00:00:00Z,58050.00000000,58050.00000000,57422.94000000,57486.37000000,714.34882000
2024-07-10T01:00:00Z,57486.38000000,58000.01000000,57309.09000000,57798.89000000,954.09973000
2024-07-10T02:00:00Z,57798.89000000,57914.89000000,57642.86000000,57882.55000000,530.00374000
2024-07-10T03:00:00Z,57882.55000000,58208.00000000,57840.00000000,58180.01000000,563.78031000
2024-07-10T04:00:00Z,58180.00000000,59436.00000000,58180.00000000,59347.44000000,3438.39298000
2024-07-10T05:00:00Z,59347.43000000,59470.00000000,58820.44000000,58975.01000000,1187.68370000
2024-07-10T06:00:00Z,58975.01000000,59313.06000000,58846.45000000,59238.47000000,697.81879000
2024-07-10T07:00:00Z,59238.48000000,59286.20000000,58840.00000000,58977.99000000,742.59843000
2024-07-10T08:00:00Z,58977.99000000,59032.82000000,58602.84000000,58756.01000000,889.11742000
2024-07-10T09:00:00Z,58756.01000000,58769.40000000,58401.00000000,58490.00000000,1073.12232000
2024-07-10T10:00:00Z,58489.99000000,58737.24000000,58311.66000000,58656.01000000,1060.98416000
2024-07-10T11:00:00Z,58656.02000000,58717.09000000,58350.00000000,58492.00000000,1019.20243000
2024-07-10T12:00:00Z,58492.00000000,58550.00000000,57740.86000000,58150.44000000,2139.02060000
2024-07-10T13:00:00Z,58150.44000000,58288.30000000,57507.04000000,57760.00000000,2203.07422000
2024-07-10T14:00:00Z,57760.00000000,57893.15000000,57471.12000000,57713.03000000,1276.12700000
2024-07-10T15:00:00Z,57713.03000000,58047.07000000,57483.00000000,57699.69000000,1287.04983000
2024-07-10T16:00:00Z,57699.69000000,58019.89000000,57584.37000000,57696.73000000,1279.02560000
2024-07-10T17:00:00Z,57696.73000000,57755.74000000,57439.67000000,57627.81000000,693.45307000
2024-07-10T18:00:00Z,57627.81000000,57783.55000000,57480.72000000,57630.16000000,424.28107000
2024-07-10T19:00:00Z,57630.16000000,57630.16000000,57353.84000000,57392.03000000,603.95746000
2024-07-10T20:00:00Z,57392.03000000,57550.00000000,57157.79000000,57409.23000000,763.89147000
2024-07-10T21:00:00Z,57409.23000000,57550.00000000,57264.70000000,57434.41000000,465.01432000
2024-07-10T22:00:00Z,57434.41000000,57856.54000000,57427.10000000,57710.73000000,618.93037000
2024-07-10T23:00:00Z,57710.74000000,57879.58000000,57604.25000000,57725.85000000,326.76015000
2024-07-11T00:00:00Z,57725.85000000,57728.78000000,57358.20000000,57628.89000000,547.17587000
2024-07-11T01:00:00Z,57628.89000000,58407.05000000,57485.74000000,58280.35000000,1157.04070000
2024-07-11T02:00:00Z,58280.35000000,58383.58000000,57743.75000000,57869.99000000,732.91958000
2024-07-11T03:00:00Z,57870.00000000,57959.14000000,57050.00000000,57568.00000000,1729.16103000
2024-07-11T04:00:00Z,57568.00000000,57793.46000000,57488.28000000,57779.99000000,815.49793000
2024-07-11T05:00:00Z,57779.99000000,58100.00000000,57704.07000000,57994.01000000,995.93439000
2024-07-11T06:00:00Z,57994.01000000,58097.95000000,57872.89000000,57996.00000000,705.92986000
2024-07-11T07:00:00Z,57996.00000000,58300.00000000,57922.67000000,58191.50000000,933.10914000
2024-07-11T08:00:00Z,58191.50000000,58328.00000000,58052.00000000,58159.09000000,572.25410000
2024-07-11T09:00:00Z,58159.09000000,58381.70000000,58067.25000000,58290.13000000,871.21358000
2024-07-11T10:00:00Z,58290.14000000,58500.00000000,58174.25000000,58462.29000000,888.58838000
2024-07-11T11:00:00Z,58462.29000000,58936.52000000,58390.96000000,58777.99000000,1772.35751000
2024-07-11T12:00:00Z,58777.99000000,59650.00000000,58470.76000000,58816.35000000,4429.95238000
2024-07-11T13:00:00Z,58816.35000000,58970.98000000,58236.95000000,58566.16000000,2363.94139000
2024-07-11T14:00:00Z,58566.16000000,58674.41000000,57555.00000000,57790.01000000,3078.62977000
2024-07-11T15:00:00Z,57790.01000000,58125.80000000,57266.58000000,57402.01000000,2173.37750000
2024-07-11T16:00:00Z,57402.01000000,57751.73000000,57178.00000000,57640.84000000,1080.00641000
2024-07-11T17:00:00Z,57640.84000000,57940.01000000,57582.67000000,57797.32000000,790.43112000
2024-07-11T18:00:00Z,57797.32000000,58000.61000000,57674.32000000,57841.27000000,790.41518000
2024-07-11T19:00:00Z,57841.27000000,57849.41000000,57340.00000000,57378.01000000,1013.33939000
2024-07-11T20:00:00Z,57378.00000000,57590.90000000,57205.45000000,57554.00000000,732.50048000
2024-07-11T21:00:00Z,57554.00000000,57636.00000000,57315.94000000,57460.02000000,416.48082000
2024-07-11T22:00:00Z,57460.02000000,57538.88000000,57150.00000000,57338.58000000,601.35614000
2024-07-11T23:00:00Z,57338.58000000,57399.88000000,57152.38000000,57339.89000000,569.44470000
2024-07-12T00:00:00Z,57339.89000000,57571.86000000,57150.01000000,57178.00000000,694.96356000
2024-07-12T01:00:00Z,57178.00000000,57346.97000000,56542.47000000,56950.01000000,1628.21195000
2024-07-12T02:00:00Z,56950.01000000,57419.22000000,56880.29000000,57332.88000000,824.41036000
2024-07-12T03:00:00Z,57332.88000000,57368.00000000,56852.94000000,56914.01000000,607.85729000
2024-07-12T04:00:00Z,56914.01000000,57067.75000000,56716.68000000,57018.00000000,536.27817000
2024-07-12T05:00:00Z,57018.01000000,57104.92000000,56942.00000000,57026.00000000,450.77894000
2024-07-12T06:00:00Z,57026.01000000,57416.13000000,57020.15000000,57210.00000000,882.62489000
2024-07-12T07:00:00Z,57210.01000000,57319.50000000,56836.29000000,57106.94000000,1039.70006000
2024-07-12T08:00:00Z,57106.95000000,57334.32000000,57028.87000000,57323.02000000,864.99665000
2024-07-12T09:00:00Z,57323.03000000,57325.60000000,56864.04000000,56949.99000000,611.58028000
2024-07-12T10:00:00Z,56950.00000000,57190.00000000,56767.05000000,57172.84000000,702.76133000
2024-07-12T11:00:00Z,57172.84000000,57278.00000000,57060.00000000,57203.54000000,963.18528000
2024-07-12T12:00:00Z,57203.54000000,57479.51000000,57000.00000000,57382.30000000,1765.76776000
2024-07-12T13:00:00Z,57382.29000000,58006.79000000,57355.80000000,57850.20000000,1948.59464000
2024-07-12T14:00:00Z,57850.20000000,58020.00000000,57688.90000000,57820.01000000,1408.25912000
2024-07-12T15:00:00Z,57820.00000000,58278.00000000,57775.27000000,58214.00000000,1581.77278000
2024-07-12T16:00:00Z,58213.99000000,58428.91000000,57936.97000000,58116.01000000,1495.85528000
2024-07-12T17:00:00Z,58116.00000000,58317.12000000,57951.01000000,58161.82000000,718.93734000
2024-07-12T18:00:00Z,58161.82000000,58526.68000000,58065.00000000,58296.90000000,1034.84589000
2024-07-12T19:00:00Z,58296.90000000,58355.51000000,57500.00000000,57576.01000000,1662.86668000
2024-07-12T20:00:00Z,57576.01000000,57646.00000000,57150.06000000,57542.01000000,1140.28860000
2024-07-12T21:00:00Z,57542.00000000,57680.60000000,57502.00000000,57597.03000000,334.05137000
2024-07-12T22:00:00Z,57597.02000000,57874.29000000,57580.00000000,57792.01000000,466.50677000
2024-07-12T23:00:00Z,57792.01000000,57906.10000000,57716.00000000,57889.10000000,287.36191000
2024-07-13T00:00:00Z,57889.09000000,57926.50000000,57762.39000000,57835.58000000,314.73295000
2024-07-13T01:00:00Z,57835.57000000,57969.70000000,57807.94000000,57880.00000000,290.06439000
2024-07-13T02:00:00Z,57880.00000000,57958.38000000,57766.78000000,57946.43000000,516.37692000
2024-07-13T03:00:00Z,57946.43000000,57991.50000000,57786.65000000,57814.00000000,325.65898000
2024-07-13T04:00:00Z,57814.00000000,57852.13000000,57769.82000000,57775.86000000,280.96809000
2024-07-13T05:00:00Z,57775.86000000,58179.92000000,57756.63000000,58076.02000000,746.64560000
2024-07-13T06:00:00Z,58076.02000000,58216.08000000,58002.00000000,58038.55000000,327.94368000
2024-07-13T07:00:00Z,58038.55000000,58170.33000000,58013.29000000,58170.32000000,276.61767000
2024-07-13T08:00:00Z,58170.33000000,58198.46000000,57940.10000000,57949.93000000,340.85691000
2024-07-13T09:00:00Z,57950.20000000,58854.98000000,57900.57000000,58678.02000000,1451.98249000
2024-07-13T10:00:00Z,58678.02000000,58759.98000000,58346.58000000,58436.67000000,839.28392000
2024-07-13T11:00:00Z,58436.67000000,58599.00000000,58383.32000000,58534.00000000,433.05644000
2024-07-13T12:00:00Z,58534.00000000,58899.46000000,58434.38000000,58768.01000000,935.24010000
2024-07-13T13:00:00Z,58768.01000000,58830.00000000,58576.10000000,58617.72000000,603.25172000
2024-07-13T14:00:00Z,58617.71000000,58801.49000000,58479.48000000,58800.00000000,551.30624000
2024-07-13T15:00:00Z,58800.00000000,58869.16000000,58684.20000000,58830.63000000,846.87627000
2024-07-13T16:00:00Z,58830.62000000,58964.89000000,58601.55000000,58621.99000000,901.96693000
2024-07-13T17:00:00Z,58621.99000000,58708.00000000,58572.98000000,58708.00000000,290.84594000
2024-07-13T18:00:00Z,58708.00000000,58800.00000000,58573.61000000,58643.80000000,290.76001000
2024-07-13T19:00:00Z,58643.80000000,58738.44000000,58600.00000000,58624.38000000,208.46855000
2024-07-13T20:00:00Z,58624.38000000,58674.00000000,58554.69000000,58596.01000000,313.59678000
2024-07-13T21:00:00Z,58596.01000000,58690.00000000,58580.00000000,58686.00000000,153.91477000
2024-07-13T22:00:00Z,58686.00000000,59540.00000000,58288.19000000,59464.53000000,1825.76079000
2024-07-13T23:00:00Z,59464.53000000,59850.00000000,59133.26000000,59204.02000000,2291.56905000
2024-07-14T00:00:00Z,59204.01000000,59790.00000000,59194.01000000,59753.99000000,1173.60329000
2024-07-14T01:00:00Z,59753.98000000,59838.00000000,59436.27000000,59705.99000000,999.90268000
2024-07-14T02:00:00Z,59705.99000000,59750.00000000,59279.99000000,59356.00000000,587.86826000
2024-07-14T03:00:00Z,59356.00000000,59590.12000000,59340.00000000,59466.15000000,468.07977000
2024-07-14T04:00:00Z,59466.16000000,60100.00000000,59418.68000000,59950.00000000,1499.69939000
2024-07-14T05:00:00Z,59950.00000000,60296.00000000,59802.35000000,60265.38000000,1621.60942000
2024-07-14T06:00:00Z,60265.39000000,60324.61000000,59786.69000000,59875.99000000,1046.36470000
2024-07-14T07:00:00Z,59876.00000000,60124.01000000,59823.56000000,60062.01000000,618.86151000
2024-07-14T08:00:00Z,60062.01000000,60400.00000000,60062.00000000,60202.00000000,1010.41056000
2024-07-14T09:00:00Z,60201.99000000,60359.57000000,60128.63000000,60186.01000000,662.72704000
2024-07-14T10:00:00Z,60186.00000000,60236.35000000,59905.71000000,59920.51000000,655.68711000
2024-07-14T11:00:00Z,59920.51000000,60120.86000000,59904.00000000,60099.10000000,611.05999000
2024-07-14T12:00:00Z,60099.10000000,60110.70000000,59577.77000000,59583.86000000,939.21214000
2024-07-14T13:00:00Z,59583.86000000,59800.00000000,59581.34000000,59701.93000000,741.74521000
2024-07-14T14:00:00Z,59701.92000000,60236.13000000,59466.67000000,60012.00000000,913.33476000
2024-07-14T15:00:00Z,60012.00000000,60148.00000000,59876.00000000,60084.00000000,592.00717000
2024-07-14T16:00:00Z,60084.00000000,60119.12000000,59894.16000000,60107.33000000,482.69354000
2024-07-14T17:00:00Z,60107.32000000,60184.99000000,59918.01000000,60005.56000000,452.33207000
2024-07-14T18:00:00Z,60005.56000000,60072.28000000,59935.42000000,60020.11000000,192.42084000
2024-07-14T19:00:00Z,60020.11000000,60020.11000000,59900.00000000,59915.99000000,193.50151000
2024-07-14T20:00:00Z,59916.00000000,60400.00000000,59880.00000000,60084.00000000,721.80568000
2024-07-14T21:00:00Z,60084.00000000,61420.69000000,60026.00000000,61276.36000000,2649.79086000
2024-07-14T22:00:00Z,61276.36000000,61380.84000000,60756.65000000,60861.40000000,1326.64723000
2024-07-14T23:00:00Z,60861.40000000,61176.32000000,60698.22000000,60797.91000000,1016.97434000
2024-07-15T00:00:00Z,60797.91000000,61324.01000000,60632.30000000,61211.99000000,1116.66990000
2024-07-15T01:00:00Z,61212.00000000,61800.00000000,61180.00000000,61390.00000000,2370.52915000
2024-07-15T02:00:00Z,61389.99000000,62610.00000000,61300.87000000,62482.00000000,3372.85532000
2024-07-15T03:00:00Z,62482.00000000,62796.01000000,62322.00000000,62647.87000000,1442.33991000
2024-07-15T04:00:00Z,62647.87000000,62832.77000000,62433.01000000,62610.00000000,1234.86390000
2024-07-15T05:00:00Z,62610.00000000,62968.15000000,62534.00000000,62799.99000000,1119.63548000
2024-07-15T06:00:00Z,62800.00000000,62999.00000000,62706.01000000,62870.02000000,1075.81654000
2024-07-15T07:00:00Z,62870.02000000,63084.00000000,62746.00000000,62840.12000000,1412.86329000
2024-07-15T08:00:00Z,62840.12000000,63243.71000000,62778.81000000,62879.54000000,1317.62151000
2024-07-15T09:00:00Z,62879.53000000,62900.00000000,62542.02000000,62637.64000000,1221.24083000
2024-07-15T10:00:00Z,62637.63000000,62810.00000000,62413.50000000,62535.96000000,828.07073000
2024-07-15T11:00:00Z,62535.95000000,62603.53000000,62290.00000000,62454.00000000,858.23855000
2024-07-15T12:00:00Z,62454.00000000,62809.99000000,62444.67000000,62616.00000000,976.56222000
2024-07-15T13:00:00Z,62616.01000000,62981.00000000,62482.59000000,62908.01000000,1654.66589000
2024-07-15T14:00:00Z,62908.01000000,63236.28000000,62731.48000000,63218.06000000,1666.73384000
2024-07-15T15:00:00Z,63218.06000000,63328.00000000,62864.32000000,63026.00000000,2268.06990000
2024-07-15T16:00:00Z,63026.01000000,63606.96000000,62852.00000000,63411.77000000,2473.08305000
2024-07-15T17:00:00Z,63411.77000000,63730.00000000,63079.65000000,63081.97000000,2106.78746000
2024-07-15T18:00:00Z,63081.97000000,63614.83000000,62993.33000000,63499.00000000,1536.35808000
2024-07-15T19:00:00Z,63498.99000000,63820.15000000,63200.19000000,63342.00000000,2533.20337000
2024-07-15T20:00:00Z,63342.00000000,63777.00000000,63251.65000000,63731.36000000,1023.74966000
2024-07-15T21:00:00Z,63731.36000000,63780.00000000,63495.71000000,63532.44000000,788.61130000
2024-07-15T22:00:00Z,63532.44000000,64782.12000000,63508.00000000,64343.60000000,2882.08350000
2024-07-15T23:00:00Z,64343.60000000,64900.00000000,64225.19000000,64724.14000000,1410.32482000
2024-07-16T00:00:00Z,64724.06000000,64955.49000000,64436.20000000,64611.44000000,1835.35302000
2024-07-16T01:00:00Z,64611.44000000,64860.00000000,64467.23000000,64848.08000000,932.36523000
2024-07-16T02:00:00Z,64848.07000000,64848.08000000,64541.35000000,64819.91000000,883.67648000
2024-07-16T03:00:00Z,64819.67000000,64863.98000000,64599.59000000,64752.14000000,807.74601000
2024-07-16T04:00:00Z,64752.14000000,64993.95000000,64473.68000000,64487.01000000,1148.75348000
2024-07-16T05:00:00Z,64487.01000000,64550.00000000,63464.90000000,63654.92000000,3311.79720000
2024-07-16T06:00:00Z,63654.92000000,63880.61000000,62794.00000000,62899.64000000,2579.14210000
2024-07-16T07:00:00Z,62899.64000000,63333.19000000,62721.79000000,62895.01000000,2873.61596000
2024-07-16T08:00:00Z,62895.01000000,63091.39000000,62373.24000000,62820.67000000,2185.57004000
2024-07-16T09:00:00Z,62820.67000000,63259.12000000,62686.25000000,63187.54000000,1494.98117000
2024-07-16T10:00:00Z,63187.53000000,63660.00000000,63088.83000000,63443.54000000,1171.44908000
2024-07-16T11:00:00Z,63443.55000000,63872.20000000,63146.45000000,63746.11000000,1428.01869000
2024-07-16T12:00:00Z,63746.11000000,64265.33000000,63601.02000000,63743.31000000,1785.10099000
2024-07-16T13:00:00Z,63743.30000000,64100.00000000,63400.01000000,63419.99000000,1760.41084000
2024-07-16T14:00:00Z,63419.99000000,63898.71000000,63063.83000000,63836.09000000,1780.20422000
2024-07-16T15:00:00Z,63836.09000000,64960.86000000,63799.00000000,64878.24000000,3605.09775000
2024-07-16T16:00:00Z,64878.24000000,65200.00000000,64207.96000000,64500.00000000,3372.18128000
2024-07-16T17:00:00Z,64500.00000000,64642.79000000,64111.56000000,64547.52000000,1173.38419000
2024-07-16T18:00:00Z,64547.52000000,64922.32000000,64405.10000000,64795.44000000,1240.51718000
2024-07-16T19:00:00Z,64795.43000000,65178.83000000,64597.13000000,65165.43000000,2145.16352000
2024-07-16T20:00:00Z,65165.42000000,65182.99000000,64612.16000000,64651.82000000,1102.92271000
2024-07-16T21:00:00Z,64651.82000000,64831.33000000,64479.14000000,64500.01000000,752.97687000
2024-07-16T22:00:00Z,64500.00000000,64623.21000000,64115.00000000,64616.92000000,1095.61568000
2024-07-16T23:00:00Z,64616.92000000,65388.97000000,64616.91000000,65043.99000000,2064.48546000
2024-07-17T00:00:00Z,65044.00000000,65603.12000000,64932.31000000,65505.41000000,1682.12259000
2024-07-17T01:00:00Z,65505.41000000,66128.63000000,65440.30000000,65670.19000000,2126.40166000
2024-07-17T02:00:00Z,65670.18000000,65895.00000000,65541.05000000,65612.86000000,1094.76663000
2024-07-17T03:00:00Z,65612.85000000,65792.87000000,65375.33000000,65701.66000000,974.48649000
2024-07-17T04:00:00Z,65701.66000000,65855.94000000,65546.32000000,65830.00000000,853.14480000
2024-07-17T05:00:00Z,65830.00000000,65993.14000000,65600.00000000,65624.01000000,932.95522000
2024-07-17T06:00:00Z,65624.00000000,65790.00000000,65454.17000000,65575.87000000,1094.28692000
2024-07-17T07:00:00Z,65575.87000000,65575.87000000,65198.62000000,65258.00000000,1506.63820000
2024-07-17T08:00:00Z,65258.01000000,65477.54000000,64807.49000000,65179.63000000,1707.68187000
2024-07-17T09:00:00Z,65179.62000000,65500.00000000,65078.00000000,65331.98000000,821.75646000
2024-07-17T10:00:00Z,65331.99000000,65355.90000000,65100.00000000,65120.02000000,501.31591000
2024-07-17T11:00:00Z,65120.02000000,65144.76000000,64560.00000000,64723.73000000,1577.93489000
2024-07-17T12:00:00Z,64723.73000000,65014.00000000,64571.91000000,64730.72000000,1096.43881000
2024-07-17T13:00:00Z,64730.73000000,65339.86000000,64537.41000000,65141.95000000,1786.09141000
2024-07-17T14:00:00Z,65141.95000000,65232.78000000,64660.00000000,65032.09000000,1473.26318000
2024-07-17T15:00:00Z,65032.10000000,65400.00000000,64628.00000000,64724.01000000,1860.44398000
2024-07-17T16:00:00Z,64724.01000000,64766.99000000,63854.00000000,64242.00000000,3348.62571000
2024-07-17T17:00:00Z,64242.01000000,64411.76000000,63913.08000000,64278.83000000,1056.04532000
2024-07-17T18:00:00Z,64278.83000000,64573.31000000,64214.01000000,64504.00000000,785.80510000
2024-07-17T19:00:00Z,64504.00000000,64756.02000000,64450.00000000,64585.78000000,702.59596000
2024-07-17T20:00:00Z,64585.78000000,64672.89000000,64503.99000000,64510.31000000,432.30744000
2024-07-17T21:00:00Z,64510.31000000,64558.03000000,64058.00000000,64318.00000000,880.28681000
2024-07-17T22:00:00Z,64318.00000000,64448.99000000,64080.00000000,64269.20000000,718.08274000
2024-07-17T23:00:00Z,64269.19000000,64371.87000000,64084.15000000,64087.99000000,554.05144000
2024-07-18T00:00:00Z,64087.99000000,64532.70000000,63910.00000000,64443.54000000,1114.17973000
2024-07-18T01:00:00Z,64443.53000000,64678.99000000,64365.30000000,64678.99000000,628.78339000
2024-07-18T02:00:00Z,64678.98000000,65133.30000000,64245.95000000,64701.35000000,1560.03337000
2024-07-18T03:00:00Z,64701.34000000,64959.99000000,64626.01000000,64865.08000000,768.28276000
2024-07-18T04:00:00Z,64865.09000000,64879.99000000,64534.38000000,64574.00000000,588.34235000
2024-07-18T05:00:00Z,64574.00000000,64860.18000000,64402.35000000,64756.77000000,652.71243000
2024-07-18T06:00:00Z,64756.76000000,65061.50000000,64712.49000000,65000.01000000,1188.15720000
2024-07-18T07:00:00Z,65000.01000000,65036.00000000,64653.44000000,64668.00000000,521.35730000
2024-07-18T08:00:00Z,64668.00000000,64950.00000000,64640.00000000,64936.90000000,582.02010000
2024-07-18T09:00:00Z,64936.89000000,64943.32000000,64725.00000000,64865.99000000,430.49279000
2024-07-18T10:00:00Z,64865.98000000,64865.99000000,64494.27000000,64609.99000000,690.00947000
2024-07-18T11:00:00Z,64609.99000000,64763.98000000,64441.94000000,64758.00000000,691.93426000
2024-07-18T12:00:00Z,64758.00000000,65011.99000000,64726.33000000,64850.66000000,821.59082000
2024-07-18T13:00:00Z,64850.66000000,65111.29000000,64505.60000000,64594.20000000,992.61340000
2024-07-18T14:00:00Z,64594.20000000,64708.09000000,63701.00000000,63995.40000000,2510.12184000
2024-07-18T15:00:00Z,63995.40000000,63995.40000000,63400.00000000,63538.12000000,2643.53292000
2024-07-18T16:00:00Z,63538.12000000,63904.00000000,63333.00000000,63904.00000000,1705.41320000
2024-07-18T17:00:00Z,63904.00000000,63958.51000000,63508.00000000,63555.52000000,926.97908000
2024-07-18T18:00:00Z,63555.52000000,63666.00000000,63335.99000000,63520.01000000,649.51090000
2024-07-18T19:00:00Z,63520.01000000,63753.05000000,63238.48000000,63555.00000000,873.77287000
2024-07-18T20:00:00Z,63555.00000000,63842.91000000,63438.21000000,63826.01000000,470.92587000
2024-07-18T21:00:00Z,63826.01000000,63905.73000000,63751.36000000,63850.00000000,358.86578000
2024-07-18T22:00:00Z,63849.99000000,64122.43000000,63714.00000000,64032.00000000,872.90778000
2024-07-18T23:00:00Z,64032.00000000,64090.00000000,63956.50000000,63987.92000000,326.18289000
2024-07-19T00:00:00Z,63987.92000000,64030.94000000,63551.11000000,63600.00000000,716.10287000
2024-07-19T01:00:00Z,63599.99000000,63858.85000000,63300.67000000,63816.00000000,782.09534000
2024-07-19T02:00:00Z,63815.99000000,63940.00000000,63643.76000000,63828.00000000,583.55442000
2024-07-19T03:00:00Z,63828.00000000,64368.62000000,63813.98000000,64325.00000000,1080.21154000
2024-07-19T04:00:00Z,64324.99000000,64383.90000000,64141.91000000,64141.92000000,487.34435000
2024-07-19T05:00:00Z,64141.91000000,64249.32000000,64088.75000000,64164.00000000,538.72612000
2024-07-19T06:00:00Z,64164.00000000,64486.00000000,64130.70000000,64210.01000000,971.74325000
2024-07-19T07:00:00Z,64210.00000000,64210.01000000,63600.00000000,63694.01000000,2024.34960000
2024-07-19T08:00:00Z,63694.01000000,63940.46000000,63409.01000000,63809.00000000,1125.87894000
2024-07-19T09:00:00Z,63809.00000000,64117.64000000,63648.28000000,63700.00000000,1132.17322000
2024-07-19T10:00:00Z,63700.00000000,64157.73000000,63640.20000000,63994.01000000,787.46136000
2024-07-19T11:00:00Z,63994.00000000,64182.77000000,63935.12000000,64116.00000000,444.49966000
2024-07-19T12:00:00Z,64115.99000000,64436.00000000,64043.37000000,64414.00000000,973.49210000
2024-07-19T13:00:00Z,64414.00000000,65330.24000000,64005.57000000,65135.90000000,3428.70620000
2024-07-19T14:00:00Z,65135.89000000,65888.00000000,65000.50000000,65747.04000000,3937.01703000
2024-07-19T15:00:00Z,65747.04000000,65849.65000000,65268.00000000,65836.77000000,2009.41375000
2024-07-19T16:00:00Z,65836.76000000,66510.00000000,65827.62000000,66419.43000000,3787.19198000
2024-07-19T17:00:00Z,66419.43000000,66829.82000000,66248.01000000,66755.42000000,2108.92010000
2024-07-19T18:00:00Z,66755.42000000,66804.00000000,66417.66000000,66787.99000000,1417.55076000
2024-07-19T19:00:00Z,66788.00000000,67386.00000000,66787.99000000,67157.26000000,3785.52712000
2024-07-19T20:00:00Z,67157.25000000,67221.17000000,66880.39000000,66931.80000000,1328.52392000
2024-07-19T21:00:00Z,66931.81000000,67352.44000000,66889.20000000,66892.28000000,1082.11169000
2024-07-19T22:00:00Z,66892.27000000,66992.01000000,66654.00000000,66721.19000000,627.58082000
2024-07-19T23:00:00Z,66721.19000000,66904.00000000,66616.19000000,66660.00000000,474.55125000
2024-07-20T00:00:00Z,66660.01000000,66822.22000000,66268.60000000,66419.88000000,1110.36312000
2024-07-20T01:00:00Z,66419.87000000,66700.10000000,66222.46000000,66361.99000000,897.74675000
2024-07-20T02:00:00Z,66361.99000000,66634.48000000,66323.80000000,66570.57000000,409.22460000
2024-07-20T03:00:00Z,66570.57000000,66750.00000000,66556.00000000,66602.01000000,376.67343000
2024-07-20T04:00:00Z,66602.00000000,66700.00000000,66475.48000000,66660.84000000,300.66163000
2024-07-20T05:00:00Z,66660.84000000,66660.84000000,66436.00000000,66537.32000000,423.02560000
2024-07-20T06:00:00Z,66537.31000000,66670.67000000,66500.00000000,66625.77000000,331.15889000
2024-07-20T07:00:00Z,66625.76000000,66775.11000000,66525.36000000,66562.28000000,816.70901000
2024-07-20T08:00:00Z,66562.27000000,66634.82000000,66458.83000000,66510.71000000,442.80044000
2024-07-20T09:00:00Z,66510.72000000,66733.09000000,66475.08000000,66582.79000000,393.06698000
2024-07-20T10:00:00Z,66582.78000000,66652.76000000,66485.67000000,66524.99000000,263.64261000
2024-07-20T11:00:00Z,66525.00000000,66554.42000000,66474.00000000,66483.69000000,254.04237000
2024-07-20T12:00:00Z,66483.69000000,66568.24000000,66470.78000000,66476.28000000,251.47887000
2024-07-20T13:00:00Z,66476.28000000,66652.21000000,66273.62000000,66539.89000000,512.04000000
2024-07-20T14:00:00Z,66539.88000000,66700.00000000,66510.00000000,66590.00000000,316.86630000
2024-07-20T15:00:00Z,66589.99000000,66832.00000000,66589.99000000,66825.00000000,485.36172000
2024-07-20T16:00:00Z,66824.99000000,67054.00000000,66679.01000000,66804.91000000,730.32749000
2024-07-20T17:00:00Z,66804.91000000,67598.00000000,66762.00000000,67403.01000000,2251.21795000
2024-07-20T18:00:00Z,67403.01000000,67577.57000000,67218.52000000,67467.99000000,641.26719000
2024-07-20T19:00:00Z,67467.99000000,67506.55000000,67137.78000000,67224.00000000,516.60219000
2024-07-20T20:00:00Z,67224.00000000,67430.01000000,67223.99000000,67339.28000000,289.57206000
2024-07-20T21:00:00Z,67339.28000000,67342.70000000,66790.90000000,67092.41000000,762.00279000
2024-07-20T22:00:00Z,67092.40000000,67300.00000000,66861.99000000,67114.00000000,1315.24065000
2024-07-20T23:00:00Z,67114.00000000,67200.00000000,67092.00000000,67139.96000000,295.83170000
2024-07-21T00:00:00Z,67139.97000000,67322.00000000,66962.00000000,67066.02000000,527.61119000
2024-07-21T01:00:00Z,67066.02000000,67436.22000000,67041.07000000,67276.33000000,368.52927000
2024-07-21T02:00:00Z,67276.32000000,67396.73000000,67270.00000000,67287.01000000,343.61504000
2024-07-21T03:00:00Z,67287.01000000,67375.00000000,67147.45000000,67171.33000000,233.27277000
2024-07-21T04:00:00Z,67171.33000000,67220.52000000,67001.00000000,67040.01000000,377.39601000
2024-07-21T05:00:00Z,67040.00000000,67100.00000000,66890.00000000,67046.00000000,354.37407000
2024-07-21T06:00:00Z,67046.00000000,67093.42000000,66611.09000000,66721.99000000,751.28918000
2024-07-21T07:00:00Z,66721.99000000,66820.00000000,66592.10000000,66701.99000000,474.97105000
2024-07-21T08:00:00Z,66702.00000000,66892.00000000,66680.00000000,66796.01000000,387.86022000
2024-07-21T09:00:00Z,66796.00000000,67017.08000000,66756.82000000,66976.00000000,385.32002000
2024-07-21T10:00:00Z,66976.00000000,67062.77000000,66798.86000000,66798.87000000,319.55980000
2024-07-21T11:00:00Z,66798.86000000,66879.99000000,66754.00000000,66879.99000000,243.08103000
2024-07-21T12:00:00Z,66879.99000000,66987.13000000,66840.00000000,66928.02000000,280.84166000
2024-07-21T13:00:00Z,66928.02000000,66961.91000000,66616.00000000,66760.01000000,475.72015000
2024-07-21T14:00:00Z,66760.01000000,67392.68000000,66682.00000000,67290.76000000,1109.38081000
2024-07-21T15:00:00Z,67290.75000000,67499.99000000,66971.48000000,67164.00000000,900.12940000
2024-07-21T16:00:00Z,67164.00000000,67590.00000000,66952.21000000,67554.00000000,1210.47045000
2024-07-21T17:00:00Z,67553.99000000,67713.00000000,66484.55000000,66648.01000000,1990.52655000
2024-07-21T18:00:00Z,66648.01000000,67336.01000000,65777.00000000,66864.42000000,4758.02219000
2024-07-21T19:00:00Z,66864.43000000,67712.99000000,66782.60000000,67422.02000000,1352.52988000
2024-07-21T20:00:00Z,67422.03000000,68209.16000000,67274.69000000,67723.91000000,2235.07539000
2024-07-21T21:00:00Z,67723.91000000,68298.02000000,67564.20000000,68193.99000000,1257.06915000
2024-07-21T22:00:00Z,68194.00000000,68366.66000000,67934.00000000,68012.00000000,782.76272000
2024-07-21T23:00:00Z,68012.01000000,68200.00000000,67888.77000000,68165.34000000,699.70391000
2024-07-22T00:00:00Z,68165.35000000,68474.55000000,68036.00000000,68188.01000000,951.33104000
2024-07-22T01:00:00Z,68188.01000000,68228.01000000,67762.00000000,67850.01000000,847.39629000
2024-07-22T02:00:00Z,67850.01000000,68199.31000000,67753.72000000,68070.62000000,577.49338000
2024-07-22T03:00:00Z,68070.63000000,68102.00000000,67836.62000000,67880.01000000,554.24338000
2024-07-22T04:00:00Z,67880.01000000,67996.01000000,67760.00000000,67923.98000000,398.15619000
2024-07-22T05:00:00Z,67923.99000000,67940.01000000,67520.00000000,67626.01000000,733.17693000
2024-07-22T06:00:00Z,67626.01000000,67743.66000000,67122.22000000,67412.00000000,1070.91049000
2024-07-22T07:00:00Z,67412.00000000,67412.00000000,67184.61000000,67236.00000000,748.40372000
2024-07-22T08:00:00Z,67236.01000000,67399.98000000,67030.00000000,67080.48000000,716.00307000
2024-07-22T09:00:00Z,67080.48000000,67427.22000000,66944.10000000,67427.22000000,691.80280000
2024-07-22T10:00:00Z,67427.22000000,67524.00000000,67293.53000000,67422.01000000,573.01226000
2024-07-22T11:00:00Z,67422.01000000,67599.00000000,67288.00000000,67516.01000000,490.35266000
2024-07-22T12:00:00Z,67516.01000000,67697.11000000,67366.02000000,67697.11000000,596.37152000
2024-07-22T13:00:00Z,67697.11000000,67952.39000000,66991.27000000,67098.00000000,1856.07368000
2024-07-22T14:00:00Z,67098.01000000,67328.00000000,66616.68000000,66712.00000000,1952.17813000
2024-07-22T15:00:00Z,66712.00000000,67190.01000000,66559.97000000,67063.87000000,1083.25010000
2024-07-22T16:00:00Z,67063.87000000,67314.43000000,66798.36000000,67052.00000000,760.69468000
2024-07-22T17:00:00Z,67052.01000000,67468.00000000,67010.01000000,67468.00000000,609.62069000
2024-07-22T18:00:00Z,67467.99000000,67666.00000000,67322.50000000,67445.49000000,909.06939000
2024-07-22T19:00:00Z,67445.49000000,68250.00000000,67366.63000000,68232.07000000,1630.44534000
2024-07-22T20:00:00Z,68232.08000000,68256.00000000,67822.00000000,68124.00000000,964.40564000
2024-07-22T21:00:00Z,68123.99000000,68166.01000000,67657.54000000,67841.60000000,769.42270000
2024-07-22T22:00:00Z,67841.61000000,67854.81000000,67502.59000000,67635.01000000,788.00706000
2024-07-22T23:00:00Z,67635.01000000,67642.00000000,67224.11000000,67532.01000000,1179.22189000
2024-07-23T00:00:00Z,67532.00000000,67750.98000000,67449.65000000,67490.01000000,567.30486000
2024-07-23T01:00:00Z,67490.01000000,67499.88000000,67183.98000000,67410.01000000,709.81321000
2024-07-23T02:00:00Z,67410.01000000,67700.00000000,67248.00000000,67647.65000000,637.91527000
2024-07-23T03:00:00Z,67647.65000000,67710.01000000,67439.22000000,67473.99000000,444.75372000
2024-07-23T04:00:00Z,67473.98000000,67526.01000000,66936.00000000,66936.00000000,1046.14415000
2024-07-23T05:00:00Z,66936.01000000,66945.48000000,66326.00000000,66428.00000000,1998.90677000
2024-07-23T06:00:00Z,66428.01000000,66772.01000000,66386.38000000,66519.34000000,1335.70301000
2024-07-23T07:00:00Z,66519.34000000,66644.01000000,66256.39000000,66576.00000000,1040.40214000
2024-07-23T08:00:00Z,66576.00000000,66999.00000000,66518.51000000,66888.00000000,1454.03116000
2024-07-23T09:00:00Z,66888.00000000,67166.01000000,66769.99000000,66938.20000000,1233.62913000
2024-07-23T10:00:00Z,66938.19000000,67024.01000000,66814.23000000,66870.01000000,857.82830000
2024-07-23T11:00:00Z,66870.00000000,66870.01000000,66454.00000000,66676.01000000,1246.21722000
2024-07-23T12:00:00Z,66676.00000000,66756.01000000,66358.02000000,66504.68000000,1312.72160000
2024-07-23T13:00:00Z,66504.69000000,66744.47000000,65962.00000000,66092.01000000,2529.47985000
2024-07-23T14:00:00Z,66092.00000000,67349.03000000,65988.00000000,67227.80000000,2536.71832000
2024-07-23T15:00:00Z,67227.81000000,67246.01000000,66333.33000000,66584.01000000,2278.69793000
2024-07-23T16:00:00Z,66584.01000000,66780.01000000,65850.00000000,65857.99000000,1844.07069000
2024-07-23T17:00:00Z,65858.00000000,66118.29000000,65744.94000000,65940.29000000,1593.59276000
2024-07-23T18:00:00Z,65940.29000000,66105.32000000,65778.00000000,65860.00000000,957.71218000
2024-07-23T19:00:00Z,65859.99000000,66062.01000000,65441.08000000,65536.01000000,2206.52582000
2024-07-23T20:00:00Z,65536.00000000,65998.01000000,65472.54000000,65836.01000000,1642.73626000
2024-07-23T21:00:00Z,65836.00000000,66049.99000000,65782.00000000,65872.00000000,579.43470000
2024-07-23T22:00:00Z,65872.00000000,66043.47000000,65790.00000000,65917.99000000,678.72040000
2024-07-23T23:00:00Z,65917.99000000,66054.00000000,65793.01000000,65936.01000000,673.09371000
2024-07-24T00:00:00Z,65936.00000000,66146.01000000,65780.00000000,65784.70000000,522.47964000
2024-07-24T01:00:00Z,65784.70000000,66114.21000000,65619.98000000,65666.01000000,636.47823000
2024-07-24T02:00:00Z,65666.01000000,65928.01000000,65476.84000000,65878.16000000,672.37334000
2024-07-24T03:00:00Z,65878.16000000,66111.50000000,65784.53000000,66052.71000000,601.26033000
2024-07-24T04:00:00Z,66052.71000000,66072.01000000,65791.42000000,65860.00000000,571.42118000
2024-07-24T05:00:00Z,65860.01000000,65914.49000000,65610.00000000,65814.01000000,673.83671000
2024-07-24T06:00:00Z,65814.01000000,65999.00000000,65762.01000000,65898.00000000,585.65432000
2024-07-24T07:00:00Z,65898.00000000,66080.01000000,65875.36000000,66078.00000000,597.02054000
2024-07-24T08:00:00Z,66078.00000000,66470.01000000,66008.00000000,66437.01000000,1358.59552000
2024-07-24T09:00:00Z,66437.01000000,66489.51000000,66301.00000000,66398.10000000,700.44001000
2024-07-24T10:00:00Z,66398.10000000,66600.00000000,66343.87000000,66491.53000000,712.98523000
2024-07-24T11:00:00Z,66491.53000000,66555.00000000,66340.31000000,66367.99000000,516.00526000
2024-07-24T12:00:00Z,66368.00000000,66577.00000000,66146.70000000,66215.10000000,711.92853000
2024-07-24T13:00:00Z,66215.09000000,66900.00000000,66200.00000000,66344.00000000,1375.29818000
2024-07-24T14:00:00Z,66344.00000000,67102.01000000,66282.74000000,66760.01000000,1965.47257000
2024-07-24T15:00:00Z,66760.01000000,66812.00000000,66093.99000000,66176.00000000,1849.25363000
2024-07-24T16:00:00Z,66176.00000000,66490.00000000,65963.17000000,66394.00000000,1874.89240000
2024-07-24T17:00:00Z,66394.00000000,66709.55000000,66315.44000000,66586.01000000,746.52051000
2024-07-24T18:00:00Z,66586.01000000,66650.00000000,65715.17000000,65754.00000000,1507.77635000
2024-07-24T19:00:00Z,65754.00000000,66102.00000000,65558.89000000,65652.00000000,1374.51802000
2024-07-24T20:00:00Z,65652.01000000,66066.66000000,65648.00000000,66044.01000000,592.92725000
2024-07-24T21:00:00Z,66044.01000000,66066.66000000,65130.00000000,65647.05000000,1510.33034000
2024-07-24T22:00:00Z,65647.05000000,65670.01000000,65250.00000000,65288.01000000,816.72775000
2024-07-24T23:00:00Z,65288.01000000,65470.00000000,65111.00000000,65376.00000000,608.36693000
2024-07-25T00:00:00Z,65376.01000000,65620.00000000,65269.40000000,65514.80000000,952.32582000
2024-07-25T01:00:00Z,65514.81000000,65514.81000000,64220.56000000,64478.00000000,4405.96220000
2024-07-25T02:00:00Z,64477.99000000,64482.00000000,63950.00000000,64208.01000000,2378.66240000
2024-07-25T03:00:00Z,64208.00000000,64288.00000000,63861.00000000,64093.59000000,1654.47865000
2024-07-25T04:00:00Z,64093.58000000,64288.00000000,63800.00000000,64220.00000000,1441.22498000
2024-07-25T05:00:00Z,64220.00000000,64348.94000000,64123.30000000,64263.01000000,868.15182000
2024-07-25T06:00:00Z,64263.01000000,64369.05000000,64086.43000000,64324.01000000,647.68953000
2024-07-25T07:00:00Z,64324.00000000,64390.00000000,64071.51000000,64134.00000000,1004.28015000
2024-07-25T08:00:00Z,64134.00000000,64419.71000000,63878.00000000,64352.01000000,1572.60803000
2024-07-25T09:00:00Z,64352.01000000,64480.00000000,64218.93000000,64306.71000000,604.31720000
2024-07-25T10:00:00Z,64306.71000000,64314.01000000,63973.46000000,64165.68000000,834.35878000
2024-07-25T11:00:00Z,64165.68000000,64284.01000000,64089.72000000,64096.00000000,1115.62453000
2024-07-25T12:00:00Z,64096.01000000,64400.00000000,63900.24000000,64124.00000000,1628.67274000
2024-07-25T13:00:00Z,64123.99000000,64360.00000000,63680.00000000,64050.01000000,1635.35293000
2024-07-25T14:00:00Z,64050.01000000,64851.01000000,63456.70000000,64835.00000000,3075.72043000
2024-07-25T15:00:00Z,64834.99000000,65005.00000000,64532.00000000,64790.88000000,1486.08773000
2024-07-25T16:00:00Z,64790.89000000,65170.00000000,64630.00000000,64868.00000000,1348.24900000
2024-07-25T17:00:00Z,64868.00000000,65073.70000000,64764.00000000,65051.98000000,1284.16455000
2024-07-25T18:00:00Z,65051.98000000,65187.82000000,64388.46000000,64568.00000000,2044.36801000
2024-07-25T19:00:00Z,64568.00000000,65008.00000000,64401.73000000,64692.01000000,961.24821000
2024-07-25T20:00:00Z,64692.01000000,65298.01000000,64425.00000000,65298.01000000,1321.35545000
2024-07-25T21:00:00Z,65298.01000000,66000.00000000,65214.00000000,65838.00000000,1615.79585000
2024-07-25T22:00:00Z,65838.01000000,66175.49000000,65639.89000000,65644.00000000,838.73111000
2024-07-25T23:00:00Z,65644.01000000,65825.36000000,65630.00000000,65799.95000000,406.99924000
2024-07-26T00:00:00Z,65799.95000000,66450.46000000,65722.63000000,66384.00000000,893.68777000
2024-07-26T01:00:00Z,66384.00000000,66570.01000000,66193.69000000,66430.01000000,1195.77266000
2024-07-26T02:00:00Z,66430.01000000,67198.99000000,66393.18000000,67014.01000000,2181.16059000
2024-07-26T03:00:00Z,67014.00000000,67480.00000000,66933.56000000,67042.01000000,1521.10366000
2024-07-26T04:00:00Z,67042.00000000,67117.28000000,66894.00000000,67075.83000000,809.06053000
2024-07-26T05:00:00Z,67075.83000000,67100.00000000,66870.82000000,66924.00000000,612.58402000
2024-07-26T06:00:00Z,66924.01000000,67160.00000000,66874.01000000,67062.01000000,697.81043000
2024-07-26T07:00:00Z,67062.01000000,67190.00000000,66879.99000000,66890.56000000,1281.20610000
2024-07-26T08:00:00Z,66890.56000000,67142.76000000,66890.56000000,67106.01000000,613.50309000
2024-07-26T09:00:00Z,67106.00000000,67498.00000000,67085.77000000,67296.01000000,1270.55004000
2024-07-26T10:00:00Z,67296.01000000,67410.00000000,67172.90000000,67304.01000000,678.93096000
2024-07-26T11:00:00Z,67304.00000000,67366.31000000,67152.00000000,67322.00000000,448.52207000
2024-07-26T12:00:00Z,67321.99000000,67410.00000000,67086.45000000,67314.01000000,630.55190000
2024-07-26T13:00:00Z,67314.01000000,67976.05000000,67170.00000000,67887.88000000,1995.48652000
2024-07-26T14:00:00Z,67887.88000000,68000.00000000,66892.00000000,67328.01000000,2379.19242000
2024-07-26T15:00:00Z,67328.00000000,67751.01000000,67286.00000000,67560.01000000,1225.53699000
2024-07-26T16:00:00Z,67560.00000000,67685.11000000,67366.79000000,67396.00000000,611.56316000
2024-07-26T17:00:00Z,67396.01000000,67600.00000000,67303.07000000,67372.00000000,529.20633000
2024-07-26T18:00:00Z,67372.00000000,67602.09000000,67336.08000000,67573.75000000,597.58976000
2024-07-26T19:00:00Z,67573.74000000,68144.01000000,67552.47000000,67990.00000000,1555.75712000
2024-07-26T20:00:00Z,67990.00000000,68000.01000000,67413.50000000,67435.17000000,884.14339000
2024-07-26T21:00:00Z,67435.16000000,68200.00000000,67419.81000000,67946.01000000,941.42178000
2024-07-26T22:00:00Z,67946.00000000,68086.02000000,67855.42000000,67926.00000000,459.37017000
2024-07-26T23:00:00Z,67926.00000000,67976.10000000,67848.00000000,67907.99000000,230.64877000
2024-07-27T00:00:00Z,67908.00000000,67946.01000000,67808.01000000,67872.27000000,424.91488000
2024-07-27T01:00:00Z,67872.28000000,67874.00000000,67630.00000000,67657.99000000,301.13113000
2024-07-27T02:00:00Z,67657.99000000,68070.01000000,67657.99000000,68028.00000000,344.65050000
2024-07-27T03:00:00Z,68028.00000000,68081.57000000,67773.01000000,67798.00000000,475.53549000
2024-07-27T04:00:00Z,67797.99000000,67898.20000000,67782.73000000,67866.01000000,210.67744000
2024-07-27T05:00:00Z,67866.01000000,67998.05000000,67866.00000000,67895.21000000,253.32780000
2024-07-27T06:00:00Z,67895.21000000,68094.03000000,67886.46000000,68092.89000000,552.14178000
2024-07-27T07:00:00Z,68092.89000000,68295.39000000,68036.67000000,68036.68000000,899.43914000
2024-07-27T08:00:00Z,68036.68000000,68176.44000000,67892.24000000,67986.00000000,593.02191000
2024-07-27T09:00:00Z,67985.99000000,68217.22000000,67946.82000000,68217.21000000,444.66944000
2024-07-27T10:00:00Z,68217.20000000,68275.64000000,68082.99000000,68155.41000000,309.17712000
2024-07-27T11:00:00Z,68155.42000000,68212.00000000,68010.45000000,68209.88000000,487.13700000
2024-07-27T12:00:00Z,68209.88000000,68471.79000000,68195.43000000,68400.00000000,965.28244000
2024-07-27T13:00:00Z,68400.00000000,69385.06000000,68399.99000000,69226.01000000,2533.40815000
2024-07-27T14:00:00Z,69226.01000000,69399.99000000,68794.46000000,68981.69000000,1478.17223000
2024-07-27T15:00:00Z,68981.69000000,69086.00000000,68583.69000000,68844.00000000,1218.54970000
2024-07-27T16:00:00Z,68844.00000000,68979.32000000,68644.00000000,68684.01000000,610.23017000
2024-07-27T17:00:00Z,68684.01000000,68754.34000000,68428.18000000,68540.01000000,821.17611000
2024-07-27T18:00:00Z,68540.00000000,68990.03000000,68508.12000000,68542.76000000,841.42652000
2024-07-27T19:00:00Z,68542.76000000,68641.53000000,67658.68000000,68246.00000000,2998.73711000
2024-07-27T20:00:00Z,68246.00000000,68450.00000000,66650.00000000,67791.22000000,9441.78954000
2024-07-27T21:00:00Z,67791.21000000,69182.94000000,67596.00000000,68860.00000000,3685.95466000
2024-07-27T22:00:00Z,68860.01000000,68860.01000000,68502.60000000,68619.97000000,676.67595000
2024-07-27T23:00:00Z,68619.97000000,68619.97000000,67749.50000000,67896.50000000,1142.99300000
2024-07-28T00:00:00Z,67896.49000000,68083.35000000,67260.54000000,67958.00000000,1184.21920000
2024-07-28T01:00:00Z,67958.00000000,68285.43000000,67916.00000000,68090.01000000,483.06066000
2024-07-28T02:00:00Z,68090.01000000,68149.45000000,67966.00000000,68149.45000000,260.89082000
2024-07-28T03:00:00Z,68149.44000000,68149.45000000,67940.94000000,67940.95000000,287.53753000
2024-07-28T04:00:00Z,67940.94000000,68024.18000000,67300.00000000,67338.00000000,750.45729000
2024-07-28T05:00:00Z,67338.00000000,67500.00000000,67066.66000000,67422.00000000,765.53150000
2024-07-28T06:00:00Z,67422.01000000,67590.82000000,67386.00000000,67486.01000000,363.16586000
2024-07-28T07:00:00Z,67486.00000000,67560.86000000,67309.15000000,67560.86000000,519.16465000
2024-07-28T08:00:00Z,67560.86000000,67564.48000000,67220.00000000,67380.00000000,403.65485000
2024-07-28T09:00:00Z,67380.00000000,67550.28000000,67329.60000000,67433.65000000,254.57758000
2024-07-28T10:00:00Z,67433.65000000,67686.39000000,67390.34000000,67560.01000000,441.61158000
2024-07-28T11:00:00Z,67560.01000000,68000.00000000,67560.01000000,67836.00000000,671.09227000
2024-07-28T12:00:00Z,67836.01000000,68123.32000000,67745.46000000,68000.01000000,530.60556000
2024-07-28T13:00:00Z,68000.01000000,68044.01000000,67861.27000000,67988.01000000,309.86124000
2024-07-28T14:00:00Z,67988.01000000,68024.99000000,67634.70000000,67746.00000000,602.61210000
2024-07-28T15:00:00Z,67746.00000000,67777.77000000,67577.63000000,67645.00000000,325.75611000
2024-07-28T16:00:00Z,67645.00000000,67753.26000000,67624.00000000,67680.01000000,249.98290000
2024-07-28T17:00:00Z,67680.01000000,67998.42000000,67680.00000000,67988.47000000,309.88669000
2024-07-28T18:00:00Z,67988.47000000,68318.43000000,67939.81000000,68236.01000000,608.47713000
2024-07-28T19:00:00Z,68236.00000000,68295.00000000,68084.58000000,68112.00000000,342.16948000
2024-07-28T20:00:00Z,68112.00000000,68164.76000000,67954.48000000,68007.99000000,221.81791000
2024-07-28T21:00:00Z,68008.00000000,68069.00000000,67801.62000000,68021.93000000,324.46082000
2024-07-28T22:00:00Z,68021.93000000,68253.59000000,67941.94000000,68010.24000000,421.43621000
2024-07-28T23:00:00Z,68010.23000000,68277.83000000,67956.00000000,68249.88000000,236.66400000
2024-07-29T00:00:00Z,68249.88000000,68999.00000000,68168.00000000,68714.01000000,1541.58518000
2024-07-29T01:00:00Z,68714.01000000,68833.33000000,68349.49000000,68547.99000000,631.12401000
2024-07-29T02:00:00Z,68548.00000000,69635.14000000,68533.45000000,69559.00000000,2595.72315000
2024-07-29T03:00:00Z,69558.99000000,69800.00000000,69302.00000000,69347.67000000,1204.99131000
2024-07-29T04:00:00Z,69347.66000000,69475.65000000,69263.07000000,69368.00000000,752.39426000
2024-07-29T05:00:00Z,69367.99000000,69800.00000000,69367.99000000,69662.07000000,1284.50311000
2024-07-29T06:00:00Z,69662.07000000,69888.00000000,69551.00000000,69588.01000000,1097.84452000
2024-07-29T07:00:00Z,69588.01000000,69611.30000000,69446.00000000,69528.01000000,1011.61388000
2024-07-29T08:00:00Z,69528.01000000,69700.00000000,69375.00000000,69457.50000000,656.77325000
2024-07-29T09:00:00Z,69457.51000000,69618.90000000,69440.00000000,69520.00000000,713.20072000
2024-07-29T10:00:00Z,69520.00000000,69743.07000000,69378.80000000,69620.00000000,743.84688000
2024-07-29T11:00:00Z,69620.00000000,69838.62000000,69580.00000000,69580.01000000,900.06669000
2024-07-29T12:00:00Z,69580.01000000,69950.00000000,69396.74000000,69799.38000000,1451.28526000
2024-07-29T13:00:00Z,69799.37000000,70079.99000000,69088.00000000,69273.60000000,4339.27014000
2024-07-29T14:00:00Z,69273.59000000,69294.64000000,68071.98000000,68228.01000000,3026.68088000
2024-07-29T15:00:00Z,68228.01000000,68304.00000000,67668.34000000,68104.00000000,2569.35164000
2024-07-29T16:00:00Z,68103.99000000,68118.00000000,66800.00000000,66940.01000000,3974.77521000
2024-07-29T17:00:00Z,66940.01000000,67177.52000000,66428.00000000,67015.08000000,3084.77284000
2024-07-29T18:00:00Z,67015.09000000,67547.32000000,66940.00000000,67419.99000000,1330.02008000
2024-07-29T19:00:00Z,67419.99000000,67549.73000000,67242.99000000,67303.05000000,693.95142000
2024-07-29T20:00:00Z,67303.05000000,67392.01000000,67158.00000000,67369.99000000,469.94603000
2024-07-29T21:00:00Z,67370.00000000,67510.01000000,67030.00000000,67500.00000000,717.72731000
2024-07-29T22:00:00Z,67499.99000000,67553.66000000,67140.00000000,67227.36000000,460.75972000
2024-07-29T23:00:00Z,67227.35000000,67264.01000000,66600.00000000,66784.69000000,1215.08884000
2024-07-30T00:00:00Z,66784.68000000,66862.45000000,65862.00000000,66610.00000000,2915.26069000
2024-07-30T01:00:00Z,66610.01000000,66886.00000000,66060.06000000,66211.33000000,1208.75036000
2024-07-30T02:00:00Z,66211.32000000,66477.80000000,65958.57000000,66418.01000000,1133.36375000
2024-07-30T03:00:00Z,66418.00000000,66680.00000000,66380.00000000,66610.00000000,732.36446000
2024-07-30T04:00:00Z,66610.00000000,66808.04000000,66533.14000000,66808.04000000,532.22539000
2024-07-30T05:00:00Z,66808.04000000,66808.04000000,66322.49000000,66484.01000000,729.74093000
2024-07-30T06:00:00Z,66484.01000000,66775.00000000,66464.17000000,66766.01000000,399.62507000
2024-07-30T07:00:00Z,66766.00000000,67000.00000000,66766.00000000,66952.00000000,834.68149000
2024-07-30T08:00:00Z,66952.00000000,66999.92000000,66712.00000000,66772.01000000,687.68717000
2024-07-30T09:00:00Z,66772.01000000,66900.56000000,66444.00000000,66608.01000000,562.09159000
2024-07-30T10:00:00Z,66608.01000000,66687.34000000,66404.53000000,66581.87000000,601.07358000
2024-07-30T11:00:00Z,66581.88000000,66720.00000000,66488.71000000,66574.01000000,476.42342000
2024-07-30T12:00:00Z,66574.00000000,66820.01000000,66233.07000000,66668.00000000,1202.54612000
2024-07-30T13:00:00Z,66668.01000000,66948.00000000,66332.61000000,66381.99000000,908.66387000
2024-07-30T14:00:00Z,66382.00000000,66449.99000000,65660.89000000,65810.00000000,2571.18005000
2024-07-30T15:00:00Z,65810.01000000,66332.01000000,65555.00000000,66216.01000000,1403.78889000
2024-07-30T16:00:00Z,66216.01000000,66550.01000000,66145.00000000,66180.01000000,629.10607000
2024-07-30T17:00:00Z,66180.02000000,66210.01000000,65684.68000000,65868.01000000,1013.37053000
2024-07-30T18:00:00Z,65868.01000000,66074.98000000,65600.00000000,65824.01000000,857.83946000
2024-07-30T19:00:00Z,65824.00000000,66008.01000000,65556.56000000,65931.02000000,950.33271000
2024-07-30T20:00:00Z,65931.03000000,66240.00000000,65302.67000000,66186.01000000,1780.27506000
2024-07-30T21:00:00Z,66186.00000000,66312.80000000,65942.00000000,66304.00000000,409.68569000
2024-07-30T22:00:00Z,66304.00000000,66356.89000000,66072.43000000,66222.00000000,379.01701000
2024-07-30T23:00:00Z,66222.00000000,66307.50000000,66130.00000000,66188.00000000,213.16105000
2024-07-31T00:00:00Z,66188.00000000,66413.00000000,65881.96000000,66344.00000000,619.04281000
2024-07-31T01:00:00Z,66344.01000000,66404.01000000,66104.00000000,66296.00000000,334.00952000
2024-07-31T02:00:00Z,66295.99000000,66413.28000000,66068.63000000,66122.16000000,399.73998000
2024-07-31T03:00:00Z,66122.17000000,66228.86000000,66026.12000000,66058.00000000,372.44784000
2024-07-31T04:00:00Z,66058.00000000,66092.00000000,65496.00000000,65804.00000000,899.70132000
2024-07-31T05:00:00Z,65804.00000000,66221.55000000,65578.51000000,66175.52000000,906.31705000
2024-07-31T06:00:00Z,66175.53000000,66554.40000000,66120.60000000,66459.99000000,1123.26462000
2024-07-31T07:00:00Z,66460.00000000,66527.11000000,66213.00000000,66224.00000000,447.50807000
2024-07-31T08:00:00Z,66224.00000000,66370.00000000,66044.00000000,66312.01000000,609.60851000
2024-07-31T09:00:00Z,66312.01000000,66374.01000000,66162.37000000,66262.00000000,347.22471000
2024-07-31T10:00:00Z,66262.01000000,66262.01000000,65954.54000000,65992.00000000,516.06956000
2024-07-31T11:00:00Z,65992.00000000,66144.00000000,65958.00000000,66094.01000000,356.84286000
2024-07-31T12:00:00Z,66094.01000000,66294.00000000,66000.00000000,66153.82000000,553.77911000
2024-07-31T13:00:00Z,66153.82000000,66849.24000000,66136.00000000,66508.00000000,1327.05883000
2024-07-31T14:00:00Z,66508.01000000,66733.02000000,65963.25000000,66440.00000000,1822.66459000
2024-07-31T15:00:00Z,66440.01000000,66560.01000000,66326.00000000,66379.99000000,663.87816000
2024-07-31T16:00:00Z,66379.99000000,66751.32000000,66287.87000000,66362.00000000,678.14956000
2024-07-31T17:00:00Z,66362.01000000,66836.30000000,66303.84000000,66686.00000000,716.24977000
2024-07-31T18:00:00Z,66686.01000000,66733.99000000,66138.00000000,66527.99000000,1237.29065000
2024-07-31T19:00:00Z,66527.99000000,66649.12000000,64957.14000000,65256.83000000,3777.68319000
2024-07-31T20:00:00Z,65256.83000000,65422.00000000,64543.57000000,64595.81000000,2050.40584000
2024-07-31T21:00:00Z,64595.81000000,65136.04000000,64530.00000000,64978.00000000,1450.50923000
2024-07-31T22:00:00Z,64978.00000000,65058.00000000,64634.00000000,64980.01000000,730.42884000
2024-07-31T23:00:00Z,64980.01000000,64996.00000000,64627.97000000,64628.00000000,685.56443000
2024-08-01T00:00:00Z,64628.01000000,64841.29000000,64316.55000000,64645.90000000,1271.22941000
2024-08-01T01:00:00Z,64645.90000000,64816.01000000,64099.00000000,64202.00000000,1394.76324000
2024-08-01T02:00:00Z,64202.00000000,64254.00000000,63900.00000000,64110.01000000,1829.24939000
2024-08-01T03:00:00Z,64110.00000000,64139.82000000,63750.00000000,63936.01000000,1273.19128000
2024-08-01T04:00:00Z,63936.01000000,64058.00000000,63613.33000000,63740.41000000,1258.10705000
2024-08-01T05:00:00Z,63740.41000000,64357.38000000,63584.00000000,64303.99000000,1574.31338000
2024-08-01T06:00:00Z,64304.00000000,64454.00000000,64124.00000000,64226.00000000,767.67304000
2024-08-01T07:00:00Z,64226.00000000,64488.00000000,64216.71000000,64328.59000000,507.42839000
2024-08-01T08:00:00Z,64328.60000000,64560.01000000,64310.00000000,64507.17000000,671.75258000
2024-08-01T09:00:00Z,64507.18000000,64701.41000000,64441.20000000,64466.00000000,741.11821000
2024-08-01T10:00:00Z,64466.01000000,64610.01000000,64299.87000000,64584.55000000,679.91455000
2024-08-01T11:00:00Z,64584.54000000,64690.00000000,64467.40000000,64674.25000000,562.26161000
2024-08-01T12:00:00Z,64674.26000000,64926.52000000,64634.89000000,64883.98000000,793.66658000
2024-08-01T13:00:00Z,64883.99000000,64949.58000000,64466.21000000,64754.03000000,824.85890000
2024-08-01T14:00:00Z,64754.02000000,64776.75000000,63928.10000000,63935.83000000,1520.44035000
2024-08-01T15:00:00Z,63935.83000000,63962.00000000,62666.07000000,62906.60000000,4867.57964000
2024-08-01T16:00:00Z,62907.44000000,63203.99000000,62652.55000000,62908.00000000,2247.41429000
2024-08-01T17:00:00Z,62908.01000000,63254.82000000,62302.00000000,63220.00000000,2830.78277000
2024-08-01T18:00:00Z,63220.00000000,63435.75000000,62811.26000000,62954.00000000,2268.81997000
2024-08-01T19:00:00Z,62953.99000000,63509.83000000,62944.01000000,63422.01000000,1194.87928000
2024-08-01T20:00:00Z,63422.01000000,64776.00000000,63336.61000000,64760.00000000,2346.97089000
2024-08-01T21:00:00Z,64760.01000000,65356.00000000,64628.01000000,64889.03000000,1718.44824000
2024-08-01T22:00:00Z,64889.04000000,65659.78000000,64869.49000000,65184.37000000,1352.78035000
2024-08-01T23:00:00Z,65184.37000000,65470.84000000,65000.00000000,65354.02000000,1044.62515000
2024-08-02T00:00:00Z,65354.02000000,65596.14000000,64895.83000000,64897.99000000,882.43436000
2024-08-02T01:00:00Z,64898.00000000,64898.00000000,64548.01000000,64647.99000000,936.14981000
2024-08-02T02:00:00Z,64648.00000000,64821.99000000,63668.00000000,64359.91000000,1590.23256000
2024-08-02T03:00:00Z,64359.92000000,64636.80000000,64246.00000000,64609.18000000,754.34259000
2024-08-02T04:00:00Z,64609.17000000,64655.17000000,64438.00000000,64531.99000000,490.12041000
2024-08-02T05:00:00Z,64531.98000000,64541.72000000,64078.00000000,64170.01000000,1001.77839000
2024-08-02T06:00:00Z,64170.01000000,64640.00000000,63807.29000000,64477.21000000,1386.59857000
2024-08-02T07:00:00Z,64477.22000000,64516.01000000,64124.87000000,64164.07000000,944.57984000
2024-08-02T08:00:00Z,64164.07000000,64610.00000000,64044.00000000,64598.01000000,1005.20836000
2024-08-02T09:00:00Z,64598.01000000,64618.75000000,64420.80000000,64511.99000000,560.78311000
2024-08-02T10:00:00Z,64512.00000000,64873.61000000,64350.00000000,64764.93000000,804.08820000
2024-08-02T11:00:00Z,64764.93000000,64974.00000000,64649.96000000,64660.01000000,932.49056000
2024-08-02T12:00:00Z,64660.01000000,64940.01000000,64118.60000000,64846.00000000,2278.09126000
2024-08-02T13:00:00Z,64846.00000000,65524.01000000,64558.15000000,65229.99000000,2709.88702000
2024-08-02T14:00:00Z,65229.99000000,65366.01000000,63102.00000000,63157.95000000,4724.50891000
2024-08-02T15:00:00Z,63157.95000000,63636.46000000,62432.90000000,63416.01000000,4670.33215000
2024-08-02T16:00:00Z,63416.00000000,63611.24000000,62964.41000000,63307.38000000,1657.67588000
2024-08-02T17:00:00Z,63307.39000000,63456.01000000,63066.00000000,63098.01000000,743.54298000
2024-08-02T18:00:00Z,63098.01000000,63220.00000000,62784.00000000,62898.25000000,1026.49958000
2024-08-02T19:00:00Z,62898.24000000,62981.56000000,62515.00000000,62633.57000000,1627.26837000
2024-08-02T20:00:00Z,62633.58000000,63187.26000000,62088.00000000,62622.01000000,2476.71591000
2024-08-02T21:00:00Z,62622.01000000,62736.01000000,61286.54000000,61987.01000000,2830.77006000
2024-08-02T22:00:00Z,61987.02000000,62250.00000000,61230.01000000,61386.01000000,1492.72604000
2024-08-02T23:00:00Z,61386.01000000,61782.00000000,61311.00000000,61498.33000000,1293.60445000
2024-08-03T00:00:00Z,61498.34000000,61725.78000000,60903.00000000,61132.01000000,2158.32562000
2024-08-03T01:00:00Z,61132.01000000,61390.12000000,60505.00000000,61342.01000000,2498.20118000
2024-08-03T02:00:00Z,61342.01000000,61614.00000000,61217.99000000,61450.01000000,1235.71624000
2024-08-03T03:00:00Z,61450.01000000,61975.00000000,61310.90000000,61895.99000000,1165.23343000
2024-08-03T04:00:00Z,61895.99000000,61981.43000000,61398.01000000,61566.25000000,674.61075000
2024-08-03T05:00:00Z,61566.26000000,61720.34000000,61512.00000000,61693.99000000,369.59368000
2024-08-03T06:00:00Z,61694.00000000,61847.11000000,61674.69000000,61827.89000000,391.96603000
2024-08-03T07:00:00Z,61827.89000000,61906.37000000,61618.70000000,61662.01000000,591.46276000
2024-08-03T08:00:00Z,61662.02000000,61740.60000000,61480.00000000,61629.68000000,536.12938000
2024-08-03T09:00:00Z,61629.68000000,61749.07000000,61457.89000000,61735.99000000,468.75911000
2024-08-03T10:00:00Z,61735.98000000,61885.90000000,61668.06000000,61822.01000000,462.84734000
2024-08-03T11:00:00Z,61822.01000000,62002.39000000,61785.51000000,61919.38000000,528.52742000
2024-08-03T12:00:00Z,61919.38000000,62198.22000000,61847.04000000,62002.71000000,824.67931000
2024-08-03T13:00:00Z,62002.71000000,62040.01000000,61844.49000000,62007.99000000,483.17523000
2024-08-03T14:00:00Z,62007.99000000,62173.01000000,61900.00000000,61990.00000000,522.43205000
2024-08-03T15:00:00Z,61990.00000000,62088.38000000,60833.33000000,60879.00000000,1851.06340000
2024-08-03T16:00:00Z,60879.01000000,61288.00000000,60387.00000000,60912.01000000,3779.61996000
2024-08-03T17:00:00Z,60912.01000000,61015.50000000,60450.00000000,60576.00000000,1471.63779000
2024-08-03T18:00:00Z,60575.99000000,60840.00000000,60174.54000000,60243.97000000,1887.75774000
2024-08-03T19:00:00Z,60243.97000000,60628.24000000,59920.00000000,60246.00000000,2092.03786000
2024-08-03T20:00:00Z,60246.01000000,60716.64000000,60158.00000000,60395.97000000,965.52159000
2024-08-03T21:00:00Z,60395.97000000,60849.93000000,59850.00000000,60648.00000000,1578.50839000
2024-08-03T22:00:00Z,60648.00000000,60765.00000000,60370.67000000,60629.84000000,597.64878000
2024-08-03T23:00:00Z,60629.85000000,60830.00000000,60380.00000000,60697.99000000,899.26063000
2024-08-04T00:00:00Z,60697.99000000,60814.16000000,60597.32000000,60747.00000000,612.35285000
2024-08-04T01:00:00Z,60747.00000000,60774.02000000,60320.00000000,60743.58000000,550.52464000
2024-08-04T02:00:00Z,60743.57000000,61117.63000000,60714.29000000,60886.95000000,879.07402000
2024-08-04T03:00:00Z,60886.96000000,60902.36000000,60692.00000000,60735.00000000,460.77491000
2024-08-04T04:00:00Z,60735.00000000,60792.47000000,60546.67000000,60564.12000000,399.81815000
2024-08-04T05:00:00Z,60564.12000000,60938.54000000,60542.50000000,60792.00000000,468.34097000
2024-08-04T06:00:00Z,60792.00000000,60871.50000000,60714.60000000,60819.61000000,284.28564000
2024-08-04T07:00:00Z,60819.60000000,60830.00000000,60260.00000000,60373.99000000,819.82285000
2024-08-04T08:00:00Z,60374.00000000,60666.00000000,60081.57000000,60565.41000000,862.41634000
2024-08-04T09:00:00Z,60566.00000000,60740.00000000,60504.00000000,60708.00000000,332.05825000
2024-08-04T10:00:00Z,60708.00000000,60828.70000000,60529.08000000,60812.01000000,494.27022000
2024-08-04T11:00:00Z,60812.01000000,61000.00000000,60779.00000000,60896.00000000,491.41428000
2024-08-04T12:00:00Z,60896.00000000,61097.55000000,60800.00000000,61062.00000000,451.93334000
2024-08-04T13:00:00Z,61062.00000000,61089.36000000,60822.00000000,60822.01000000,429.99502000
2024-08-04T14:00:00Z,60822.01000000,60876.00000000,59317.00000000,59586.70000000,3573.41697000
2024-08-04T15:00:00Z,59586.69000000,59600.00000000,58960.00000000,59086.01000000,2940.33636000
2024-08-04T16:00:00Z,59086.01000000,59314.57000000,58621.00000000,58663.90000000,2156.62874000
2024-08-04T17:00:00Z,58663.90000000,58750.00000000,57122.77000000,57864.43000000,5593.91789000
2024-08-04T18:00:00Z,57864.43000000,58930.58000000,57748.85000000,58770.60000000,2855.09279000
2024-08-04T19:00:00Z,58770.60000000,59497.21000000,58530.80000000,59257.66000000,2334.95061000
2024-08-04T20:00:00Z,59257.67000000,59583.00000000,58850.39000000,59158.00000000,1086.95356000
2024-08-04T21:00:00Z,59158.01000000,59163.52000000,58357.15000000,58459.98000000,1164.75251000
2024-08-04T22:00:00Z,58459.98000000,59133.33000000,58392.21000000,58715.83000000,1092.08800000
2024-08-04T23:00:00Z,58715.83000000,58762.01000000,58001.81000000,58161.00000000,1281.30112000
2024-08-05T00:00:00Z,58161.00000000,58305.59000000,55701.00000000,56174.02000000,6366.26136000
2024-08-05T01:00:00Z,56174.01000000,56294.00000000,52300.17000000,54432.65000000,18291.93944000
2024-08-05T02:00:00Z,54432.65000000,54720.00000000,53600.00000000,54697.98000000,7647.89590000
2024-08-05T03:00:00Z,54697.98000000,54713.99000000,53797.14000000,53890.87000000,3830.36560000
2024-08-05T04:00:00Z,53890.87000000,54576.71000000,53394.01000000,53528.01000000,4506.48269000
2024-08-05T05:00:00Z,53526.01000000,53856.05000000,52300.00000000,52718.00000000,9486.11842000
2024-08-05T06:00:00Z,52717.99000000,52994.28000000,49000.00000000,51588.00000000,20888.72287000
2024-08-05T07:00:00Z,51588.00000000,53088.22000000,51356.02000000,52674.19000000,8503.60672000
2024-08-05T08:00:00Z,52674.20000000,53218.37000000,52288.00000000,52752.00000000,5272.69477000
2024-08-05T09:00:00Z,52752.00000000,52935.63000000,51750.01000000,52667.80000000,3568.47028000
2024-08-05T10:00:00Z,52667.80000000,52667.80000000,50671.66000000,51386.00000000,5666.36487000
2024-08-05T11:00:00Z,51384.00000000,51899.99000000,50633.47000000,51340.00000000,4715.94005000
2024-08-05T12:00:00Z,51340.00000000,51542.00000000,49542.83000000,49804.00000000,10310.06291000
2024-08-05T13:00:00Z,49804.01000000,52534.09000000,49599.90000000,51951.00000000,11920.84778000
2024-08-05T14:00:00Z,51951.01000000,54516.01000000,51951.01000000,54061.68000000,11347.47221000
2024-08-05T15:00:00Z,54061.67000000,54980.00000000,53500.00000000,54321.09000000,6182.10967000
2024-08-05T16:00:00Z,54321.08000000,55600.00000000,54034.00000000,54039.11000000,5846.92743000
2024-08-05T17:00:00Z,54039.11000000,55068.42000000,53767.48000000,54707.99000000,3352.59724000
2024-08-05T18:00:00Z,54708.00000000,54717.14000000,53000.00000000,53096.84000000,3324.36066000
2024-08-05T19:00:00Z,53096.85000000,53601.00000000,52555.00000000,53470.09000000,3753.87523000
2024-08-05T20:00:00Z,53470.08000000,54404.00000000,53462.00000000,54393.85000000,2144.05024000
2024-08-05T21:00:00Z,54393.85000000,55200.00000000,54272.00000000,54372.01000000,1946.64283000
2024-08-05T22:00:00Z,54372.00000000,54971.00000000,54206.09000000,54695.87000000,1482.40313000
2024-08-05T23:00:00Z,54695.87000000,55082.00000000,53876.47000000,54018.81000000,1709.37956000
2024-08-06T00:00:00Z,54018.82000000,56064.21000000,53950.00000000,56038.00000000,4020.21665000
2024-08-06T01:00:00Z,56037.99000000,56276.00000000,55436.00000000,55723.98000000,2935.50989000
2024-08-06T02:00:00Z,55723.99000000,56064.00000000,55628.44000000,55845.44000000,2144.92755000
2024-08-06T03:00:00Z,55845.44000000,55888.00000000,55471.50000000,55665.73000000,1405.99110000
2024-08-06T04:00:00Z,55665.73000000,55760.00000000,55255.00000000,55493.98000000,1633.25285000
2024-08-06T05:00:00Z,55493.97000000,55999.00000000,55257.82000000,55925.97000000,1722.28213000
2024-08-06T06:00:00Z,55925.96000000,56050.00000000,55535.69000000,55782.00000000,2232.18355000
2024-08-06T07:00:00Z,55782.00000000,56169.48000000,55458.00000000,55999.99000000,2142.87168000
2024-08-06T08:00:00Z,55998.02000000,56122.00000000,54600.01000000,54992.00000000,3660.95326000
2024-08-06T09:00:00Z,54992.01000000,55309.54000000,54602.21000000,55211.99000000,2763.88727000
2024-08-06T10:00:00Z,55211.98000000,55440.47000000,54879.25000000,55062.00000000,1473.76294000
2024-08-06T11:00:00Z,55062.00000000,55400.85000000,54868.36000000,55210.01000000,1488.38598000
2024-08-06T12:00:00Z,55210.00000000,55468.00000000,54677.49000000,54772.01000000,2140.16498000
2024-08-06T13:00:00Z,54772.01000000,55438.03000000,54371.94000000,55204.00000000,3421.11371000
2024-08-06T14:00:00Z,55203.99000000,56605.55000000,55152.00000000,56132.01000000,6015.81670000
2024-08-06T15:00:00Z,56132.01000000,56429.98000000,55735.00000000,56405.99000000,2155.87056000
2024-08-06T16:00:00Z,56405.99000000,56899.00000000,56234.80000000,56775.52000000,3029.81314000
2024-08-06T17:00:00Z,56775.51000000,56988.83000000,56487.17000000,56494.00000000,2411.99491000
2024-08-06T18:00:00Z,56492.01000000,57040.99000000,56356.00000000,56729.99000000,1969.44663000
2024-08-06T19:00:00Z,56730.00000000,56878.00000000,56312.66000000,56765.48000000,1416.02875000
2024-08-06T20:00:00Z,56769.98000000,56850.48000000,56172.09000000,56541.99000000,1551.33085000
2024-08-06T21:00:00Z,56542.00000000,56632.00000000,56090.69000000,56458.01000000,977.63530000
2024-08-06T22:00:00Z,56458.00000000,56935.56000000,55942.02000000,56200.26000000,1874.33722000
2024-08-06T23:00:00Z,56200.26000000,56416.46000000,55800.00000000,56022.01000000,1296.99916000
2024-08-07T00:00:00Z,56022.00000000,56375.00000000,55557.88000000,56269.99000000,1727.99543000
2024-08-07T01:00:00Z,56270.00000000,57000.00000000,55782.00000000,56965.99000000,1878.60068000
2024-08-07T02:00:00Z,56965.99000000,57287.99000000,56501.00000000,56762.01000000,2274.53901000
2024-08-07T03:00:00Z,56762.01000000,56980.62000000,56590.00000000,56862.00000000,875.41298000
2024-08-07T04:00:00Z,56862.01000000,57250.00000000,56750.00000000,57048.02000000,1671.15949000
2024-08-07T05:00:00Z,57048.02000000,57246.23000000,56704.00000000,56796.01000000,1465.85788000
2024-08-07T06:00:00Z,56796.01000000,56996.00000000,56692.39000000,56838.57000000,1094.48522000
2024-08-07T07:00:00Z,56838.58000000,57091.57000000,56544.70000000,56920.91000000,1215.73729000
2024-08-07T08:00:00Z,56920.91000000,57448.90000000,56871.44000000,57348.00000000,1496.95967000
2024-08-07T09:00:00Z,57348.00000000,57669.00000000,57170.90000000,57350.01000000,2015.58278000
2024-08-07T10:00:00Z,57350.01000000,57736.05000000,57255.10000000,57323.00000000,1172.75864000
2024-08-07T11:00:00Z,57322.99000000,57372.01000000,56870.39000000,56963.38000000,1916.02762000
2024-08-07T12:00:00Z,56963.39000000,57341.38000000,56812.00000000,57292.00000000,1773.60438000
2024-08-07T13:00:00Z,57292.00000000,57479.60000000,56710.50000000,56834.00000000,2150.98919000
2024-08-07T14:00:00Z,56832.06000000,56988.00000000,55650.00000000,56085.83000000,4134.20562000
2024-08-07T15:00:00Z,56085.83000000,56400.00000000,55768.50000000,56094.50000000,1946.88224000
2024-08-07T16:00:00Z,56094.51000000,56290.42000000,55800.03000000,56125.47000000,1771.89960000
2024-08-07T17:00:00Z,56125.48000000,56300.00000000,55435.00000000,55570.59000000,2350.11275000
2024-08-07T18:00:00Z,55570.59000000,55623.48000000,54676.35000000,54805.01000000,3462.66481000
2024-08-07T19:00:00Z,54805.01000000,55152.15000000,54682.36000000,54759.22000000,1821.81006000
2024-08-07T20:00:00Z,54760.97000000,55297.46000000,54643.02000000,55141.31000000,2085.03326000
2024-08-07T21:00:00Z,55141.31000000,55566.24000000,54868.95000000,55416.00000000,1363.98910000
2024-08-07T22:00:00Z,55416.00000000,55464.32000000,54558.62000000,55284.01000000,1743.64068000
2024-08-07T23:00:00Z,55284.00000000,55434.57000000,54926.97000000,55134.16000000,859.42846000
2024-08-08T00:00:00Z,55133.76000000,55370.07000000,54730.00000000,55300.00000000,1305.09221000
2024-08-08T01:00:00Z,55300.00000000,57381.36000000,55270.35000000,56868.00000000,4003.00881000
2024-08-08T02:00:00Z,56868.00000000,57636.36000000,56822.00000000,57364.00000000,2063.72332000
2024-08-08T03:00:00Z,57364.00000000,57636.35000000,57046.00000000,57049.74000000,1275.97754000
2024-08-08T04:00:00Z,57049.74000000,57234.11000000,56670.47000000,56765.34000000,1051.42972000
2024-08-08T05:00:00Z,56765.35000000,57019.62000000,56714.52000000,56955.62000000,695.37757000
2024-08-08T06:00:00Z,56955.62000000,57352.13000000,56794.35000000,57216.00000000,851.93145000
2024-08-08T07:00:00Z,57216.00000000,57434.35000000,57122.00000000,57193.49000000,1072.16338000
2024-08-08T08:00:00Z,57193.48000000,57382.51000000,57100.69000000,57230.00000000,936.47776000
2024-08-08T09:00:00Z,57230.00000000,57495.00000000,56978.52000000,57339.19000000,882.70365000
2024-08-08T10:00:00Z,57339.20000000,57558.00000000,57197.43000000,57377.09000000,1024.38947000
2024-08-08T11:00:00Z,57377.10000000,57670.04000000,57252.11000000,57320.51000000,845.35727000
2024-08-08T12:00:00Z,57320.51000000,58486.02000000,57000.00000000,57924.62000000,4026.90433000
2024-08-08T13:00:00Z,57924.63000000,58255.00000000,56700.00000000,57266.73000000,3143.35857000
2024-08-08T14:00:00Z,57266.73000000,58998.98000000,57168.71000000,58922.25000000,3376.24767000
2024-08-08T15:00:00Z,58922.25000000,59505.00000000,58640.00000000,59428.03000000,3768.91338000
2024-08-08T16:00:00Z,59428.03000000,59863.00000000,59354.45000000,59568.56000000,3443.04468000
2024-08-08T17:00:00Z,59568.57000000,59854.53000000,59272.21000000,59469.88000000,1207.73852000
2024-08-08T18:00:00Z,59469.89000000,59696.44000000,59317.89000000,59328.09000000,781.71579000
2024-08-08T19:00:00Z,59328.10000000,59819.60000000,59237.59000000,59414.51000000,1317.07769000
2024-08-08T20:00:00Z,59414.52000000,59683.50000000,59297.34000000,59506.29000000,616.80621000
2024-08-08T21:00:00Z,59506.30000000,61355.66000000,59500.00000000,61173.69000000,2520.68689000
2024-08-08T22:00:00Z,61170.44000000,62530.00000000,60621.22000000,62332.00000000,4551.00737000
2024-08-08T23:00:00Z,62332.00000000,62745.14000000,61583.22000000,61685.99000000,3588.39624000
2024-08-09T00:00:00Z,61686.00000000,61744.37000000,61086.95000000,61214.00000000,2033.42760000
2024-08-09T01:00:00Z,61214.01000000,61550.08000000,60720.00000000,61400.00000000,1766.56142000
2024-08-09T02:00:00Z,61400.00000000,61461.03000000,61147.88000000,61235.51000000,829.95324000
2024-08-09T03:00:00Z,61235.51000000,61573.27000000,61171.86000000,61358.39000000,743.62787000
2024-08-09T04:00:00Z,61358.39000000,61390.70000000,60720.00000000,60720.01000000,1063.85453000
2024-08-09T05:00:00Z,60720.01000000,60998.00000000,60588.63000000,60989.00000000,981.14947000
2024-08-09T06:00:00Z,60988.99000000,61113.50000000,60734.87000000,60890.01000000,1032.32739000
2024-08-09T07:00:00Z,60890.01000000,61225.00000000,60750.52000000,60863.57000000,1398.19774000
2024-08-09T08:00:00Z,60863.58000000,61110.96000000,60600.34000000,61095.73000000,896.53055000
2024-08-09T09:00:00Z,61095.73000000,61210.31000000,60718.21000000,60759.99000000,852.39900000
2024-08-09T10:00:00Z,60760.00000000,60847.99000000,60170.16000000,60600.01000000,1726.08072000
2024-08-09T11:00:00Z,60600.01000000,60797.75000000,60362.29000000,60655.24000000,763.44060000
2024-08-09T12:00:00Z,60655.25000000,60800.00000000,60236.00000000,60551.99000000,922.51907000
2024-08-09T13:00:00Z,60551.99000000,60757.83000000,59800.00000000,60450.01000000,2863.87359000
2024-08-09T14:00:00Z,60450.02000000,61115.11000000,59535.00000000,60341.07000000,3519.45144000
2024-08-09T15:00:00Z,60346.98000000,60587.24000000,59800.00000000,59810.23000000,1450.52956000
2024-08-09T16:00:00Z,59810.24000000,60450.00000000,59700.00000000,60432.65000000,1358.31729000
2024-08-09T17:00:00Z,60432.65000000,60747.53000000,60153.01000000,60197.50000000,1038.11949000
2024-08-09T18:00:00Z,60197.50000000,60368.42000000,59835.38000000,60314.23000000,780.72783000
2024-08-09T19:00:00Z,60314.23000000,60750.00000000,60116.00000000,60681.42000000,617.44285000
2024-08-09T20:00:00Z,60681.79000000,60986.03000000,60526.66000000,60745.96000000,669.71140000
2024-08-09T21:00:00Z,60745.96000000,60866.65000000,59909.16000000,60732.01000000,1565.30947000
2024-08-09T22:00:00Z,60732.00000000,60985.00000000,60289.53000000,60763.58000000,1477.45761000
2024-08-09T23:00:00Z,60763.59000000,60927.95000000,60348.74000000,60837.99000000,621.47044000
2024-08-10T00:00:00Z,60837.99000000,61470.58000000,60495.56000000,60541.92000000,1556.31119000
2024-08-10T01:00:00Z,60541.91000000,60963.00000000,60459.00000000,60464.00000000,563.14449000
2024-08-10T02:00:00Z,60464.01000000,60723.18000000,60287.51000000,60536.25000000,368.11379000
2024-08-10T03:00:00Z,60536.25000000,60536.25000000,60266.03000000,60437.84000000,378.50579000
2024-08-10T04:00:00Z,60437.85000000,60440.01000000,60242.00000000,60413.49000000,280.85729000
2024-08-10T05:00:00Z,60413.50000000,60469.50000000,60330.32000000,60355.46000000,206.02393000
2024-08-10T06:00:00Z,60355.46000000,60510.54000000,60330.00000000,60458.00000000,233.86317000
2024-08-10T07:00:00Z,60458.01000000,60851.91000000,60458.01000000,60842.00000000,431.74440000
2024-08-10T08:00:00Z,60842.01000000,60900.43000000,60601.96000000,60733.58000000,418.89183000
2024-08-10T09:00:00Z,60733.59000000,61116.65000000,60733.58000000,60896.50000000,553.67133000
2024-08-10T10:00:00Z,60896.50000000,61010.52000000,60646.00000000,60788.01000000,359.54332000
2024-08-10T11:00:00Z,60788.01000000,61008.00000000,60757.62000000,60920.88000000,286.13876000
2024-08-10T12:00:00Z,60920.88000000,60949.99000000,60717.03000000,60722.81000000,269.99280000
2024-08-10T13:00:00Z,60722.82000000,60744.00000000,60425.00000000,60431.56000000,497.16695000
2024-08-10T14:00:00Z,60431.57000000,60676.55000000,60400.00000000,60585.38000000,273.35051000
2024-08-10T15:00:00Z,60585.39000000,60750.00000000,60504.11000000,60515.89000000,488.96677000
2024-08-10T16:00:00Z,60515.90000000,60709.99000000,60400.00000000,60672.59000000,446.95026000
2024-08-10T17:00:00Z,60672.59000000,60860.92000000,60549.31000000,60767.80000000,313.43030000
2024-08-10T18:00:00Z,60767.81000000,61196.63000000,60735.28000000,60953.38000000,775.52259000
2024-08-10T19:00:00Z,60954.00000000,61140.00000000,60840.57000000,61016.45000000,253.54530000
2024-08-10T20:00:00Z,61016.44000000,61108.74000000,60902.07000000,60986.19000000,309.43002000
2024-08-10T21:00:00Z,60986.19000000,61160.00000000,60966.00000000,61075.99000000,298.59789000
2024-08-10T22:00:00Z,61076.00000000,61076.00000000,60884.89000000,60930.27000000,189.99957000
2024-08-10T23:00:00Z,60930.27000000,60940.72000000,60757.39000000,60923.51000000,241.44396000
2024-08-11T00:00:00Z,60923.51000000,61243.99000000,60892.00000000,61095.15000000,435.48691000
2024-08-11T01:00:00Z,61095.16000000,61160.91000000,60949.27000000,61112.10000000,181.78631000
2024-08-11T02:00:00Z,61112.11000000,61133.72000000,60977.95000000,61026.78000000,181.28199000
2024-08-11T03:00:00Z,61026.77000000,61382.73000000,61023.99000000,61085.01000000,598.83815000
2024-08-11T04:00:00Z,61085.01000000,61145.82000000,60881.36000000,60895.99000000,365.86583000
2024-08-11T05:00:00Z,60895.99000000,61150.00000000,60882.04000000,61114.29000000,215.58465000
2024-08-11T06:00:00Z,61114.29000000,61163.90000000,61013.49000000,61120.01000000,214.18786000
2024-08-11T07:00:00Z,61120.01000000,61271.43000000,61092.85000000,61257.00000000,418.10258000
2024-08-11T08:00:00Z,61257.00000000,61426.97000000,61158.00000000,61260.42000000,456.03453000
2024-08-11T09:00:00Z,61260.43000000,61858.00000000,61001.01000000,61110.00000000,1468.80283000
2024-08-11T10:00:00Z,61110.00000000,61263.14000000,60946.11000000,61037.63000000,453.80554000
2024-08-11T11:00:00Z,61037.64000000,61063.02000000,60425.00000000,60669.15000000,1157.15861000
2024-08-11T12:00:00Z,60669.14000000,60700.00000000,60228.21000000,60492.09000000,749.08490000
2024-08-11T13:00:00Z,60492.10000000,60640.94000000,60167.22000000,60457.54000000,848.62677000
2024-08-11T14:00:00Z,60457.54000000,60761.09000000,60200.00000000,60350.00000000,1217.30715000
2024-08-11T15:00:00Z,60350.00000000,60431.58000000,59941.00000000,60127.29000000,1191.69278000
2024-08-11T16:00:00Z,60127.29000000,60288.01000000,59986.00000000,60182.20000000,520.32464000
2024-08-11T17:00:00Z,60182.20000000,60350.00000000,60015.38000000,60265.07000000,578.88609000
2024-08-11T18:00:00Z,60265.07000000,60345.88000000,60117.06000000,60263.11000000,309.49821000
2024-08-11T19:00:00Z,60263.11000000,60274.94000000,59542.57000000,59621.11000000,1189.87128000
2024-08-11T20:00:00Z,59621.11000000,59674.38000000,58286.73000000,58504.92000000,3007.44807000
2024-08-11T21:00:00Z,58504.91000000,59087.00000000,58317.00000000,59009.80000000,1293.05151000
2024-08-11T22:00:00Z,59009.79000000,59349.04000000,58525.08000000,58996.00000000,1493.92484000
2024-08-11T23:00:00Z,58996.01000000,59021.66000000,58700.01000000,58712.59000000,643.19309000
2024-08-12T00:00:00Z,58712.59000000,59088.33000000,58100.06000000,58450.00000000,1616.54316000
2024-08-12T01:00:00Z,58450.01000000,58798.69000000,58278.46000000,58584.01000000,1026.68937000
2024-08-12T02:00:00Z,58584.02000000,58760.45000000,58310.00000000,58717.25000000,814.94993000
2024-08-12T03:00:00Z,58717.24000000,58818.78000000,58443.76000000,58509.50000000,637.80901000
2024-08-12T04:00:00Z,58509.50000000,58680.00000000,58363.08000000,58523.83000000,506.04350000
2024-08-12T05:00:00Z,58523.83000000,58693.02000000,58400.00000000,58571.57000000,563.38187000
2024-08-12T06:00:00Z,58571.57000000,58638.00000000,58124.15000000,58403.76000000,885.13655000
2024-08-12T07:00:00Z,58403.76000000,58984.85000000,57642.21000000,58674.61000000,2546.67432000
2024-08-12T08:00:00Z,58674.62000000,59025.66000000,58240.51000000,58317.43000000,1398.97397000
2024-08-12T09:00:00Z,58317.43000000,58636.36000000,58163.01000000,58296.67000000,1062.50945000
2024-08-12T10:00:00Z,58296.68000000,58994.98000000,58125.75000000,58969.60000000,1221.94893000
2024-08-12T11:00:00Z,58969.60000000,59990.00000000,58881.01000000,59851.70000000,2920.53333000
2024-08-12T12:00:00Z,59851.71000000,59942.69000000,59518.26000000,59728.23000000,1246.54844000
2024-08-12T13:00:00Z,59728.24000000,59876.90000000,58000.00000000,58157.55000000,2828.61707000
2024-08-12T14:00:00Z,58157.55000000,60711.09000000,57800.00000000,60299.98000000,5156.24546000
2024-08-12T15:00:00Z,60299.99000000,60510.20000000,59230.00000000,60207.37000000,2847.64813000
2024-08-12T16:00:00Z,60207.38000000,60420.34000000,59555.56000000,59608.06000000,1522.45273000
2024-08-12T17:00:00Z,59608.07000000,59919.69000000,59255.83000000,59296.11000000,1335.69510000
2024-08-12T18:00:00Z,59296.12000000,59490.00000000,58440.54000000,58526.78000000,1497.27827000
2024-08-12T19:00:00Z,58527.91000000,59300.88000000,58527.91000000,59043.98000000,1285.57015000
2024-08-12T20:00:00Z,59043.99000000,59389.48000000,58723.58000000,58841.96000000,1387.47948000
2024-08-12T21:00:00Z,58841.96000000,59223.47000000,58555.26000000,58969.44000000,1063.92021000
2024-08-12T22:00:00Z,58969.45000000,59258.73000000,58849.44000000,59051.68000000,624.69274000
2024-08-12T23:00:00Z,59051.67000000,59745.99000000,59024.01000000,59346.64000000,1012.57626000
2024-08-13T00:00:00Z,59346.64000000,59890.62000000,59275.86000000,59798.17000000,1038.08536000
2024-08-13T01:00:00Z,59798.18000000,59923.28000000,59466.34000000,59740.00000000,684.04808000
2024-08-13T02:00:00Z,59740.00000000,59782.71000000,59269.85000000,59481.99000000,891.59566000
2024-08-13T03:00:00Z,59482.00000000,59520.00000000,58846.95000000,59040.00000000,1691.63708000
2024-08-13T04:00:00Z,59040.00000000,59250.00000000,58830.23000000,59219.99000000,623.38342000
2024-08-13T05:00:00Z,59219.99000000,59359.99000000,59104.61000000,59211.99000000,355.46625000
2024-08-13T06:00:00Z,59212.00000000,59476.00000000,58947.75000000,59368.00000000,709.80360000
2024-08-13T07:00:00Z,59367.99000000,59457.34000000,59059.82000000,59238.05000000,892.07753000
2024-08-13T08:00:00Z,59238.05000000,59331.99000000,58919.86000000,59099.98000000,830.40486000
2024-08-13T09:00:00Z,59099.99000000,59103.99000000,58700.75000000,58946.01000000,1036.08791000
2024-08-13T10:00:00Z,58946.01000000,58969.44000000,58392.88000000,58672.10000000,1000.16405000
2024-08-13T11:00:00Z,58672.09000000,58904.00000000,58563.99000000,58830.00000000,509.25128000
2024-08-13T12:00:00Z,58830.01000000,59190.00000000,58709.57000000,59124.00000000,1412.37442000
2024-08-13T13:00:00Z,59124.00000000,59427.74000000,58819.30000000,59395.25000000,1623.46914000
2024-08-13T14:00:00Z,59395.25000000,59776.70000000,58996.81000000,59643.63000000,1801.20013000
2024-08-13T15:00:00Z,59643.63000000,59729.84000000,59352.36000000,59472.26000000,849.07557000
2024-08-13T16:00:00Z,59472.25000000,61171.86000000,59446.22000000,61157.59000000,3358.11036000
2024-08-13T17:00:00Z,61157.60000000,61578.10000000,60904.84000000,61167.58000000,2978.69513000
2024-08-13T18:00:00Z,61167.58000000,61214.95000000,60761.91000000,60795.41000000,1316.92837000
2024-08-13T19:00:00Z,60795.40000000,60969.39000000,60243.77000000,60820.15000000,1688.73237000
2024-08-13T20:00:00Z,60820.16000000,60975.00000000,60566.37000000,60569.14000000,649.17304000
2024-08-13T21:00:00Z,60569.15000000,61138.87000000,60505.98000000,61030.03000000,693.13710000
2024-08-13T22:00:00Z,61030.04000000,61065.46000000,60455.00000000,60585.14000000,829.87139000
2024-08-13T23:00:00Z,60585.14000000,60611.94000000,60389.75000000,60587.15000000,396.18641000
2024-08-14T00:00:00Z,60587.16000000,60855.27000000,60425.01000000,60786.85000000,538.59458000
2024-08-14T01:00:00Z,60786.85000000,60826.24000000,60520.40000000,60520.40000000,532.10853000
2024-08-14T02:00:00Z,60520.41000000,60842.00000000,60487.89000000,60805.49000000,456.59945000
2024-08-14T03:00:00Z,60805.50000000,61302.88000000,60805.49000000,60952.83000000,844.47854000
2024-08-14T04:00:00Z,60952.83000000,61162.20000000,60895.02000000,60943.51000000,595.37832000
2024-08-14T05:00:00Z,60943.52000000,61087.98000000,60796.00000000,60834.64000000,370.78279000
2024-08-14T06:00:00Z,60834.64000000,60913.68000000,60637.30000000,60861.50000000,580.39760000
2024-08-14T07:00:00Z,60861.50000000,60940.00000000,60700.00000000,60914.02000000,273.53209000
2024-08-14T08:00:00Z,60914.02000000,60931.46000000,60640.40000000,60896.00000000,633.08007000
2024-08-14T09:00:00Z,60896.00000000,60980.01000000,60818.99000000,60857.21000000,726.23432000
2024-08-14T10:00:00Z,60856.85000000,61325.32000000,60839.00000000,61100.00000000,1109.73240000
2024-08-14T11:00:00Z,61100.00000000,61453.00000000,60891.56000000,61296.87000000,1006.62214000
2024-08-14T12:00:00Z,61296.88000000,61800.00000000,60846.53000000,61064.53000000,3076.76024000
2024-08-14T13:00:00Z,61064.52000000,61171.14000000,59473.36000000,59611.92000000,3404.21123000
2024-08-14T14:00:00Z,59611.93000000,59621.94000000,58823.52000000,59502.67000000,4124.81255000
2024-08-14T15:00:00Z,59502.67000000,59841.73000000,58903.01000000,59435.69000000,2893.21630000
2024-08-14T16:00:00Z,59435.69000000,59451.53000000,58615.06000000,59131.99000000,2045.95643000
2024-08-14T17:00:00Z,59131.99000000,59379.51000000,59039.47000000,59168.36000000,1043.58426000
2024-08-14T18:00:00Z,59168.37000000,59462.61000000,58809.00000000,58990.05000000,1024.74483000
2024-08-14T19:00:00Z,58990.04000000,59120.09000000,58710.02000000,58891.13000000,810.39795000
2024-08-14T20:00:00Z,58891.13000000,59183.99000000,58880.51000000,59149.16000000,513.16696000
2024-08-14T21:00:00Z,59149.15000000,59156.00000000,58869.74000000,58913.56000000,404.08382000
2024-08-14T22:00:00Z,58913.57000000,59011.49000000,58433.18000000,58986.00000000,948.67809000
2024-08-14T23:00:00Z,58985.99000000,59022.50000000,58673.81000000,58683.39000000,465.60977000
2024-08-15T00:00:00Z,58683.39000000,59040.89000000,58678.00000000,58993.99000000,652.16711000
2024-08-15T01:00:00Z,58994.00000000,59044.44000000,58135.20000000,58204.93000000,1384.77004000
2024-08-15T02:00:00Z,58204.93000000,58562.61000000,58010.00000000,58412.25000000,2459.79333000
2024-08-15T03:00:00Z,58412.75000000,58494.74000000,58350.00000000,58442.98000000,503.56200000
2024-08-15T04:00:00Z,58442.99000000,58471.00000000,58160.00000000,58388.71000000,687.66513000
2024-08-15T05:00:00Z,58388.72000000,58639.00000000,58188.29000000,58315.01000000,747.54161000
2024-08-15T06:00:00Z,58315.01000000,58390.00000000,57847.32000000,58101.44000000,1550.94234000
2024-08-15T07:00:00Z,58101.44000000,58149.00000000,57713.88000000,58060.37000000,1156.56805000
2024-08-15T08:00:00Z,58060.36000000,58390.21000000,57964.85000000,58378.30000000,1024.07628000
2024-08-15T09:00:00Z,58378.30000000,58551.87000000,58305.14000000,58412.64000000,864.04001000
2024-08-15T10:00:00Z,58412.64000000,58543.25000000,58298.60000000,58361.90000000,620.74430000
2024-08-15T11:00:00Z,58361.90000000,58872.85000000,58354.53000000,58745.36000000,836.78188000
2024-08-15T12:00:00Z,58745.36000000,59387.11000000,58607.86000000,58800.26000000,2158.36080000
2024-08-15T13:00:00Z,58800.26000000,59477.00000000,58532.42000000,59451.34000000,1905.33986000
2024-08-15T14:00:00Z,59451.33000000,59743.13000000,59210.48000000,59416.35000000,2073.10429000
2024-08-15T15:00:00Z,59416.36000000,59787.37000000,59261.61000000,59682.84000000,1586.27247000
2024-08-15T16:00:00Z,59682.85000000,59849.38000000,59428.57000000,59538.01000000,1358.43935000
2024-08-15T17:00:00Z,59538.01000000,59547.96000000,58782.90000000,58875.10000000,1484.03158000
2024-08-15T18:00:00Z,58875.10000000,58878.15000000,57524.56000000,57872.82000000,3577.73998000
2024-08-15T19:00:00Z,57872.82000000,57963.04000000,56680.00000000,57047.46000000,4014.49421000
2024-08-15T20:00:00Z,57046.34000000,57133.02000000,56078.54000000,56671.06000000,2541.61631000
2024-08-15T21:00:00Z,56671.06000000,57632.34000000,56606.12000000,57622.21000000,1722.38505000
2024-08-15T22:00:00Z,57622.21000000,57885.00000000,57382.90000000,57617.36000000,1824.12623000
2024-08-15T23:00:00Z,57617.35000000,57824.46000000,57484.54000000,57541.06000000,951.61401000
2024-08-16T00:00:00Z,57541.05000000,57673.80000000,57355.00000000,57469.99000000,1048.25626000
2024-08-16T01:00:00Z,57469.99000000,57616.00000000,57098.62000000,57540.96000000,646.17641000
2024-08-16T02:00:00Z,57540.97000000,58517.47000000,57336.00000000,58199.99000000,1557.25516000
2024-08-16T03:00:00Z,58199.98000000,58237.31000000,57801.00000000,57890.00000000,894.93645000
2024-08-16T04:00:00Z,57890.00000000,58313.16000000,57800.47000000,58309.99000000,894.61517000
2024-08-16T05:00:00Z,58310.00000000,58350.45000000,58122.95000000,58196.01000000,402.70872000
2024-08-16T06:00:00Z,58196.01000000,58666.77000000,58059.73000000,58527.59000000,1113.53338000
2024-08-16T07:00:00Z,58528.70000000,58562.97000000,58325.10000000,58456.99000000,833.49962000
2024-08-16T08:00:00Z,58456.99000000,58600.00000000,58327.99000000,58360.00000000,495.81746000
2024-08-16T09:00:00Z,58360.01000000,58683.47000000,58258.52000000,58672.51000000,789.20778000
2024-08-16T10:00:00Z,58672.51000000,58672.76000000,58300.00000000,58433.95000000,502.53949000
2024-08-16T11:00:00Z,58433.95000000,58625.56000000,58218.71000000,58400.00000000,663.19096000
2024-08-16T12:00:00Z,58400.00000000,58509.95000000,57526.31000000,57868.13000000,1989.47459000
2024-08-16T13:00:00Z,57868.80000000,58915.18000000,57750.00000000,58343.66000000,3043.10126000
2024-08-16T14:00:00Z,58343.65000000,58472.87000000,57861.99000000,58018.86000000,2012.59046000
2024-08-16T15:00:00Z,58018.85000000,58223.04000000,57647.05000000,58071.06000000,1203.27113000
2024-08-16T16:00:00Z,58071.07000000,58728.39000000,58000.00000000,58563.18000000,1350.36722000
2024-08-16T17:00:00Z,58563.18000000,59360.23000000,58385.13000000,59215.85000000,1703.01485000
2024-08-16T18:00:00Z,59215.85000000,59570.01000000,59081.42000000,59467.00000000,2045.24539000
2024-08-16T19:00:00Z,59467.01000000,59817.76000000,59410.25000000,59683.39000000,1865.31626000
2024-08-16T20:00:00Z,59683.39000000,59715.69000000,59184.72000000,59257.06000000,936.40681000
2024-08-16T21:00:00Z,59256.89000000,59314.91000000,58950.00000000,59023.98000000,560.59915000
2024-08-16T22:00:00Z,59023.97000000,59178.21000000,58966.55000000,58966.56000000,422.90519000
2024-08-16T23:00:00Z,58966.56000000,59047.21000000,58703.99000000,58874.60000000,636.81427000
2024-08-17T00:00:00Z,58874.59000000,59259.90000000,58785.05000000,59187.25000000,629.17488000
2024-08-17T01:00:00Z,59187.26000000,59389.18000000,59120.08000000,59248.49000000,520.90864000
2024-08-17T02:00:00Z,59248.50000000,59339.72000000,59110.79000000,59146.36000000,300.25744000
2024-08-17T03:00:00Z,59146.36000000,59178.00000000,59000.00000000,59158.37000000,319.61718000
2024-08-17T04:00:00Z,59158.36000000,59263.47000000,59083.90000000,59216.74000000,332.94374000
2024-08-17T05:00:00Z,59216.74000000,59247.03000000,59150.18000000,59163.17000000,231.18690000
2024-08-17T06:00:00Z,59163.16000000,59220.20000000,59141.96000000,59158.18000000,194.96540000
2024-08-17T07:00:00Z,59158.18000000,59261.21000000,59051.98000000,59248.00000000,347.74849000
2024-08-17T08:00:00Z,59248.00000000,59287.85000000,59163.16000000,59279.08000000,292.68992000
2024-08-17T09:00:00Z,59279.09000000,59477.16000000,59223.17000000,59326.34000000,441.96549000
2024-08-17T10:00:00Z,59326.35000000,59346.33000000,59083.58000000,59106.40000000,332.29700000
2024-08-17T11:00:00Z,59106.41000000,59189.43000000,59060.00000000,59137.12000000,260.05895000
2024-08-17T12:00:00Z,59137.12000000,59267.79000000,59100.28000000,59230.07000000,216.65392000
2024-08-17T13:00:00Z,59230.07000000,59442.89000000,59190.00000000,59324.28000000,459.60377000
2024-08-17T14:00:00Z,59324.29000000,59571.99000000,59254.11000000,59535.37000000,355.43806000
2024-08-17T15:00:00Z,59535.37000000,59654.90000000,59363.64000000,59388.11000000,459.16837000
2024-08-17T16:00:00Z,59388.11000000,59700.00000000,59388.11000000,59610.10000000,355.94605000
2024-08-17T17:00:00Z,59610.09000000,59669.95000000,59428.57000000,59428.57000000,381.31489000
2024-08-17T18:00:00Z,59428.57000000,59471.18000000,59294.31000000,59417.67000000,245.57509000
2024-08-17T19:00:00Z,59417.68000000,59541.93000000,59385.71000000,59473.19000000,174.17452000
2024-08-17T20:00:00Z,59473.19000000,59500.00000000,59330.00000000,59397.12000000,179.64912000
2024-08-17T21:00:00Z,59397.13000000,59429.79000000,59113.68000000,59303.80000000,293.07022000
2024-08-17T22:00:00Z,59303.80000000,59348.38000000,59246.43000000,59314.19000000,164.32824000
2024-08-17T23:00:00Z,59314.19000000,59492.00000000,59300.95000000,59491.99000000,232.99303000
2024-08-18T00:00:00Z,59491.99000000,59747.77000000,59424.16000000,59678.93000000,421.67863000
2024-08-18T01:00:00Z,59678.93000000,59690.99000000,59410.21000000,59435.95000000,230.17190000
2024-08-18T02:00:00Z,59435.95000000,60259.01000000,59393.10000000,60126.00000000,1194.84789000
2024-08-18T03:00:00Z,60125.99000000,60254.77000000,59300.00000000,59337.42000000,1003.95868000
2024-08-18T04:00:00Z,59337.41000000,59499.99000000,59256.56000000,59456.00000000,496.05122000
2024-08-18T05:00:00Z,59456.00000000,59698.00000000,59406.02000000,59490.00000000,429.44826000
2024-08-18T06:00:00Z,59490.00000000,59623.97000000,59480.00000000,59595.99000000,227.12593000
2024-08-18T07:00:00Z,59596.00000000,59678.40000000,59516.00000000,59573.39000000,368.75995000
2024-08-18T08:00:00Z,59573.39000000,59717.89000000,59436.00000000,59706.02000000,341.48521000
2024-08-18T09:00:00Z,59706.01000000,60125.99000000,59651.68000000,59880.00000000,625.30681000
2024-08-18T10:00:00Z,59880.01000000,60200.00000000,59826.31000000,59870.73000000,1134.85926000
2024-08-18T11:00:00Z,59870.72000000,60033.34000000,59759.04000000,60024.01000000,455.21640000
2024-08-18T12:00:00Z,60024.00000000,60284.99000000,59892.98000000,59969.55000000,792.74575000
2024-08-18T13:00:00Z,59969.56000000,60227.71000000,59826.31000000,59828.00000000,516.38036000
2024-08-18T14:00:00Z,59828.01000000,59971.14000000,59669.85000000,59806.01000000,645.58452000
2024-08-18T15:00:00Z,59806.00000000,59931.51000000,59700.67000000,59863.99000000,274.37716000
2024-08-18T16:00:00Z,59863.99000000,59945.83000000,59766.30000000,59840.45000000,242.12455000
2024-08-18T17:00:00Z,59840.45000000,59858.05000000,59377.14000000,59527.58000000,647.11206000
2024-08-18T18:00:00Z,59527.58000000,59623.97000000,59468.19000000,59602.17000000,286.59077000
2024-08-18T19:00:00Z,59602.18000000,59756.00000000,59511.79000000,59708.38000000,235.22316000
2024-08-18T20:00:00Z,59708.38000000,59869.77000000,59682.63000000,59814.53000000,270.88956000
2024-08-18T21:00:00Z,59814.53000000,59814.53000000,59311.14000000,59439.33000000,464.86074000
2024-08-18T22:00:00Z,59439.33000000,59577.88000000,59350.00000000,59350.00000000,315.50332000
2024-08-18T23:00:00Z,59350.00000000,59407.61000000,58408.92000000,58427.35000000,2014.55508000
2024-08-19T00:00:00Z,58427.35000000,58710.00000000,58210.03000000,58346.03000000,2258.26711000
2024-08-19T01:00:00Z,58346.03000000,58630.00000000,58216.33000000,58564.00000000,1674.85658000
2024-08-19T02:00:00Z,58564.00000000,58748.00000000,58427.07000000,58670.51000000,571.95643000
2024-08-19T03:00:00Z,58670.51000000,58763.83000000,58561.87000000,58736.85000000,481.87935000
2024-08-19T04:00:00Z,58736.85000000,58746.00000000,58450.00000000,58582.00000000,446.59763000
2024-08-19T05:00:00Z,58581.99000000,58612.00000000,58359.50000000,58475.18000000,597.59200000
2024-08-19T06:00:00Z,58475.19000000,58660.84000000,58388.85000000,58570.00000000,470.28750000
2024-08-19T07:00:00Z,58570.00000000,58745.82000000,58500.00000000,58502.19000000,563.15490000
2024-08-19T08:00:00Z,58502.19000000,58660.85000000,58403.16000000,58608.27000000,555.99622000
2024-08-19T09:00:00Z,58608.28000000,58671.38000000,57965.60000000,58006.59000000,1680.68671000
2024-08-19T10:00:00Z,58006.60000000,58199.28000000,57787.30000000,58046.01000000,1538.43823000
2024-08-19T11:00:00Z,58046.01000000,58520.21000000,57984.18000000,58396.95000000,968.93626000
2024-08-19T12:00:00Z,58396.94000000,58520.13000000,58264.00000000,58412.00000000,536.51605000
2024-08-19T13:00:00Z,58412.01000000,58970.00000000,58029.77000000,58199.99000000,2044.11579000
2024-08-19T14:00:00Z,58200.00000000,58633.34000000,58075.49000000,58617.42000000,1293.04771000
2024-08-19T15:00:00Z,58617.42000000,58777.00000000,58510.01000000,58539.24000000,754.64022000
2024-08-19T16:00:00Z,58539.25000000,58716.11000000,58380.00000000,58705.99000000,651.87865000
2024-08-19T17:00:00Z,58706.00000000,59290.00000000,58555.92000000,59021.61000000,1384.41843000
2024-08-19T18:00:00Z,59021.61000000,59235.93000000,58732.00000000,59011.99000000,654.64785000
2024-08-19T19:00:00Z,59012.00000000,59130.83000000,58873.87000000,58967.53000000,478.53320000
2024-08-19T20:00:00Z,58967.54000000,59342.11000000,58914.00000000,59080.01000000,682.11094000
2024-08-19T21:00:00Z,59080.02000000,59242.74000000,58967.53000000,58967.54000000,596.81780000
2024-08-19T22:00:00Z,58967.54000000,59280.01000000,58967.54000000,59241.00000000,549.13208000
2024-08-19T23:00:00Z,59240.99000000,59617.63000000,59089.95000000,59438.50000000,1374.80487000
2024-08-20T00:00:00Z,59438.50000000,60643.51000000,59363.31000000,60482.78000000,3181.00267000
2024-08-20T01:00:00Z,60482.77000000,60910.55000000,60378.02000000,60446.03000000,1770.45828000
2024-08-20T02:00:00Z,60446.04000000,60552.64000000,60336.97000000,60528.83000000,792.76049000
2024-08-20T03:00:00Z,60528.84000000,60619.19000000,60422.37000000,60619.18000000,648.12493000
2024-08-20T04:00:00Z,60619.19000000,61000.00000000,60576.06000000,60865.61000000,1772.25079000
2024-08-20T05:00:00Z,60865.61000000,61400.00000000,60860.01000000,61119.99000000,1810.14308000
2024-08-20T06:00:00Z,61120.00000000,61144.02000000,60938.00000000,60960.84000000,799.15334000
2024-08-20T07:00:00Z,60960.84000000,61020.74000000,60799.81000000,60924.33000000,894.38912000
2024-08-20T08:00:00Z,60924.33000000,60947.40000000,60679.36000000,60765.13000000,998.77224000
2024-08-20T09:00:00Z,60765.14000000,60975.00000000,60752.30000000,60856.04000000,630.87196000
2024-08-20T10:00:00Z,60856.04000000,60878.01000000,60668.30000000,60716.01000000,492.57450000
2024-08-20T11:00:00Z,60716.01000000,60734.91000000,60401.90000000,60518.82000000,1086.55870000
2024-08-20T12:00:00Z,60518.83000000,60752.25000000,60502.83000000,60693.71000000,825.73743000
2024-08-20T13:00:00Z,60693.72000000,60955.99000000,60324.33000000,60891.99000000,1511.42527000
2024-08-20T14:00:00Z,60892.00000000,60904.00000000,59446.03000000,59461.80000000,4267.15555000
2024-08-20T15:00:00Z,59461.81000000,59483.52000000,58680.01000000,58825.53000000,3840.52655000
2024-08-20T16:00:00Z,58825.53000000,59046.76000000,58548.23000000,58801.15000000,1468.04254000
2024-08-20T17:00:00Z,58801.15000000,59059.84000000,58681.40000000,59039.48000000,599.95694000
2024-08-20T18:00:00Z,59039.47000000,59479.80000000,59000.00000000,59191.45000000,1065.47526000
2024-08-20T19:00:00Z,59191.45000000,59597.28000000,59137.78000000,59511.99000000,544.56764000
2024-08-20T20:00:00Z,59512.00000000,59722.72000000,59285.71000000,59317.57000000,724.21595000
2024-08-20T21:00:00Z,59317.58000000,59331.01000000,58802.35000000,59296.94000000,901.43638000
2024-08-20T22:00:00Z,59296.94000000,59545.51000000,59238.08000000,59368.00000000,461.98957000
2024-08-20T23:00:00Z,59368.00000000,59402.64000000,58992.81000000,59013.80000000,389.85630000
2024-08-21T00:00:00Z,59013.80000000,59279.96000000,58954.99000000,58989.00000000,612.37826000
2024-08-21T01:00:00Z,58989.00000000,59281.58000000,58783.47000000,59281.58000000,659.71496000
2024-08-21T02:00:00Z,59281.57000000,59519.99000000,59253.12000000,59363.32000000,648.06025000
2024-08-21T03:00:00Z,59363.32000000,59419.49000000,59209.87000000,59320.00000000,444.35025000
2024-08-21T04:00:00Z,59320.00000000,59406.21000000,59183.13000000,59358.00000000,296.07758000
2024-08-21T05:00:00Z,59357.99000000,59404.97000000,59292.64000000,59379.99000000,373.88885000
2024-08-21T06:00:00Z,59379.99000000,59739.52000000,59364.10000000,59627.32000000,813.29793000
2024-08-21T07:00:00Z,59627.32000000,59735.99000000,59580.00000000,59712.00000000,533.99979000
2024-08-21T08:00:00Z,59711.99000000,59924.13000000,59231.33000000,59443.00000000,1071.73137000
2024-08-21T09:00:00Z,59443.00000000,59508.00000000,59085.88000000,59290.51000000,979.21548000
2024-08-21T10:00:00Z,59290.51000000,59484.40000000,59210.48000000,59468.40000000,481.17914000
2024-08-21T11:00:00Z,59468.40000000,59509.34000000,59254.47000000,59361.14000000,399.07490000
2024-08-21T12:00:00Z,59361.14000000,59600.00000000,59265.77000000,59506.90000000,711.51803000
2024-08-21T13:00:00Z,59506.90000000,60100.00000000,58850.00000000,59928.00000000,2610.70655000
2024-08-21T14:00:00Z,59928.01000000,60201.98000000,59193.66000000,59410.41000000,3616.50419000
2024-08-21T15:00:00Z,59410.41000000,59782.97000000,59300.99000000,59511.80000000,1069.51671000
2024-08-21T16:00:00Z,59511.79000000,59947.36000000,59375.00000000,59885.58000000,1038.66262000
2024-08-21T17:00:00Z,59885.58000000,60046.00000000,59708.04000000,59928.42000000,703.95841000
2024-08-21T18:00:00Z,59928.42000000,60831.90000000,59843.23000000,60771.28000000,1989.87165000
2024-08-21T19:00:00Z,60771.28000000,61625.20000000,60588.64000000,61570.00000000,3404.80333000
2024-08-21T20:00:00Z,61570.00000000,61820.93000000,60902.13000000,61236.00000000,2736.96402000
2024-08-21T21:00:00Z,61236.00000000,61499.93000000,60928.00000000,61235.97000000,1109.71897000
2024-08-21T22:00:00Z,61235.97000000,61500.00000000,61173.51000000,61176.47000000,624.24182000
2024-08-21T23:00:00Z,61176.47000000,61300.01000000,61002.17000000,61156.03000000,1054.20714000
2024-08-22T00:00:00Z,61156.03000000,61229.00000000,60811.07000000,60818.15000000,697.77129000
2024-08-22T01:00:00Z,60818.15000000,60995.96000000,60724.79000000,60970.00000000,664.60511000
2024-08-22T02:00:00Z,60970.00000000,60970.01000000,59724.87000000,60186.48000000,1774.35461000
2024-08-22T03:00:00Z,60186.49000000,60624.00000000,60074.00000000,60548.90000000,972.81011000
2024-08-22T04:00:00Z,60548.90000000,60850.00000000,60459.98000000,60834.52000000,853.58077000
2024-08-22T05:00:00Z,60834.53000000,60834.53000000,60602.45000000,60724.00000000,507.77932000
2024-08-22T06:00:00Z,60724.01000000,60944.53000000,60682.41000000,60762.91000000,554.46896000
2024-08-22T07:00:00Z,60762.92000000,61114.23000000,60708.69000000,60984.31000000,761.04674000
2024-08-22T08:00:00Z,60984.31000000,61112.00000000,60859.79000000,60926.81000000,740.93955000
2024-08-22T09:00:00Z,60926.81000000,60976.32000000,60802.38000000,60887.98000000,541.86058000
2024-08-22T10:00:00Z,60887.99000000,61400.00000000,60827.12000000,61350.01000000,807.95803000
2024-08-22T11:00:00Z,61350.02000000,61382.24000000,61097.59000000,61336.09000000,1008.84315000
2024-08-22T12:00:00Z,61336.09000000,61398.18000000,60772.12000000,60879.19000000,1784.93315000
2024-08-22T13:00:00Z,60879.19000000,60934.03000000,60394.64000000,60815.99000000,1767.72909000
2024-08-22T14:00:00Z,60816.00000000,60854.28000000,60300.00000000,60510.48000000,1756.83797000
2024-08-22T15:00:00Z,60510.48000000,60833.00000000,60100.00000000,60407.40000000,1539.81542000
2024-08-22T16:00:00Z,60407.39000000,60600.20000000,60281.02000000,60329.70000000,791.08987000
2024-08-22T17:00:00Z,60329.70000000,60512.01000000,60142.85000000,60164.70000000,622.62683000
2024-08-22T18:00:00Z,60164.70000000,60566.51000000,60131.00000000,60331.16000000,609.78843000
2024-08-22T19:00:00Z,60331.16000000,60439.11000000,60154.78000000,60308.00000000,640.16244000
2024-08-22T20:00:00Z,60307.99000000,60691.20000000,60288.00000000,60680.01000000,824.09940000
2024-08-22T21:00:00Z,60680.00000000,60707.88000000,60439.78000000,60545.47000000,388.49711000
2024-08-22T22:00:00Z,60545.46000000,60609.80000000,60400.00000000,60435.05000000,324.00458000
2024-08-22T23:00:00Z,60435.04000000,60462.56000000,60297.50000000,60375.84000000,305.60337000
2024-08-23T00:00:00Z,60375.83000000,60968.24000000,60342.14000000,60726.16000000,824.57505000
2024-08-23T01:00:00Z,60726.17000000,60855.77000000,60603.99000000,60768.45000000,491.11811000
2024-08-23T02:00:00Z,60768.45000000,60806.74000000,60618.00000000,60625.70000000,502.98931000
2024-08-23T03:00:00Z,60625.69000000,60689.40000000,60572.94000000,60593.31000000,365.69223000
2024-08-23T04:00:00Z,60593.31000000,60742.85000000,60582.68000000,60707.51000000,537.65592000
2024-08-23T05:00:00Z,60707.52000000,61089.60000000,60707.51000000,60856.26000000,825.62287000
2024-08-23T06:00:00Z,60856.26000000,61367.74000000,60832.27000000,61189.58000000,963.67862000
2024-08-23T07:00:00Z,61189.59000000,61259.93000000,60937.97000000,61069.27000000,610.29337000
2024-08-23T08:00:00Z,61069.26000000,61322.66000000,61036.84000000,61321.40000000,594.03020000
2024-08-23T09:00:00Z,61321.40000000,61337.57000000,61003.00000000,61022.13000000,593.42725000
2024-08-23T10:00:00Z,61022.12000000,61166.01000000,61007.17000000,61060.75000000,371.99579000
2024-08-23T11:00:00Z,61060.75000000,61079.04000000,60691.11000000,60741.68000000,754.07451000
2024-08-23T12:00:00Z,60741.68000000,61217.39000000,60741.68000000,61146.58000000,750.19091000
2024-08-23T13:00:00Z,61146.59000000,61175.60000000,60881.34000000,61119.99000000,1070.75883000
2024-08-23T14:00:00Z,61119.99000000,62320.36000000,60802.36000000,60994.91000000,7401.52477000
2024-08-23T15:00:00Z,60994.91000000,61778.76000000,60916.41000000,61533.05000000,2404.42812000
2024-08-23T16:00:00Z,61533.04000000,61828.82000000,61349.99000000,61731.99000000,1071.22153000
2024-08-23T17:00:00Z,61731.99000000,63015.99000000,61616.02000000,62999.89000000,3272.80400000
2024-08-23T18:00:00Z,62999.88000000,63411.23000000,62659.09000000,63152.60000000,3836.82331000
2024-08-23T19:00:00Z,63152.59000000,63819.16000000,63000.01000000,63628.84000000,3322.52116000
2024-08-23T20:00:00Z,63628.84000000,63818.21000000,63484.18000000,63627.74000000,1175.41217000
2024-08-23T21:00:00Z,63627.74000000,64777.00000000,63598.96000000,64392.58000000,2659.84528000
2024-08-23T22:00:00Z,64392.58000000,64955.00000000,63850.00000000,64084.96000000,1980.78779000
2024-08-23T23:00:00Z,64084.95000000,64318.93000000,63836.69000000,64037.24000000,1736.59979000
2024-08-24T00:00:00Z,64037.24000000,64206.70000000,63816.05000000,63961.78000000,990.20813000
2024-08-24T01:00:00Z,63961.79000000,64006.40000000,63626.58000000,63836.48000000,754.58663000
2024-08-24T02:00:00Z,63836.49000000,64000.00000000,63788.80000000,63949.99000000,492.89746000
2024-08-24T03:00:00Z,63949.99000000,63990.00000000,63759.01000000,63832.01000000,853.72101000
2024-08-24T04:00:00Z,63832.00000000,63986.00000000,63822.00000000,63897.61000000,412.12908000
2024-08-24T05:00:00Z,63897.61000000,64032.95000000,63860.61000000,63987.98000000,665.56607000
2024-08-24T06:00:00Z,63987.98000000,64277.43000000,63924.56000000,64048.00000000,1078.40628000
2024-08-24T07:00:00Z,64048.00000000,64332.00000000,64048.00000000,64315.00000000,687.08796000
2024-08-24T08:00:00Z,64315.00000000,64450.63000000,64144.50000000,64416.00000000,551.68752000
2024-08-24T09:00:00Z,64416.00000000,64494.50000000,64200.00000000,64328.66000000,530.49253000
2024-08-24T10:00:00Z,64328.65000000,64382.36000000,64098.00000000,64117.76000000,570.99589000
2024-08-24T11:00:00Z,64117.77000000,64186.67000000,63868.00000000,63905.01000000,704.72227000
2024-08-24T12:00:00Z,63905.00000000,64180.00000000,63902.00000000,64086.99000000,673.82206000
2024-08-24T13:00:00Z,64086.99000000,64244.00000000,63961.25000000,64221.49000000,613.01605000
2024-08-24T14:00:00Z,64221.50000000,64228.89000000,64013.03000000,64171.84000000,435.57022000
2024-08-24T15:00:00Z,64171.84000000,64171.84000000,63872.00000000,63976.00000000,571.55586000
2024-08-24T16:00:00Z,63976.00000000,64413.01000000,63903.58000000,64298.01000000,1010.63731000
2024-08-24T17:00:00Z,64298.01000000,64298.01000000,63951.97000000,64050.99000000,646.06987000
2024-08-24T18:00:00Z,64051.00000000,64444.00000000,63938.00000000,64223.06000000,979.61184000
2024-08-24T19:00:00Z,64223.06000000,64372.00000000,64210.60000000,64210.60000000,238.47032000
2024-08-24T20:00:00Z,64210.60000000,64328.00000000,64123.77000000,64131.00000000,347.97182000
2024-08-24T21:00:00Z,64131.00000000,64172.01000000,63531.00000000,63612.37000000,919.93156000
2024-08-24T22:00:00Z,63612.36000000,64000.00000000,63570.00000000,63833.98000000,805.85726000
2024-08-24T23:00:00Z,63833.98000000,64163.62000000,63796.41000000,64157.01000000,322.14116000
2024-08-25T00:00:00Z,64157.02000000,64507.04000000,64107.16000000,64175.99000000,1152.61806000
2024-08-25T01:00:00Z,64175.98000000,64376.69000000,64042.42000000,64150.08000000,597.68105000
2024-08-25T02:00:00Z,64150.08000000,64269.00000000,64102.50000000,64137.00000000,342.76349000
2024-08-25T03:00:00Z,64137.00000000,64170.00000000,64000.00000000,64101.01000000,530.18477000
2024-08-25T04:00:00Z,64101.01000000,64161.00000000,64000.00000000,64150.99000000,320.06289000
2024-08-25T05:00:00Z,64151.00000000,64196.00000000,64100.01000000,64137.50000000,318.99046000
2024-08-25T06:00:00Z,64137.50000000,64163.64000000,63976.82000000,63994.00000000,330.76798000
2024-08-25T07:00:00Z,63994.00000000,64038.00000000,63785.76000000,63868.26000000,675.62000000
2024-08-25T08:00:00Z,63868.27000000,64010.00000000,63806.00000000,63931.00000000,395.31490000
2024-08-25T09:00:00Z,63931.00000000,63978.00000000,63773.27000000,63861.31000000,517.92750000
2024-08-25T10:00:00Z,63861.30000000,63932.00000000,63787.50000000,63881.01000000,368.20509000
2024-08-25T11:00:00Z,63881.02000000,64009.83000000,63870.73000000,63873.91000000,447.23263000
2024-08-25T12:00:00Z,63873.92000000,63940.00000000,63805.00000000,63924.00000000,252.02697000
2024-08-25T13:00:00Z,63923.99000000,64167.00000000,63851.34000000,64082.02000000,613.96041000
2024-08-25T14:00:00Z,64082.03000000,64251.00000000,64082.02000000,64148.01000000,584.35901000
2024-08-25T15:00:00Z,64148.00000000,64288.00000000,64086.00000000,64132.16000000,383.87031000
2024-08-25T16:00:00Z,64132.17000000,64201.00000000,64000.00000000,64033.99000000,331.81574000
2024-08-25T17:00:00Z,64033.99000000,64162.94000000,64024.00000000,64140.99000000,310.62121000
2024-08-25T18:00:00Z,64141.00000000,64248.66000000,64065.25000000,64166.99000000,312.63719000
2024-08-25T19:00:00Z,64166.99000000,64210.05000000,64145.13000000,64187.41000000,163.54754000
2024-08-25T20:00:00Z,64187.42000000,64264.00000000,64122.49000000,64206.99000000,256.83345000
2024-08-25T21:00:00Z,64207.00000000,64572.00000000,64206.99000000,64383.73000000,798.13298000
2024-08-25T22:00:00Z,64383.73000000,64616.00000000,64279.12000000,64482.01000000,542.03129000
2024-08-25T23:00:00Z,64482.00000000,65000.00000000,64200.00000000,64220.00000000,1758.27485000
2024-08-26T00:00:00Z,64219.99000000,64481.00000000,63891.00000000,64111.01000000,947.63480000
2024-08-26T01:00:00Z,64111.01000000,64196.00000000,63890.94000000,63939.98000000,628.23778000
2024-08-26T02:00:00Z,63939.98000000,64071.60000000,63790.00000000,64070.00000000,539.50265000
2024-08-26T03:00:00Z,64070.00000000,64121.00000000,64004.00000000,64114.99000000,362.07039000
2024-08-26T04:00:00Z,64115.00000000,64205.31000000,63948.00000000,64019.00000000,325.83820000
2024-08-26T05:00:00Z,64019.00000000,64050.00000000,63885.00000000,63950.01000000,423.63548000
2024-08-26T06:00:00Z,63950.01000000,64012.92000000,63420.00000000,63728.44000000,1288.02400000
2024-08-26T07:00:00Z,63728.43000000,63867.84000000,63575.00000000,63627.01000000,735.13817000
2024-08-26T08:00:00Z,63627.01000000,63868.00000000,63595.39000000,63738.00000000,511.11937000
2024-08-26T09:00:00Z,63737.99000000,63875.81000000,63220.95000000,63856.99000000,1076.07648000
2024-08-26T10:00:00Z,63857.00000000,64039.20000000,63733.28000000,63780.00000000,811.05712000
2024-08-26T11:00:00Z,63780.01000000,63996.77000000,63739.39000000,63859.00000000,484.09348000
2024-08-26T12:00:00Z,63859.00000000,63958.95000000,63464.00000000,63633.00000000,679.77337000
2024-08-26T13:00:00Z,63633.00000000,63873.00000000,63500.00000000,63766.00000000,1006.49967000
2024-08-26T14:00:00Z,63766.00000000,63874.34000000,63125.53000000,63500.60000000,1976.77515000
2024-08-26T15:00:00Z,63500.60000000,63635.00000000,63061.00000000,63532.53000000,1295.22278000
2024-08-26T16:00:00Z,63532.54000000,63826.00000000,63412.06000000,63705.00000000,913.46553000
2024-08-26T17:00:00Z,63705.00000000,63878.78000000,63204.00000000,63375.99000000,983.69834000
2024-08-26T18:00:00Z,63376.00000000,63702.85000000,63192.04000000,63643.94000000,899.31418000
2024-08-26T19:00:00Z,63643.94000000,63703.00000000,63252.01000000,63342.99000000,690.61114000
2024-08-26T20:00:00Z,63342.99000000,63557.58000000,63202.71000000,63417.01000000,572.74237000
2024-08-26T21:00:00Z,63417.00000000,63423.89000000,62838.00000000,63155.81000000,1226.02546000
2024-08-26T22:00:00Z,63155.82000000,63280.00000000,62888.24000000,62973.01000000,510.56933000
2024-08-26T23:00:00Z,62973.01000000,63168.00000000,62800.00000000,62834.00000000,582.92752000
2024-08-27T00:00:00Z,62834.00000000,63050.00000000,62657.00000000,62722.00000000,1059.42323000
2024-08-27T01:00:00Z,62722.00000000,63212.00000000,62688.15000000,62994.80000000,1116.54789000
2024-08-27T02:00:00Z,62994.81000000,63193.94000000,62892.00000000,62900.07000000,461.80843000
2024-08-27T03:00:00Z,62900.07000000,63009.91000000,62716.00000000,62970.00000000,930.74178000
2024-08-27T04:00:00Z,62970.00000000,63099.69000000,62911.49000000,63038.99000000,693.63977000
2024-08-27T05:00:00Z,63038.99000000,63200.00000000,63038.98000000,63150.02000000,604.41032000
2024-08-27T06:00:00Z,63150.02000000,63151.26000000,62701.06000000,62761.00000000,1117.40037000
2024-08-27T07:00:00Z,62761.00000000,62961.00000000,62750.19000000,62902.31000000,697.55272000
2024-08-27T08:00:00Z,62902.32000000,63000.00000000,62700.00000000,62813.38000000,517.80435000
2024-08-27T09:00:00Z,62813.38000000,62952.41000000,62566.00000000,62679.99000000,1288.23733000
2024-08-27T10:00:00Z,62679.99000000,62679.99000000,62244.37000000,62332.05000000,1546.51796000
2024-08-27T11:00:00Z,62332.06000000,62545.00000000,62230.00000000,62417.00000000,837.00917000
2024-08-27T12:00:00Z,62416.99000000,62475.00000000,62132.00000000,62419.56000000,1252.12850000
2024-08-27T13:00:00Z,62419.57000000,62495.00000000,62128.24000000,62232.64000000,1653.75690000
2024-08-27T14:00:00Z,62232.65000000,62293.00000000,61801.01000000,61851.01000000,2802.72381000
2024-08-27T15:00:00Z,61851.01000000,61981.82000000,61473.03000000,61709.13000000,2549.55396000
2024-08-27T16:00:00Z,61709.13000000,61989.90000000,61534.60000000,61560.12000000,1222.28193000
2024-08-27T17:00:00Z,61560.13000000,61933.32000000,61518.74000000,61933.32000000,677.07398000
2024-08-27T18:00:00Z,61933.31000000,62142.84000000,61885.30000000,62096.01000000,688.15593000
2024-08-27T19:00:00Z,62096.01000000,62196.75000000,61884.98000000,62102.01000000,456.27549000
2024-08-27T20:00:00Z,62102.00000000,62102.01000000,61846.33000000,61859.00000000,407.88963000
2024-08-27T21:00:00Z,61858.99000000,61956.17000000,60000.00000000,60419.99000000,3799.49778000
2024-08-27T22:00:00Z,60419.99000000,60420.00000000,58034.01000000,59506.94000000,6854.72907000
2024-08-27T23:00:00Z,59506.94000000,59780.00000000,59150.00000000,59415.00000000,1900.78148000
2024-08-28T00:00:00Z,59415.00000000,59448.96000000,59000.00000000,59088.94000000,2123.34371000
2024-08-28T01:00:00Z,59088.94000000,59459.45000000,58917.12000000,59383.63000000,1700.79770000
2024-08-28T02:00:00Z,59383.63000000,59424.00000000,59190.75000000,59336.02000000,895.46761000
2024-08-28T03:00:00Z,59336.02000000,59650.00000000,59304.92000000,59629.01000000,832.34628000
2024-08-28T04:00:00Z,59629.01000000,59661.00000000,59275.87000000,59325.33000000,1316.20016000
2024-08-28T05:00:00Z,59325.33000000,59486.54000000,59250.42000000,59287.94000000,753.80596000
2024-08-28T06:00:00Z,59287.93000000,59356.66000000,59126.21000000,59186.91000000,774.02907000
2024-08-28T07:00:00Z,59186.91000000,59271.82000000,58516.00000000,58600.98000000,1770.51433000
2024-08-28T08:00:00Z,58600.98000000,59296.92000000,58534.35000000,59223.99000000,1573.32066000
2024-08-28T09:00:00Z,59224.00000000,60231.00000000,59136.18000000,60200.12000000,2553.59538000
2024-08-28T10:00:00Z,60200.11000000,60234.98000000,59700.00000000,59756.99000000,1403.93467000
2024-08-28T11:00:00Z,59757.00000000,60099.99000000,59680.03000000,59935.00000000,874.91888000
2024-08-28T12:00:00Z,59934.99000000,60160.00000000,59886.01000000,59946.22000000,796.69476000
2024-08-28T13:00:00Z,59946.23000000,60004.96000000,59310.16000000,59334.00000000,2032.67941000
2024-08-28T14:00:00Z,59334.00000000,59942.00000000,58926.00000000,59195.26000000,2777.70792000
2024-08-28T15:00:00Z,59195.26000000,59195.26000000,58443.07000000,59000.00000000,2674.48023000
2024-08-28T16:00:00Z,59000.00000000,59218.38000000,57860.00000000,59198.01000000,3914.29528000
2024-08-28T17:00:00Z,59198.01000000,59255.00000000,58636.47000000,58650.00000000,1326.75703000
2024-08-28T18:00:00Z,58650.00000000,59510.00000000,58597.66000000,59487.00000000,1479.05702000
2024-08-28T19:00:00Z,59487.00000000,59849.99000000,58815.00000000,58898.85000000,1583.15619000
2024-08-28T20:00:00Z,58898.85000000,59602.00000000,58623.01000000,59312.01000000,1863.09861000
2024-08-28T21:00:00Z,59312.00000000,59483.88000000,59077.86000000,59113.91000000,754.12540000
2024-08-28T22:00:00Z,59113.91000000,59255.41000000,58844.59000000,59195.43000000,706.10295000
2024-08-28T23:00:00Z,59195.43000000,59197.14000000,58989.00000000,59034.90000000,388.11354000
2024-08-29T00:00:00Z,59034.90000000,59237.00000000,58917.83000000,59205.83000000,631.47104000
2024-08-29T01:00:00Z,59205.83000000,59320.00000000,58878.46000000,58997.99000000,624.55418000
2024-08-29T02:00:00Z,58998.00000000,59187.50000000,58919.99000000,59137.00000000,607.16247000
2024-08-29T03:00:00Z,59137.01000000,59200.00000000,59032.48000000,59141.10000000,325.53359000
2024-08-29T04:00:00Z,59141.11000000,59226.22000000,59049.79000000,59197.96000000,533.50259000
2024-08-29T05:00:00Z,59197.96000000,59460.00000000,59146.33000000,59436.17000000,681.05918000
2024-08-29T06:00:00Z,59436.17000000,59764.00000000,59370.00000000,59570.65000000,1102.14489000
2024-08-29T07:00:00Z,59570.65000000,59685.99000000,59499.63000000,59583.88000000,560.33345000
2024-08-29T08:00:00Z,59583.88000000,59635.66000000,59374.00000000,59551.97000000,654.01276000
2024-08-29T09:00:00Z,59551.97000000,59773.75000000,59551.20000000,59586.00000000,788.63089000
2024-08-29T10:00:00Z,59586.00000000,59841.66000000,59575.04000000,59673.01000000,725.43255000
2024-08-29T11:00:00Z,59673.01000000,60477.00000000,59614.86000000,60067.06000000,1945.68093000
2024-08-29T12:00:00Z,60067.06000000,60498.00000000,59990.00000000,60322.00000000,1495.85159000
2024-08-29T13:00:00Z,60321.99000000,60664.00000000,60170.01000000,60626.01000000,2607.65176000
2024-08-29T14:00:00Z,60626.99000000,60949.00000000,60452.00000000,60814.99000000,1881.45671000
2024-08-29T15:00:00Z,60815.00000000,61166.99000000,60741.93000000,60779.99000000,1639.54115000
2024-08-29T16:00:00Z,60779.99000000,60960.00000000,60220.22000000,60295.00000000,1640.14060000
2024-08-29T17:00:00Z,60294.99000000,60585.63000000,60174.20000000,60533.00000000,901.54549000
2024-08-29T18:00:00Z,60533.00000000,60548.99000000,58915.01000000,59161.00000000,2929.66661000
2024-08-29T19:00:00Z,59161.01000000,59703.77000000,58951.10000000,59258.00000000,1701.15398000
2024-08-29T20:00:00Z,59257.99000000,59529.00000000,59234.00000000,59529.00000000,654.10283000
2024-08-29T21:00:00Z,59529.00000000,59638.37000000,59423.77000000,59496.00000000,472.84440000
2024-08-29T22:00:00Z,59496.00000000,59496.01000000,58713.09000000,59211.99000000,1440.49823000
2024-08-29T23:00:00Z,59211.99000000,59397.00000000,59145.10000000,59359.01000000,476.93556000
2024-08-30T00:00:00Z,59359.00000000,59487.64000000,59132.00000000,59204.01000000,594.15049000
2024-08-30T01:00:00Z,59204.01000000,59300.95000000,58953.70000000,59217.00000000,856.07388000
2024-08-30T02:00:00Z,59217.00000000,59341.00000000,59062.52000000,59202.51000000,390.61709000
2024-08-30T03:00:00Z,59202.50000000,59206.00000000,58899.70000000,59032.01000000,902.86149000
2024-08-30T04:00:00Z,59032.00000000,59156.00000000,59001.11000000,59013.01000000,486.06780000
2024-08-30T05:00:00Z,59013.01000000,59023.85000000,58685.00000000,58784.00000000,1317.81097000
2024-08-30T06:00:00Z,58783.99000000,59373.00000000,58705.01000000,59361.00000000,1057.28122000
2024-08-30T07:00:00Z,59361.01000000,59582.86000000,59226.84000000,59271.10000000,1283.14241000
2024-08-30T08:00:00Z,59271.11000000,59587.12000000,59271.00000000,59445.00000000,764.08273000
2024-08-30T09:00:00Z,59445.00000000,59669.96000000,59421.10000000,59580.64000000,817.94515000
2024-08-30T10:00:00Z,59580.65000000,59674.42000000,59426.50000000,59581.13000000,651.90723000
2024-08-30T11:00:00Z,59581.13000000,59650.00000000,59318.00000000,59396.00000000,942.65040000
2024-08-30T12:00:00Z,59396.00000000,59944.07000000,59375.00000000,59539.00000000,1560.98266000
2024-08-30T13:00:00Z,59538.99000000,59668.00000000,58901.00000000,59653.00000000,1636.19787000
2024-08-30T14:00:00Z,59653.00000000,59830.00000000,58441.31000000,58462.89000000,3132.81170000
2024-08-30T15:00:00Z,58462.89000000,58675.01000000,57946.01000000,58094.99000000,4035.99461000
2024-08-30T16:00:00Z,58095.00000000,58600.00000000,57701.10000000,58551.11000000,2484.77070000
2024-08-30T17:00:00Z,58551.10000000,58811.04000000,58406.00000000,58630.91000000,1172.01387000
2024-08-30T18:00:00Z,58630.91000000,59371.00000000,58625.00000000,59370.99000000,1799.51718000
2024-08-30T19:00:00Z,59371.00000000,59371.00000000,58700.01000000,58700.02000000,961.28426000
2024-08-30T20:00:00Z,58700.02000000,59048.00000000,58700.00000000,59048.00000000,529.06241000
2024-08-30T21:00:00Z,59048.00000000,59155.00000000,58975.40000000,59055.99000000,402.27734000
2024-08-30T22:00:00Z,59056.00000000,59298.89000000,59051.10000000,59237.50000000,458.92411000
2024-08-30T23:00:00Z,59237.50000000,59275.78000000,59088.01000000,59123.99000000,280.89438000
2024-08-31T00:00:00Z,59123.99000000,59462.38000000,59070.40000000,59246.01000000,963.75214000
2024-08-31T01:00:00Z,59246.00000000,59335.00000000,59180.94000000,59285.00000000,240.32843000
2024-08-31T02:00:00Z,59285.00000000,59293.00000000,59119.01000000,59196.50000000,240.22348000
2024-08-31T03:00:00Z,59196.50000000,59254.00000000,59129.33000000,59232.01000000,203.50087000
2024-08-31T04:00:00Z,59232.01000000,59350.00000000,59215.00000000,59350.00000000,242.60313000
2024-08-31T05:00:00Z,59350.00000000,59350.00000000,59211.88000000,59212.00000000,326.53818000
2024-08-31T06:00:00Z,59212.01000000,59264.95000000,59151.80000000,59154.01000000,282.17292000
2024-08-31T07:00:00Z,59154.02000000,59188.99000000,59043.12000000,59095.00000000,379.35638000
2024-08-31T08:00:00Z,59095.01000000,59130.00000000,58981.10000000,58985.01000000,314.66099000
2024-08-31T09:00:00Z,58985.01000000,59023.00000000,58831.88000000,58905.01000000,523.53629000
2024-08-31T10:00:00Z,58905.01000000,59170.40000000,58872.00000000,59136.99000000,384.10867000
2024-08-31T11:00:00Z,59136.99000000,59188.90000000,59103.54000000,59120.99000000,181.78193000
2024-08-31T12:00:00Z,59120.99000000,59244.04000000,59071.10000000,59192.26000000,383.94179000
2024-08-31T13:00:00Z,59192.26000000,59244.04000000,58929.96000000,58954.99000000,375.75966000
2024-08-31T14:00:00Z,58955.00000000,59170.11000000,58892.15000000,59126.00000000,491.93631000
2024-08-31T15:00:00Z,59126.01000000,59155.00000000,58954.81000000,59006.54000000,523.34825000
2024-08-31T16:00:00Z,59006.54000000,59032.12000000,58854.00000000,58971.55000000,341.62388000
2024-08-31T17:00:00Z,58971.55000000,59034.84000000,58744.00000000,59013.16000000,481.82306000
2024-08-31T18:00:00Z,59013.17000000,59140.01000000,58868.22000000,58920.52000000,536.82943000
2024-08-31T19:00:00Z,58920.53000000,58941.29000000,58823.73000000,58856.00000000,276.99153000
2024-08-31T20:00:00Z,58856.00000000,58971.56000000,58763.29000000,58951.08000000,262.63261000
2024-08-31T21:00:00Z,58951.09000000,59130.00000000,58900.00000000,59061.01000000,354.03407000
2024-08-31T22:00:00Z,59061.00000000,59141.72000000,59006.00000000,59024.00000000,203.35984000
2024-08-31T23:00:00Z,59023.99000000,59056.00000000,58927.00000000,58973.99000000,283.56516000
2024-09-01T00:00:00Z,58974.00000000,59076.59000000,58900.00000000,58930.00000000,289.12701000
2024-09-01T01:00:00Z,58929.99000000,58957.00000000,58819.78000000,58828.01000000,330.21542000
2024-09-01T02:00:00Z,58828.00000000,58851.65000000,58276.01000000,58540.25000000,1256.77642000
2024-09-01T03:00:00Z,58540.25000000,58672.01000000,58399.01000000,58524.21000000,437.88318000
2024-09-01T04:00:00Z,58524.21000000,58599.98000000,58355.00000000,58442.00000000,359.59086000
2024-09-01T05:00:00Z,58442.01000000,58468.00000000,57777.00000000,57986.00000000,2028.37000000
2024-09-01T06:00:00Z,57986.00000000,58298.00000000,57952.00000000,58201.10000000,470.79448000
2024-09-01T07:00:00Z,58201.11000000,58500.00000000,58131.12000000,58478.64000000,507.40659000
2024-09-01T08:00:00Z,58478.64000000,58504.81000000,58200.51000000,58233.99000000,388.37704000
2024-09-01T09:00:00Z,58234.00000000,58400.00000000,58126.98000000,58205.00000000,479.13526000
2024-09-01T10:00:00Z,58205.00000000,58222.00000000,57896.01000000,57931.00000000,715.76724000
2024-09-01T11:00:00Z,57931.00000000,58250.21000000,57840.00000000,58240.52000000,937.31779000
2024-09-01T12:00:00Z,58240.51000000,58320.15000000,57912.30000000,58020.00000000,632.17288000
2024-09-01T13:00:00Z,58020.01000000,58215.00000000,57710.00000000,58175.01000000,1244.45581000
2024-09-01T14:00:00Z,58175.00000000,58179.00000000,57201.00000000,57879.99000000,2863.15990000
2024-09-01T15:00:00Z,57879.99000000,58360.38000000,57714.35000000,58217.00000000,1171.60774000
2024-09-01T16:00:00Z,58217.00000000,58350.00000000,58090.01000000,58132.06000000,522.62561000
2024-09-01T17:00:00Z,58132.07000000,58201.00000000,57864.30000000,58127.98000000,571.34425000
2024-09-01T18:00:00Z,58127.98000000,58788.93000000,58122.00000000,58541.10000000,942.52521000
2024-09-01T19:00:00Z,58541.11000000,58775.00000000,58292.00000000,58514.00000000,632.24922000
2024-09-01T20:00:00Z,58514.01000000,58656.77000000,58381.10000000,58431.10000000,334.87245000
2024-09-01T21:00:00Z,58431.10000000,58431.10000000,58093.57000000,58351.11000000,337.48050000
2024-09-01T22:00:00Z,58351.11000000,58414.00000000,57232.00000000,57309.01000000,1949.02986000
2024-09-01T23:00:00Z,57309.00000000,57598.00000000,57205.00000000,57301.86000000,1302.87269000
2024-09-02T00:00:00Z,57301.77000000,57650.00000000,57128.00000000,57467.24000000,1254.37293000
2024-09-02T01:00:00Z,57467.25000000,57578.99000000,57242.00000000,57423.23000000,1069.88828000
2024-09-02T02:00:00Z,57423.23000000,57721.00000000,57294.00000000,57509.01000000,1338.60119000
2024-09-02T03:00:00Z,57509.01000000,57767.14000000,57502.05000000,57742.01000000,942.01768000
2024-09-02T04:00:00Z,57742.00000000,57766.00000000,57445.91000000,57459.51000000,662.73901000
2024-09-02T05:00:00Z,57459.51000000,57987.99000000,57449.75000000,57785.01000000,803.51922000
2024-09-02T06:00:00Z,57785.00000000,57883.00000000,57662.01000000,57688.00000000,469.19262000
2024-09-02T07:00:00Z,57688.00000000,57792.00000000,57362.06000000,57547.99000000,681.15499000
2024-09-02T08:00:00Z,57548.00000000,58300.00000000,57520.12000000,58056.01000000,1815.84911000
2024-09-02T09:00:00Z,58056.01000000,58462.00000000,57901.20000000,58402.35000000,1244.82426000
2024-09-02T10:00:00Z,58402.00000000,58587.00000000,58293.00000000,58498.51000000,1034.96543000
2024-09-02T11:00:00Z,58498.51000000,58680.76000000,58349.02000000,58422.01000000,976.69221000
2024-09-02T12:00:00Z,58422.01000000,58509.00000000,58256.10000000,58393.94000000,616.46841000
2024-09-02T13:00:00Z,58393.94000000,58489.00000000,58149.54000000,58181.22000000,720.24026000
2024-09-02T14:00:00Z,58181.21000000,58808.00000000,58104.00000000,58597.00000000,1965.04778000
2024-09-02T15:00:00Z,58597.00000000,58741.10000000,58480.90000000,58537.99000000,722.13290000
2024-09-02T16:00:00Z,58537.99000000,58653.00000000,58293.12000000,58345.00000000,535.14834000
2024-09-02T17:00:00Z,58345.00000000,58558.49000000,58301.00000000,58514.01000000,753.89905000
2024-09-02T18:00:00Z,58514.01000000,58666.64000000,58318.33000000,58486.01000000,1025.88981000
2024-09-02T19:00:00Z,58486.01000000,58559.00000000,58390.39000000,58439.99000000,541.53520000
2024-09-02T20:00:00Z,58440.03000000,59243.00000000,58384.61000000,58992.00000000,1191.56744000
2024-09-02T21:00:00Z,58992.01000000,59274.32000000,58875.03000000,59047.00000000,1326.68023000
2024-09-02T22:00:00Z,59047.00000000,59350.00000000,59008.81000000,59349.99000000,637.61533000
2024-09-02T23:00:00Z,59349.99000000,59425.69000000,59073.00000000,59132.13000000,564.97293000
2024-09-03T00:00:00Z,59132.12000000,59258.00000000,59021.62000000,59257.99000000,502.75643000
2024-09-03T01:00:00Z,59258.00000000,59406.57000000,59195.41000000,59388.01000000,518.71715000
2024-09-03T02:00:00Z,59388.01000000,59809.65000000,59300.00000000,59311.01000000,1623.18138000
2024-09-03T03:00:00Z,59311.01000000,59327.71000000,59041.86000000,59110.99000000,544.08321000
2024-09-03T04:00:00Z,59111.00000000,59236.00000000,59003.99000000,59099.01000000,718.44133000
2024-09-03T05:00:00Z,59099.00000000,59259.00000000,58988.00000000,59186.00000000,782.13092000
2024-09-03T06:00:00Z,59186.00000000,59186.00000000,58872.00000000,58891.00000000,744.03271000
2024-09-03T07:00:00Z,58891.01000000,59140.35000000,58880.57000000,59112.00000000,541.94542000
2024-09-03T08:00:00Z,59112.01000000,59136.58000000,58717.00000000,58789.02000000,856.96694000
2024-09-03T09:00:00Z,58789.01000000,58961.50000000,58783.00000000,58874.00000000,617.95793000
2024-09-03T10:00:00Z,58874.01000000,59195.63000000,58836.87000000,59078.94000000,575.26778000
2024-09-03T11:00:00Z,59078.94000000,59106.01000000,58951.00000000,59072.00000000,383.86430000
2024-09-03T12:00:00Z,59072.01000000,59350.00000000,59057.34000000,59135.01000000,692.84349000
2024-09-03T13:00:00Z,59135.01000000,59320.14000000,58198.28000000,58398.99000000,2496.48305000
2024-09-03T14:00:00Z,58398.99000000,58398.99000000,57568.00000000,57672.84000000,3781.01296000
2024-09-03T15:00:00Z,57672.84000000,58018.00000000,57630.00000000,57725.00000000,1219.72466000
2024-09-03T16:00:00Z,57725.01000000,57924.00000000,57655.81000000,57708.00000000,1112.37825000
2024-09-03T17:00:00Z,57707.99000000,58100.00000000,57680.00000000,57698.00000000,885.89458000
2024-09-03T18:00:00Z,57698.00000000,58055.00000000,57589.01000000,57926.00000000,915.05632000
2024-09-03T19:00:00Z,57925.99000000,58251.09000000,57852.00000000,58046.00000000,833.08235000
2024-09-03T20:00:00Z,58045.99000000,58247.00000000,58045.99000000,58228.00000000,587.21957000
2024-09-03T21:00:00Z,58228.01000000,58238.00000000,57957.50000000,58134.61000000,471.63225000
2024-09-03T22:00:00Z,58134.61000000,58183.68000000,57863.99000000,57865.00000000,495.40241000
2024-09-03T23:00:00Z,57865.00000000,57899.00000000,57415.00000000,57487.73000000,928.10908000
2024-09-04T00:00:00Z,57487.74000000,57943.53000000,57100.00000000,57140.02000000,1476.45488000
2024-09-04T01:00:00Z,57140.02000000,57161.06000000,55606.00000000,56784.01000000,6507.54633000
2024-09-04T02:00:00Z,56784.01000000,56823.00000000,56520.35000000,56648.01000000,1131.28965000
2024-09-04T03:00:00Z,56648.01000000,56850.00000000,56618.00000000,56653.98000000,893.25504000
2024-09-04T04:00:00Z,56653.99000000,56728.00000000,56559.15000000,56694.00000000,517.99161000
2024-09-04T05:00:00Z,56694.00000000,56694.00000000,56201.00000000,56252.01000000,1520.48803000
2024-09-04T06:00:00Z,56252.01000000,56530.01000000,56209.99000000,56277.00000000,2018.11039000
2024-09-04T07:00:00Z,56277.00000000,56881.00000000,56253.00000000,56746.00000000,1513.51398000
2024-09-04T08:00:00Z,56746.00000000,56909.94000000,56668.28000000,56783.01000000,740.01293000
2024-09-04T09:00:00Z,56783.01000000,56855.00000000,56570.00000000,56596.99000000,853.89851000
2024-09-04T10:00:00Z,56596.99000000,56710.47000000,56453.00000000,56456.45000000,878.42947000
2024-09-04T11:00:00Z,56456.46000000,56682.32000000,56454.73000000,56573.00000000,540.51183000
2024-09-04T12:00:00Z,56573.00000000,56763.99000000,56479.95000000,56599.99000000,776.26939000
2024-09-04T13:00:00Z,56600.00000000,56700.00000000,56319.41000000,56490.00000000,1446.03410000
2024-09-04T14:00:00Z,56489.99000000,57581.40000000,56187.61000000,57511.10000000,3849.65881000
2024-09-04T15:00:00Z,57511.11000000,58181.43000000,57365.00000000,58134.00000000,3831.97973000
2024-09-04T16:00:00Z,58134.00000000,58519.00000000,58121.10000000,58406.07000000,2363.63405000
2024-09-04T17:00:00Z,58406.06000000,58472.00000000,57821.79000000,57878.00000000,1365.95138000
2024-09-04T18:00:00Z,57878.01000000,57997.99000000,57646.00000000,57684.01000000,805.58545000
2024-09-04T19:00:00Z,57684.01000000,58165.00000000,57662.00000000,58058.01000000,749.56159000
2024-09-04T20:00:00Z,58058.00000000,58181.00000000,57792.46000000,58048.01000000,598.90498000
2024-09-04T21:00:00Z,58048.00000000,58120.00000000,57948.00000000,58100.00000000,300.28427000
2024-09-04T22:00:00Z,58100.00000000,58390.00000000,58041.10000000,58130.99000000,465.29601000
2024-09-04T23:00:00Z,58130.98000000,58232.00000000,57889.81000000,57970.90000000,416.15905000
2024-09-05T00:00:00Z,57970.90000000,58327.07000000,57964.00000000,57997.75000000,935.43836000
2024-09-05T01:00:00Z,57997.75000000,58249.00000000,57955.55000000,58021.99000000,499.19331000
2024-09-05T02:00:00Z,58021.99000000,58063.99000000,57653.13000000,57692.99000000,783.10999000
2024-09-05T03:00:00Z,57693.00000000,57693.00000000,56891.07000000,57135.42000000,2500.28710000
2024-09-05T04:00:00Z,57135.42000000,57291.10000000,57076.01000000,57206.40000000,672.68373000
2024-09-05T05:00:00Z,57206.40000000,57268.75000000,57029.00000000,57194.99000000,549.29554000
2024-09-05T06:00:00Z,57195.00000000,57222.78000000,56541.68000000,56914.01000000,1323.86325000
2024-09-05T07:00:00Z,56914.01000000,57245.03000000,56831.71000000,57155.10000000,791.72283000
2024-09-05T08:00:00Z,57155.10000000,57232.00000000,56952.65000000,57004.00000000,627.52643000
2024-09-05T09:00:00Z,57004.00000000,57012.00000000,56623.00000000,56797.00000000,1013.95708000
2024-09-05T10:00:00Z,56797.00000000,56848.97000000,56654.31000000,56771.00000000,586.08011000
2024-09-05T11:00:00Z,56771.00000000,56863.80000000,56663.00000000,56698.01000000,597.41447000
2024-09-05T12:00:00Z,56698.01000000,56850.00000000,56318.00000000,56662.00000000,1962.33334000
2024-09-05T13:00:00Z,56662.01000000,57158.81000000,56571.47000000,57028.62000000,1904.35960000
2024-09-05T14:00:00Z,57028.62000000,57350.00000000,56479.36000000,56558.01000000,2734.64511000
2024-09-05T15:00:00Z,56558.00000000,56674.83000000,55817.51000000,55976.01000000,3598.75143000
2024-09-05T16:00:00Z,55976.01000000,56416.65000000,55960.00000000,56335.00000000,1223.32262000
2024-09-05T17:00:00Z,56335.00000000,56614.00000000,56200.42000000,56602.99000000,893.08044000
2024-09-05T18:00:00Z,56603.00000000,56710.00000000,56506.30000000,56548.99000000,602.59695000
2024-09-05T19:00:00Z,56549.00000000,56568.00000000,55800.00000000,56060.01000000,1587.58365000
2024-09-05T20:00:00Z,56060.00000000,56259.97000000,56010.00000000,56094.00000000,664.19636000
2024-09-05T21:00:00Z,56094.00000000,56253.44000000,55643.65000000,56150.60000000,901.95735000
2024-09-05T22:00:00Z,56150.59000000,56227.50000000,55783.00000000,56104.60000000,521.41259000
2024-09-05T23:00:00Z,56104.99000000,56208.00000000,55993.45000000,56180.00000000,332.10249000
2024-09-06T00:00:00Z,56180.00000000,56333.82000000,55989.00000000,56182.00000000,597.43117000
2024-09-06T01:00:00Z,56182.01000000,56615.49000000,55993.00000000,56558.99000000,911.87979000
2024-09-06T02:00:00Z,56559.00000000,56858.88000000,56499.87000000,56738.00000000,940.25226000
2024-09-06T03:00:00Z,56738.00000000,56840.88000000,56532.00000000,56588.00000000,639.59002000
2024-09-06T04:00:00Z,56588.01000000,56747.91000000,56585.29000000,56594.66000000,418.54986000
2024-09-06T05:00:00Z,56594.67000000,56665.26000000,56295.49000000,56491.01000000,859.71721000
2024-09-06T06:00:00Z,56491.01000000,56518.00000000,56278.57000000,56430.01000000,555.46099000
2024-09-06T07:00:00Z,56430.01000000,56439.00000000,55280.00000000,55804.29000000,4110.12466000
2024-09-06T08:00:00Z,55804.28000000,55938.42000000,55639.00000000,55783.01000000,1256.44684000
2024-09-06T09:00:00Z,55783.01000000,55925.46000000,55676.72000000,55889.86000000,1042.62400000
2024-09-06T10:00:00Z,55889.86000000,56262.11000000,55889.85000000,56178.01000000,890.38249000
2024-09-06T11:00:00Z,56178.01000000,56252.00000000,55826.26000000,55999.09000000,926.80769000
2024-09-06T12:00:00Z,55999.09000000,56944.59000000,55653.42000000,56873.99000000,5000.00747000
2024-09-06T13:00:00Z,56873.99000000,57008.00000000,55849.80000000,55896.01000000,3481.49831000
2024-09-06T14:00:00Z,55896.01000000,55936.00000000,54424.24000000,54733.24000000,7268.22081000
2024-09-06T15:00:00Z,54734.00000000,55000.00000000,53808.00000000,54045.01000000,5387.23718000
2024-09-06T16:00:00Z,54045.00000000,54256.00000000,53632.83000000,54074.00000000,3316.19995000
2024-09-06T17:00:00Z,54074.00000000,54435.00000000,53705.78000000,53935.00000000,2443.31424000
2024-09-06T18:00:00Z,53935.01000000,53995.00000000,53350.00000000,53352.67000000,2451.71241000
2024-09-06T19:00:00Z,53352.67000000,53997.00000000,53267.54000000,53534.28000000,3103.27696000
2024-09-06T20:00:00Z,53534.27000000,53800.00000000,52650.00000000,52887.99000000,4613.33459000
2024-09-06T21:00:00Z,52888.00000000,53766.58000000,52550.00000000,53766.57000000,2677.79026000
2024-09-06T22:00:00Z,53766.58000000,53856.82000000,53614.52000000,53644.01000000,858.28910000
2024-09-06T23:00:00Z,53644.00000000,53969.99000000,53611.10000000,53962.97000000,697.62000000
2024-09-07T00:00:00Z,53962.97000000,54095.65000000,53891.51000000,53914.00000000,800.05680000
2024-09-07T01:00:00Z,53914.00000000,54000.11000000,53745.54000000,53813.37000000,690.46871000
2024-09-07T02:00:00Z,53813.37000000,53945.42000000,53756.56000000,53802.00000000,418.47169000
2024-09-07T03:00:00Z,53802.00000000,53873.81000000,53791.42000000,53818.91000000,374.19346000
2024-09-07T04:00:00Z,53818.92000000,54061.10000000,53814.00000000,54060.59000000,413.16824000
2024-09-07T05:00:00Z,54060.59000000,54381.10000000,54007.67000000,54185.01000000,1125.35224000
2024-09-07T06:00:00Z,54185.01000000,54379.00000000,54028.22000000,54320.23000000,1117.41166000
2024-09-07T07:00:00Z,54320.23000000,54405.37000000,54183.31000000,54286.00000000,1554.89451000
2024-09-07T08:00:00Z,54286.00000000,54393.48000000,54189.60000000,54370.99000000,795.86330000
2024-09-07T09:00:00Z,54371.00000000,54419.38000000,54168.23000000,54251.11000000,528.55394000
2024-09-07T10:00:00Z,54251.11000000,54454.80000000,54247.00000000,54346.01000000,489.08196000
2024-09-07T11:00:00Z,54346.01000000,54492.98000000,54264.54000000,54326.00000000,476.36642000
2024-09-07T12:00:00Z,54326.01000000,54663.00000000,54326.00000000,54578.71000000,562.26084000
2024-09-07T13:00:00Z,54578.72000000,54665.94000000,54404.00000000,54546.99000000,686.74052000
2024-09-07T14:00:00Z,54547.00000000,54691.10000000,54488.41000000,54632.17000000,529.51042000
2024-09-07T15:00:00Z,54632.17000000,54829.00000000,54600.00000000,54780.00000000,732.36309000
2024-09-07T16:00:00Z,54780.00000000,54850.00000000,54434.84000000,54465.97000000,810.17573000
2024-09-07T17:00:00Z,54465.97000000,54535.72000000,54000.00000000,54134.00000000,976.36036000
2024-09-07T18:00:00Z,54134.00000000,54396.88000000,54037.00000000,54291.10000000,814.89276000
2024-09-07T19:00:00Z,54291.10000000,54457.82000000,54231.10000000,54404.01000000,536.34811000
2024-09-07T20:00:00Z,54404.01000000,54437.97000000,54166.00000000,54166.01000000,392.25408000
2024-09-07T21:00:00Z,54166.01000000,54188.00000000,53867.00000000,53926.99000000,874.49354000
2024-09-07T22:00:00Z,53927.00000000,54082.89000000,53868.00000000,53954.00000000,364.40500000
2024-09-07T23:00:00Z,53954.00000000,54196.64000000,53814.01000000,54160.86000000,630.36036000
2024-09-08T00:00:00Z,54160.86000000,54190.17000000,53964.00000000,54137.50000000,497.48026000
2024-09-08T01:00:00Z,54137.50000000,54365.44000000,54136.00000000,54275.00000000,423.04988000
2024-09-08T02:00:00Z,54274.99000000,54509.00000000,54274.99000000,54337.43000000,668.68659000
2024-09-08T03:00:00Z,54337.44000000,54405.01000000,54266.88000000,54402.99000000,390.28341000
2024-09-08T04:00:00Z,54402.98000000,54575.00000000,54371.10000000,54491.99000000,374.73132000
2024-09-08T05:00:00Z,54492.00000000,54518.75000000,54327.52000000,54344.01000000,365.61789000
2024-09-08T06:00:00Z,54344.01000000,54419.99000000,54261.10000000,54292.01000000,445.26758000
2024-09-08T07:00:00Z,54292.01000000,54525.00000000,54292.00000000,54436.25000000,536.61685000
2024-09-08T08:00:00Z,54436.25000000,54500.01000000,54356.00000000,54480.00000000,304.76109000
2024-09-08T09:00:00Z,54480.00000000,54722.85000000,54456.01000000,54456.02000000,793.52683000
2024-09-08T10:00:00Z,54456.02000000,54643.20000000,54440.00000000,54608.01000000,375.08850000
2024-09-08T11:00:00Z,54608.01000000,54669.60000000,54517.39000000,54556.08000000,292.35522000
2024-09-08T12:00:00Z,54556.08000000,54567.00000000,54095.52000000,54194.70000000,792.46432000
2024-09-08T13:00:00Z,54194.71000000,54399.00000000,54072.01000000,54399.00000000,630.64238000
2024-09-08T14:00:00Z,54398.99000000,54444.00000000,54041.61000000,54149.50000000,632.85213000
2024-09-08T15:00:00Z,54149.51000000,54189.99000000,53640.00000000,53687.00000000,1444.45724000
2024-09-08T16:00:00Z,53686.99000000,54024.56000000,53629.01000000,53907.18000000,781.00754000
2024-09-08T17:00:00Z,53907.18000000,54519.30000000,53907.17000000,54510.01000000,810.89877000
2024-09-08T18:00:00Z,54510.00000000,54531.10000000,54277.00000000,54412.01000000,433.05093000
2024-09-08T19:00:00Z,54412.01000000,54475.00000000,54317.00000000,54337.01000000,264.25083000
2024-09-08T20:00:00Z,54337.02000000,54384.00000000,54184.00000000,54379.02000000,364.27157000
2024-09-08T21:00:00Z,54379.01000000,54619.84000000,54299.89000000,54464.00000000,663.07010000
2024-09-08T22:00:00Z,54463.99000000,55318.00000000,54367.50000000,54530.00000000,2894.91447000
2024-09-08T23:00:00Z,54530.00000000,54975.00000000,54424.75000000,54869.95000000,1094.80209000
2024-09-09T00:00:00Z,54869.95000000,55210.00000000,54688.69000000,55045.00000000,1414.80055000
2024-09-09T01:00:00Z,55045.01000000,55370.23000000,54901.10000000,55103.99000000,1831.55993000
2024-09-09T02:00:00Z,55104.00000000,55137.00000000,54851.10000000,55113.00000000,623.14252000
2024-09-09T03:00:00Z,55113.01000000,55215.74000000,54764.68000000,55115.00000000,1030.08827000
2024-09-09T04:00:00Z,55115.00000000,55150.00000000,54849.64000000,54849.65000000,1034.90046000
2024-09-09T05:00:00Z,54849.65000000,54935.39000000,54591.96000000,54668.00000000,745.99128000
2024-09-09T06:00:00Z,54668.00000000,54971.10000000,54644.01000000,54898.00000000,593.88858000
2024-09-09T07:00:00Z,54898.00000000,55010.87000000,54730.00000000,54974.01000000,716.38164000
2024-09-09T08:00:00Z,54974.01000000,55341.78000000,54960.00000000,55244.00000000,1100.18154000
2024-09-09T09:00:00Z,55244.00000000,55555.00000000,55102.00000000,55152.00000000,988.10681000
2024-09-09T10:00:00Z,55152.00000000,55457.51000000,55100.00000000,55364.00000000,816.93047000
2024-09-09T11:00:00Z,55364.00000000,55386.00000000,55159.91000000,55264.87000000,523.95744000
2024-09-09T12:00:00Z,55264.87000000,55356.00000000,54965.71000000,55341.10000000,801.65503000
2024-09-09T13:00:00Z,55341.10000000,55799.00000000,55252.00000000,55686.92000000,1851.55425000
2024-09-09T14:00:00Z,55686.93000000,55750.00000000,54804.00000000,54840.01000000,2380.62272000
2024-09-09T15:00:00Z,54840.00000000,55470.00000000,54828.00000000,55386.00000000,1508.65033000
2024-09-09T16:00:00Z,55385.99000000,56525.14000000,55348.54000000,56430.11000000,3509.02955000
2024-09-09T17:00:00Z,56430.11000000,56775.24000000,56339.51000000,56514.00000000,1860.60515000
2024-09-09T18:00:00Z,56514.00000000,56650.00000000,56264.00000000,56530.00000000,1814.74824000
2024-09-09T19:00:00Z,56529.99000000,57177.00000000,56482.00000000,57089.54000000,1869.53558000
2024-09-09T20:00:00Z,57089.53000000,57128.00000000,56810.00000000,57007.98000000,788.17451000
2024-09-09T21:00:00Z,57007.98000000,58088.00000000,57002.93000000,57454.27000000,2977.36994000
2024-09-09T22:00:00Z,57454.27000000,57620.00000000,57184.32000000,57216.00000000,786.55970000
2024-09-09T23:00:00Z,57216.01000000,57265.13000000,56998.19000000,57042.00000000,816.08288000
2024-09-10T00:00:00Z,57042.01000000,57065.34000000,56624.50000000,56982.01000000,1449.29090000
2024-09-10T01:00:00Z,56982.01000000,57050.72000000,56709.16000000,56900.00000000,849.86814000
2024-09-10T02:00:00Z,56900.00000000,56911.09000000,56635.80000000,56775.28000000,612.49789000
2024-09-10T03:00:00Z,56775.27000000,56802.00000000,56522.86000000,56524.74000000,677.60914000
2024-09-10T04:00:00Z,56524.74000000,56739.40000000,56386.40000000,56609.99000000,816.27974000
2024-09-10T05:00:00Z,56610.00000000,56966.00000000,56591.10000000,56945.45000000,611.35477000
2024-09-10T06:00:00Z,56945.45000000,56945.45000000,56771.10000000,56825.99000000,466.45247000
2024-09-10T07:00:00Z,56826.00000000,57290.00000000,56773.43000000,57218.57000000,1075.89816000
2024-09-10T08:00:00Z,57218.56000000,57378.00000000,56990.00000000,57046.99000000,1189.37056000
2024-09-10T09:00:00Z,57046.99000000,57273.52000000,56878.65000000,57086.01000000,1085.49639000
2024-09-10T10:00:00Z,57086.01000000,57184.22000000,56947.13000000,57170.00000000,558.15752000
2024-09-10T11:00:00Z,57170.00000000,57260.00000000,57018.00000000,57228.00000000,690.71799000
2024-09-10T12:00:00Z,57228.01000000,57468.98000000,57162.00000000,57203.19000000,870.91615000
2024-09-10T13:00:00Z,57203.20000000,57204.00000000,56630.56000000,56741.09000000,1992.90587000
2024-09-10T14:00:00Z,56741.10000000,57165.99000000,56502.31000000,56941.09000000,1919.82830000
2024-09-10T15:00:00Z,56941.09000000,57210.00000000,56596.00000000,56596.00000000,1353.37693000
2024-09-10T16:00:00Z,56596.01000000,56945.94000000,56566.00000000,56819.60000000,788.17727000
2024-09-10T17:00:00Z,56819.59000000,57380.00000000,56795.05000000,57175.96000000,1100.35899000
2024-09-10T18:00:00Z,57175.96000000,57978.41000000,57175.96000000,57581.99000000,1752.37098000
2024-09-10T19:00:00Z,57581.99000000,58044.36000000,57334.01000000,57952.01000000,1395.59965000
2024-09-10T20:00:00Z,57952.01000000,57975.99000000,57545.02000000,57567.89000000,763.18706000
2024-09-10T21:00:00Z,57567.89000000,57754.00000000,57455.72000000,57507.99000000,537.18530000
2024-09-10T22:00:00Z,57508.00000000,57677.64000000,57453.00000000,57615.85000000,374.58263000
2024-09-10T23:00:00Z,57615.86000000,57870.00000000,57581.05000000,57635.99000000,695.29846000
2024-09-11T00:00:00Z,57635.99000000,57687.71000000,57438.34000000,57640.50000000,455.10120000
2024-09-11T01:00:00Z,57640.51000000,57750.00000000,56681.32000000,56717.99000000,2058.25846000
2024-09-11T02:00:00Z,56717.99000000,57180.98000000,56696.93000000,56921.10000000,1296.56648000
2024-09-11T03:00:00Z,56921.11000000,56971.10000000,56688.40000000,56819.55000000,825.15952000
2024-09-11T04:00:00Z,56819.56000000,56819.56000000,56252.00000000,56530.50000000,1669.11700000
2024-09-11T05:00:00Z,56530.51000000,56539.99000000,56100.00000000,56244.00000000,925.68105000
2024-09-11T06:00:00Z,56244.00000000,56578.00000000,56174.00000000,56460.00000000,842.41486000
2024-09-11T07:00:00Z,56460.00000000,56783.10000000,56460.00000000,56712.00000000,923.92737000
2024-09-11T08:00:00Z,56712.01000000,56716.13000000,56325.70000000,56398.00000000,771.50692000
2024-09-11T09:00:00Z,56398.01000000,56741.24000000,56381.67000000,56677.99000000,797.07803000
2024-09-11T10:00:00Z,56678.00000000,56700.00000000,56328.26000000,56510.00000000,1570.34775000
2024-09-11T11:00:00Z,56510.00000000,56895.82000000,56507.39000000,56797.99000000,1155.69961000
2024-09-11T12:00:00Z,56798.00000000,56915.66000000,56279.42000000,56748.01000000,2511.69575000
2024-09-11T13:00:00Z,56748.00000000,57166.66000000,55710.70000000,55740.00000000,3577.27957000
2024-09-11T14:00:00Z,55740.01000000,56024.00000000,55545.19000000,55974.00000000,2432.24783000
2024-09-11T15:00:00Z,55974.00000000,57003.99000000,55852.00000000,56701.23000000,2304.21875000
2024-09-11T16:00:00Z,56701.22000000,57514.47000000,56646.00000000,57312.00000000,2083.08795000
2024-09-11T17:00:00Z,57311.99000000,57868.47000000,57254.00000000,57694.00000000,2295.97581000
2024-09-11T18:00:00Z,57694.00000000,57981.71000000,57377.50000000,57500.00000000,2079.80815000
2024-09-11T19:00:00Z,57499.99000000,57776.32000000,57325.38000000,57585.50000000,853.90969000
2024-09-11T20:00:00Z,57585.50000000,57676.83000000,57438.00000000,57486.00000000,457.00677000
2024-09-11T21:00:00Z,57486.01000000,57558.00000000,57252.00000000,57352.00000000,369.41938000
2024-09-11T22:00:00Z,57352.00000000,57468.00000000,57211.10000000,57467.99000000,413.39490000
2024-09-11T23:00:00Z,57468.00000000,57508.00000000,57310.97000000,57338.00000000,357.66477000
2024-09-12T00:00:00Z,57338.00000000,57907.90000000,57324.00000000,57626.01000000,1283.19916000
2024-09-12T01:00:00Z,57626.01000000,58275.00000000,57597.80000000,58137.74000000,1210.69319000
2024-09-12T02:00:00Z,58137.74000000,58470.01000000,57827.61000000,57946.28000000,1728.57135000
2024-09-12T03:00:00Z,57946.29000000,58335.53000000,57946.28000000,58232.72000000,702.63656000
2024-09-12T04:00:00Z,58232.73000000,58430.56000000,58160.00000000,58181.98000000,777.70022000
2024-09-12T05:00:00Z,58181.99000000,58181.99000000,57909.92000000,57968.01000000,1279.37595000
2024-09-12T06:00:00Z,57968.01000000,58100.11000000,57836.28000000,57947.99000000,1070.22732000
2024-09-12T07:00:00Z,57948.00000000,58148.00000000,57876.00000000,58138.16000000,677.87543000
2024-09-12T08:00:00Z,58138.15000000,58350.00000000,58100.00000000,58171.06000000,1100.64695000
2024-09-12T09:00:00Z,58171.06000000,58250.00000000,57980.00000000,58022.00000000,578.59489000
2024-09-12T10:00:00Z,58022.00000000,58098.00000000,57929.07000000,57930.41000000,804.75125000
2024-09-12T11:00:00Z,57930.41000000,58146.17000000,57894.00000000,58057.99000000,919.41988000
2024-09-12T12:00:00Z,58058.00000000,58162.11000000,57583.29000000,57691.56000000,1845.08693000
2024-09-12T13:00:00Z,57691.55000000,57875.99000000,57345.23000000,57627.99000000,2310.27986000
2024-09-12T14:00:00Z,57628.00000000,58588.00000000,57541.29000000,57541.29000000,3152.10176000
2024-09-12T15:00:00Z,57541.30000000,57878.77000000,57408.41000000,57512.03000000,1840.14849000
2024-09-12T16:00:00Z,57512.03000000,58125.00000000,57494.01000000,58065.99000000,894.00799000
2024-09-12T17:00:00Z,58065.99000000,58410.00000000,58007.56000000,58389.10000000,1014.58403000
2024-09-12T18:00:00Z,58389.11000000,58450.99000000,57949.18000000,58181.99000000,1519.66560000
2024-09-12T19:00:00Z,58181.99000000,58442.86000000,58129.13000000,58388.00000000,2503.13125000
2024-09-12T20:00:00Z,58388.00000000,58388.00000000,58085.09000000,58199.99000000,1796.87711000
2024-09-12T21:00:00Z,58199.99000000,58385.81000000,57781.10000000,57921.11000000,1313.07343000
2024-09-12T22:00:00Z,57921.10000000,58260.00000000,57904.18000000,58143.34000000,416.62633000
2024-09-12T23:00:00Z,58143.33000000,58190.38000000,58031.00000000,58132.32000000,335.13138000
2024-09-13T00:00:00Z,58132.31000000,58244.00000000,57999.90000000,58031.14000000,460.24187000
2024-09-13T01:00:00Z,58031.14000000,58290.40000000,57876.90000000,58129.99000000,802.88113000
2024-09-13T02:00:00Z,58129.98000000,58170.00000000,57974.00000000,58050.80000000,414.94887000
2024-09-13T03:00:00Z,58050.80000000,58070.00000000,57798.49000000,57845.97000000,671.10826000
2024-09-13T04:00:00Z,57845.97000000,57985.99000000,57804.01000000,57844.00000000,324.13177000
2024-09-13T05:00:00Z,57844.00000000,58024.89000000,57833.97000000,57946.00000000,539.69127000
2024-09-13T06:00:00Z,57946.01000000,57952.00000000,57742.00000000,57767.01000000,553.36201000
2024-09-13T07:00:00Z,57767.00000000,58137.68000000,57767.00000000,58109.31000000,626.44185000
2024-09-13T08:00:00Z,58109.31000000,58150.00000000,57898.56000000,57953.64000000,551.14525000
2024-09-13T09:00:00Z,57953.63000000,58146.84000000,57924.00000000,58058.60000000,555.03453000
2024-09-13T10:00:00Z,58058.60000000,58350.00000000,58031.11000000,58343.99000000,603.13646000
2024-09-13T11:00:00Z,58343.99000000,58343.99000000,57815.00000000,57871.10000000,933.49267000
2024-09-13T12:00:00Z,57871.10000000,57951.10000000,57632.62000000,57910.00000000,1463.01336000
2024-09-13T13:00:00Z,57910.01000000,58157.12000000,57686.67000000,58056.01000000,1359.25546000
2024-09-13T14:00:00Z,58056.00000000,58553.01000000,57833.38000000,58456.89000000,2473.04952000
2024-09-13T15:00:00Z,58456.89000000,59723.97000000,58362.00000000,59667.38000000,4934.87479000
2024-09-13T16:00:00Z,59666.01000000,59796.70000000,59312.01000000,59452.31000000,2444.84234000
2024-09-13T17:00:00Z,59452.31000000,59971.17000000,59444.04000000,59584.00000000,1593.31149000
2024-09-13T18:00:00Z,59584.00000000,59900.00000000,59478.00000000,59752.17000000,1119.07510000
2024-09-13T19:00:00Z,59752.17000000,59999.00000000,59652.72000000,59743.99000000,1281.66571000
2024-09-13T20:00:00Z,59743.99000000,59956.00000000,59633.40000000,59838.52000000,643.70741000
2024-09-13T21:00:00Z,59838.52000000,60358.00000000,59822.00000000,60283.86000000,2104.71656000
2024-09-13T22:00:00Z,60283.85000000,60625.00000000,60240.00000000,60608.00000000,2041.22233000
2024-09-13T23:00:00Z,60608.00000000,60623.48000000,60169.00000000,60498.00000000,1330.88332000
2024-09-14T00:00:00Z,60497.99000000,60610.45000000,60372.77000000,60414.39000000,753.37252000
2024-09-14T01:00:00Z,60414.39000000,60595.70000000,60406.06000000,60406.06000000,590.92967000
2024-09-14T02:00:00Z,60406.06000000,60496.00000000,60285.55000000,60287.99000000,465.87729000
2024-09-14T03:00:00Z,60288.00000000,60431.98000000,60287.99000000,60329.37000000,465.89329000
2024-09-14T04:00:00Z,60329.38000000,60348.24000000,60184.86000000,60213.05000000,480.76008000
2024-09-14T05:00:00Z,60213.06000000,60242.47000000,59900.32000000,59926.00000000,1113.74602000
2024-09-14T06:00:00Z,59926.00000000,60079.36000000,59900.00000000,60046.00000000,484.87910000
2024-09-14T07:00:00Z,60046.01000000,60174.00000000,59998.01000000,60138.14000000,440.82171000
2024-09-14T08:00:00Z,60138.14000000,60156.00000000,59933.94000000,59973.99000000,480.77595000
2024-09-14T09:00:00Z,59973.99000000,60070.21000000,59858.58000000,60070.20000000,651.32309000
2024-09-14T10:00:00Z,60070.20000000,60070.21000000,59789.32000000,59851.09000000,515.51731000
2024-09-14T11:00:00Z,59851.10000000,59851.10000000,59605.98000000,59706.39000000,556.27985000
2024-09-14T12:00:00Z,59706.40000000,59851.27000000,59626.01000000,59794.03000000,405.89240000
2024-09-14T13:00:00Z,59794.03000000,59794.03000000,59646.00000000,59769.11000000,348.56935000
2024-09-14T14:00:00Z,59769.11000000,60010.00000000,59706.00000000,59914.00000000,646.73823000
2024-09-14T15:00:00Z,59914.00000000,59949.11000000,59828.07000000,59876.00000000,303.09513000
2024-09-14T16:00:00Z,59875.99000000,59982.00000000,59838.22000000,59981.99000000,298.03992000
2024-09-14T17:00:00Z,59982.00000000,59983.39000000,59854.32000000,59885.26000000,222.91264000
2024-09-14T18:00:00Z,59885.26000000,59897.79000000,59400.00000000,59786.00000000,1444.64627000
2024-09-14T19:00:00Z,59786.01000000,59903.56000000,59735.16000000,59810.00000000,168.39931000
2024-09-14T20:00:00Z,59810.01000000,60134.13000000,59774.00000000,60024.01000000,575.12177000
2024-09-14T21:00:00Z,60024.02000000,60056.71000000,59950.21000000,60036.00000000,259.37223000
2024-09-14T22:00:00Z,60036.01000000,60125.00000000,59940.00000000,60006.97000000,279.16570000
2024-09-14T23:00:00Z,60006.97000000,60050.00000000,59936.91000000,59993.03000000,185.78018000
2024-09-15T00:00:00Z,59993.02000000,60119.42000000,59986.01000000,60025.95000000,194.47345000
2024-09-15T01:00:00Z,60025.95000000,60280.06000000,60025.95000000,60235.22000000,503.55364000
2024-09-15T02:00:00Z,60235.22000000,60267.86000000,60116.00000000,60238.01000000,363.73600000
2024-09-15T03:00:00Z,60238.01000000,60238.57000000,60134.00000000,60155.93000000,174.35633000
2024-09-15T04:00:00Z,60155.93000000,60216.00000000,60032.90000000,60117.99000000,443.84071000
2024-09-15T05:00:00Z,60118.00000000,60214.89000000,60117.99000000,60160.00000000,199.50456000
2024-09-15T06:00:00Z,60160.00000000,60183.02000000,60144.17000000,60164.01000000,164.76842000
2024-09-15T07:00:00Z,60164.01000000,60214.34000000,60129.93000000,60196.00000000,213.48898000
2024-09-15T08:00:00Z,60195.99000000,60204.00000000,60044.00000000,60069.99000000,270.79467000
2024-09-15T09:00:00Z,60069.99000000,60105.74000000,60009.96000000,60016.00000000,215.67193000
2024-09-15T10:00:00Z,60016.01000000,60042.00000000,59880.00000000,59991.30000000,349.39558000
2024-09-15T11:00:00Z,59991.31000000,60034.00000000,59894.00000000,60000.51000000,327.68379000
2024-09-15T12:00:00Z,60000.51000000,60118.00000000,59949.99000000,60104.39000000,326.54419000
2024-09-15T13:00:00Z,60104.39000000,60350.98000000,60085.62000000,60189.98000000,716.18863000
2024-09-15T14:00:00Z,60189.99000000,60280.00000000,59871.00000000,60279.52000000,542.27478000
2024-09-15T15:00:00Z,60279.51000000,60395.80000000,60170.75000000,60335.41000000,527.80420000
2024-09-15T16:00:00Z,60335.41000000,60352.65000000,59934.54000000,59950.05000000,949.54284000
2024-09-15T17:00:00Z,59950.05000000,60042.63000000,59707.08000000,59814.07000000,965.11031000
2024-09-15T18:00:00Z,59814.07000000,60181.80000000,59746.00000000,59971.09000000,854.93726000
2024-09-15T19:00:00Z,59971.09000000,60140.00000000,59812.00000000,59878.22000000,476.15894000
2024-09-15T20:00:00Z,59878.23000000,59939.10000000,59691.10000000,59795.99000000,498.98533000
2024-09-15T21:00:00Z,59796.00000000,59797.15000000,59479.06000000,59651.69000000,751.06314000
2024-09-15T22:00:00Z,59651.70000000,59670.15000000,59392.00000000,59430.31000000,654.83091000
2024-09-15T23:00:00Z,59430.30000000,59456.00000000,58691.05000000,59132.00000000,3073.21502000
2024-09-16T00:00:00Z,59132.00000000,59210.70000000,58606.30000000,58666.36000000,1563.34944000
2024-09-16T01:00:00Z,58666.36000000,58798.00000000,58420.00000000,58607.07000000,1323.60665000
2024-09-16T02:00:00Z,58607.07000000,58670.62000000,58112.00000000,58263.99000000,1538.51475000
2024-09-16T03:00:00Z,58263.99000000,58606.00000000,58218.00000000,58575.09000000,945.36776000
2024-09-16T04:00:00Z,58575.09000000,58592.00000000,58312.54000000,58352.00000000,895.94436000
2024-09-16T05:00:00Z,58351.99000000,58670.01000000,58343.70000000,58670.00000000,966.19076000
2024-09-16T06:00:00Z,58670.00000000,58863.86000000,58628.00000000,58707.43000000,937.81199000
2024-09-16T07:00:00Z,58707.43000000,58970.00000000,58668.89000000,58911.10000000,633.50300000
2024-09-16T08:00:00Z,58911.10000000,59179.35000000,58854.86000000,58924.98000000,833.50487000
2024-09-16T09:00:00Z,58924.98000000,59032.20000000,58579.27000000,58636.54000000,1072.98491000
2024-09-16T10:00:00Z,58636.54000000,58750.00000000,58506.00000000,58749.99000000,681.17224000
2024-09-16T11:00:00Z,58749.99000000,58835.84000000,58652.00000000,58663.99000000,682.69309000
2024-09-16T12:00:00Z,58664.00000000,58789.93000000,58419.91000000,58527.99000000,802.53453000
2024-09-16T13:00:00Z,58527.99000000,58610.10000000,58021.00000000,58497.10000000,2094.22366000
2024-09-16T14:00:00Z,58497.11000000,58560.44000000,57555.00000000,57604.00000000,2696.19159000
2024-09-16T15:00:00Z,57604.00000000,58000.00000000,57553.38000000,57881.69000000,1357.33170000
2024-09-16T16:00:00Z,57881.70000000,57951.86000000,57676.93000000,57809.98000000,1124.43570000
2024-09-16T17:00:00Z,57809.98000000,58263.84000000,57493.30000000,58176.01000000,1913.78305000
2024-09-16T18:00:00Z,58176.00000000,58192.00000000,57701.56000000,57896.00000000,1221.41424000
2024-09-16T19:00:00Z,57896.00000000,58030.00000000,57797.56000000,57943.99000000,668.26015000
2024-09-16T20:00:00Z,57943.99000000,58172.50000000,57642.00000000,57687.99000000,741.16452000
2024-09-16T21:00:00Z,57688.00000000,57995.50000000,57608.00000000,57995.50000000,834.60810000
2024-09-16T22:00:00Z,57995.50000000,58037.62000000,57842.00000000,57970.01000000,360.27336000
2024-09-16T23:00:00Z,57970.01000000,58410.00000000,57970.01000000,58213.99000000,588.69978000
2024-09-17T00:00:00Z,58213.99000000,58343.99000000,57610.01000000,57630.01000000,875.34452000
2024-09-17T01:00:00Z,57630.01000000,57960.00000000,57622.00000000,57896.00000000,525.18524000
2024-09-17T02:00:00Z,57896.00000000,58211.10000000,57837.17000000,58115.52000000,590.35788000
2024-09-17T03:00:00Z,58115.53000000,58148.84000000,58011.10000000,58060.00000000,408.80369000
2024-09-17T04:00:00Z,58060.00000000,58350.03000000,58028.00000000,58246.01000000,584.36182000
2024-09-17T05:00:00Z,58246.00000000,58779.08000000,58232.87000000,58642.76000000,613.92189000
2024-09-17T06:00:00Z,58642.62000000,58670.00000000,58450.00000000,58488.00000000,412.51616000
2024-09-17T07:00:00Z,58488.00000000,58711.10000000,58452.78000000,58695.39000000,790.90366000
2024-09-17T08:00:00Z,58695.39000000,58863.00000000,58636.36000000,58792.00000000,734.10993000
2024-09-17T09:00:00Z,58792.00000000,59079.99000000,58702.01000000,58966.48000000,818.33697000
2024-09-17T10:00:00Z,58966.47000000,59275.00000000,58898.37000000,59236.00000000,1000.86967000
2024-09-17T11:00:00Z,59235.99000000,59300.00000000,59032.66000000,59080.99000000,849.73416000
2024-09-17T12:00:00Z,59080.99000000,59445.76000000,59044.06000000,59381.10000000,1419.68743000
2024-09-17T13:00:00Z,59381.10000000,59416.00000000,58872.02000000,58966.00000000,1805.65841000
2024-09-17T14:00:00Z,58966.00000000,60406.18000000,58940.00000000,60265.17000000,5356.27751000
2024-09-17T15:00:00Z,60265.99000000,61320.00000000,60220.90000000,61135.50000000,5936.88721000
2024-09-17T16:00:00Z,61135.49000000,61261.00000000,60725.11000000,60873.86000000,2324.36181000
2024-09-17T17:00:00Z,60873.86000000,60999.00000000,60686.36000000,60958.37000000,1409.46651000
2024-09-17T18:00:00Z,60958.37000000,61075.39000000,60363.81000000,60540.17000000,1305.76779000
2024-09-17T19:00:00Z,60540.17000000,60696.48000000,59618.26000000,59967.99000000,2112.05320000
2024-09-17T20:00:00Z,59967.98000000,60342.85000000,59715.42000000,60120.00000000,1665.06151000
2024-09-17T21:00:00Z,60119.99000000,60424.25000000,60105.01000000,60334.07000000,662.68788000
2024-09-17T22:00:00Z,60334.07000000,60343.99000000,60122.50000000,60240.01000000,424.37655000
2024-09-17T23:00:00Z,60240.01000000,60324.00000000,60005.31000000,60313.99000000,489.52738000
2024-09-18T00:00:00Z,60313.99000000,60334.00000000,59854.60000000,60240.00000000,1066.36130000
2024-09-18T01:00:00Z,60240.01000000,60330.05000000,59988.41000000,60114.00000000,650.41247000
2024-09-18T02:00:00Z,60114.00000000,60361.00000000,60073.09000000,60352.00000000,455.14795000
2024-09-18T03:00:00Z,60352.00000000,60769.00000000,60348.51000000,60509.99000000,1819.91935000
2024-09-18T04:00:00Z,60510.00000000,60689.62000000,60318.00000000,60429.99000000,604.50439000
2024-09-18T05:00:00Z,60429.99000000,60429.99000000,60199.68000000,60241.07000000,421.02101000
2024-09-18T06:00:00Z,60241.07000000,60488.96000000,60204.00000000,60453.99000000,379.01087000
2024-09-18T07:00:00Z,60453.99000000,60541.65000000,60334.00000000,60428.01000000,428.78480000
2024-09-18T08:00:00Z,60428.01000000,60428.01000000,60086.54000000,60198.05000000,630.96889000
2024-09-18T09:00:00Z,60198.05000000,60198.06000000,59654.77000000,59654.77000000,1334.23239000
2024-09-18T10:00:00Z,59654.76000000,59924.00000000,59348.88000000,59907.49000000,2111.03734000
2024-09-18T11:00:00Z,59907.50000000,60000.00000000,59821.81000000,59846.00000000,451.89241000
2024-09-18T12:00:00Z,59846.00000000,60000.00000000,59689.57000000,59978.24000000,829.14742000
2024-09-18T13:00:00Z,59978.24000000,60160.00000000,59308.61000000,59508.50000000,1920.77662000
2024-09-18T14:00:00Z,59508.50000000,59776.00000000,59340.00000000,59487.60000000,1376.14090000
2024-09-18T15:00:00Z,59487.61000000,59757.06000000,59320.00000000,59429.18000000,991.84446000
2024-09-18T16:00:00Z,59429.19000000,59954.00000000,59174.80000000,59915.26000000,1247.00154000
2024-09-18T17:00:00Z,59915.26000000,60247.69000000,59485.45000000,60013.01000000,1472.53323000
2024-09-18T18:00:00Z,60013.02000000,61318.60000000,59759.84000000,60629.79000000,8768.74537000
2024-09-18T19:00:00Z,60629.79000000,60745.99000000,59987.25000000,60057.99000000,3156.74947000
2024-09-18T20:00:00Z,60057.99000000,60320.00000000,59473.68000000,60230.01000000,2083.48272000
2024-09-18T21:00:00Z,60230.01000000,60496.95000000,60168.04000000,60199.46000000,808.61440000
2024-09-18T22:00:00Z,60199.46000000,60700.00000000,60194.00000000,60684.78000000,732.26197000
2024-09-18T23:00:00Z,60684.78000000,61786.24000000,60680.00000000,61759.99000000,2346.43342000
2024-09-19T00:00:00Z,61759.98000000,62589.52000000,61704.02000000,62226.00000000,4317.11457000
2024-09-19T01:00:00Z,62226.00000000,62316.00000000,61555.00000000,62005.99000000,1884.00728000
2024-09-19T02:00:00Z,62006.00000000,62329.00000000,61799.90000000,62204.32000000,1425.98063000
2024-09-19T03:00:00Z,62204.32000000,62278.00000000,61998.29000000,62117.99000000,717.19002000
2024-09-19T04:00:00Z,62117.98000000,62150.00000000,61892.10000000,62082.00000000,600.47755000
2024-09-19T05:00:00Z,62082.00000000,62179.99000000,61902.00000000,61990.42000000,730.33282000
2024-09-19T06:00:00Z,61990.42000000,62124.00000000,61814.00000000,62020.60000000,758.55786000
2024-09-19T07:00:00Z,62020.60000000,62176.21000000,61923.45000000,62093.99000000,1270.87999000
2024-09-19T08:00:00Z,62094.00000000,62197.39000000,61888.18000000,61932.00000000,668.50319000
2024-09-19T09:00:00Z,61932.01000000,62349.00000000,61892.00000000,62272.01000000,905.48226000
2024-09-19T10:00:00Z,62272.01000000,62727.52000000,62272.00000000,62320.01000000,1169.11847000
2024-09-19T11:00:00Z,62320.00000000,62708.00000000,62242.00000000,62645.44000000,942.55837000
2024-09-19T12:00:00Z,62645.44000000,63200.00000000,62582.14000000,62924.07000000,3495.58417000
2024-09-19T13:00:00Z,62924.06000000,63370.50000000,62690.00000000,63035.98000000,2426.97861000
2024-09-19T14:00:00Z,63035.98000000,63500.84000000,62888.00000000,62935.83000000,2941.04278000
2024-09-19T15:00:00Z,62935.84000000,63355.00000000,62810.68000000,63154.04000000,1302.93609000
2024-09-19T16:00:00Z,63154.03000000,63675.97000000,62940.00000000,63556.92000000,1836.99145000
2024-09-19T17:00:00Z,63556.92000000,63850.00000000,63279.35000000,63709.22000000,2038.38188000
2024-09-19T18:00:00Z,63709.22000000,63776.99000000,63490.00000000,63628.00000000,1122.13495000
2024-09-19T19:00:00Z,63628.01000000,63639.69000000,63149.44000000,63251.99000000,1057.33622000
2024-09-19T20:00:00Z,63251.99000000,63254.14000000,62961.20000000,63016.74000000,664.18566000
2024-09-19T21:00:00Z,63016.75000000,63168.75000000,62879.76000000,62879.76000000,655.95987000
2024-09-19T22:00:00Z,62879.76000000,63086.01000000,62650.00000000,62940.01000000,1048.49106000
2024-09-19T23:00:00Z,62940.01000000,63070.00000000,62900.01000000,62947.99000000,352.30033000
2024-09-20T00:00:00Z,62948.00000000,63010.00000000,62663.72000000,62756.40000000,804.40766000
2024-09-20T01:00:00Z,62756.39000000,63184.54000000,62606.00000000,63037.99000000,1034.87387000
2024-09-20T02:00:00Z,63037.99000000,63125.01000000,62819.85000000,63125.01000000,602.69311000
2024-09-20T03:00:00Z,63125.01000000,63750.00000000,63086.95000000,63742.16000000,1179.84226000
2024-09-20T04:00:00Z,63742.15000000,64133.32000000,63670.30000000,63843.81000000,2897.89215000
2024-09-20T05:00:00Z,63843.81000000,64033.99000000,63608.81000000,63809.99000000,1264.42506000
2024-09-20T06:00:00Z,63810.00000000,63925.32000000,63636.00000000,63795.33000000,977.43992000
2024-09-20T07:00:00Z,63795.34000000,63795.34000000,63390.32000000,63524.80000000,1498.59593000
2024-09-20T08:00:00Z,63524.81000000,63530.00000000,63090.43000000,63298.91000000,1303.94156000
2024-09-20T09:00:00Z,63298.91000000,63554.99000000,63264.01000000,63468.00000000,760.64387000
2024-09-20T10:00:00Z,63468.00000000,63677.99000000,63350.93000000,63664.00000000,642.71135000
2024-09-20T11:00:00Z,63664.01000000,63700.00000000,63344.00000000,63440.00000000,1036.45468000
2024-09-20T12:00:00Z,63440.01000000,63544.37000000,63332.89000000,63417.45000000,666.52531000
2024-09-20T13:00:00Z,63417.45000000,63450.00000000,62676.90000000,62836.46000000,2118.70560000
2024-09-20T14:00:00Z,62836.46000000,63506.00000000,62553.90000000,63037.53000000,2317.76296000
2024-09-20T15:00:00Z,63037.53000000,63359.99000000,62703.00000000,63153.99000000,1486.93407000
2024-09-20T16:00:00Z,63153.99000000,63282.00000000,62810.46000000,62872.50000000,801.73168000
2024-09-20T17:00:00Z,62872.51000000,62987.50000000,62622.01000000,62704.00000000,810.02438000
2024-09-20T18:00:00Z,62704.01000000,62979.07000000,62350.00000000,62865.45000000,1069.46021000
2024-09-20T19:00:00Z,62865.45000000,63030.01000000,62786.80000000,62809.13000000,712.37874000
2024-09-20T20:00:00Z,62809.13000000,62947.72000000,62709.30000000,62814.00000000,285.66812000
2024-09-20T21:00:00Z,62814.00000000,63300.00000000,62809.68000000,63116.03000000,678.44567000
2024-09-20T22:00:00Z,63116.04000000,63273.21000000,63116.03000000,63180.24000000,257.08609000
2024-09-20T23:00:00Z,63180.23000000,63212.00000000,63072.00000000,63201.05000000,257.73369000
2024-09-21T00:00:00Z,63201.05000000,63310.37000000,63040.00000000,63174.00000000,584.51455000
2024-09-21T01:00:00Z,63174.01000000,63200.00000000,62832.60000000,62836.98000000,596.02587000
2024-09-21T02:00:00Z,62836.98000000,62991.89000000,62816.47000000,62917.11000000,259.34123000
2024-09-21T03:00:00Z,62917.11000000,63000.00000000,62876.00000000,62889.57000000,201.10799000
2024-09-21T04:00:00Z,62889.58000000,62930.00000000,62820.00000000,62860.00000000,313.14930000
2024-09-21T05:00:00Z,62860.01000000,62946.00000000,62758.00000000,62908.82000000,295.45080000
2024-09-21T06:00:00Z,62908.82000000,63091.69000000,62890.00000000,62999.98000000,299.20950000
2024-09-21T07:00:00Z,62999.99000000,63134.00000000,62974.00000000,63091.02000000,302.17384000
2024-09-21T08:00:00Z,63091.02000000,63120.00000000,63000.00000000,63028.00000000,364.87888000
2024-09-21T09:00:00Z,63028.01000000,63136.00000000,63003.84000000,63115.99000000,247.34877000
2024-09-21T10:00:00Z,63116.00000000,63118.98000000,62966.01000000,62979.05000000,146.85522000
2024-09-21T11:00:00Z,62979.06000000,63105.01000000,62972.00000000,63089.77000000,276.03518000
2024-09-21T12:00:00Z,63089.76000000,63160.00000000,63040.00000000,63151.98000000,263.41202000
2024-09-21T13:00:00Z,63151.98000000,63225.00000000,63036.92000000,63188.00000000,445.94814000
2024-09-21T14:00:00Z,63188.00000000,63300.00000000,63138.54000000,63300.00000000,389.66677000
2024-09-21T15:00:00Z,63300.00000000,63306.00000000,63061.97000000,63167.98000000,504.25226000
2024-09-21T16:00:00Z,63167.98000000,63232.00000000,63086.00000000,63215.13000000,838.78946000
2024-09-21T17:00:00Z,63215.13000000,63400.00000000,63176.41000000,63279.99000000,490.00964000
2024-09-21T18:00:00Z,63279.99000000,63302.99000000,63233.69000000,63267.99000000,148.10356000
2024-09-21T19:00:00Z,63267.99000000,63340.00000000,63170.00000000,63203.59000000,310.78687000
2024-09-21T20:00:00Z,63203.59000000,63215.97000000,63132.30000000,63139.99000000,125.55715000
2024-09-21T21:00:00Z,63139.99000000,63150.00000000,63059.00000000,63088.00000000,192.22962000
2024-09-21T22:00:00Z,63087.99000000,63233.99000000,63058.00000000,63230.32000000,136.09922000
2024-09-21T23:00:00Z,63230.32000000,63559.90000000,63153.23000000,63348.96000000,644.40024000
2024-09-22T00:00:00Z,63348.97000000,63450.00000000,63110.00000000,63230.93000000,586.79372000
2024-09-22T01:00:00Z,63230.92000000,63294.00000000,63018.60000000,63046.00000000,300.57810000
2024-09-22T02:00:00Z,63046.01000000,63103.20000000,62830.01000000,62957.31000000,592.28143000
2024-09-22T03:00:00Z,62957.31000000,63208.82000000,62924.00000000,63106.00000000,384.08676000
2024-09-22T04:00:00Z,63106.00000000,63200.00000000,63077.69000000,63080.01000000,133.93924000
2024-09-22T05:00:00Z,63080.01000000,63083.99000000,62910.05000000,62938.51000000,273.10291000
2024-09-22T06:00:00Z,62938.52000000,63044.63000000,62838.00000000,62876.24000000,350.09941000
2024-09-22T07:00:00Z,62876.24000000,62973.99000000,62876.23000000,62936.00000000,210.77851000
2024-09-22T08:00:00Z,62936.00000000,63034.99000000,62900.00000000,63025.35000000,285.70928000
2024-09-22T09:00:00Z,63025.35000000,63025.35000000,62659.96000000,62702.94000000,634.37277000
2024-09-22T10:00:00Z,62702.93000000,62776.75000000,62544.94000000,62655.99000000,454.47776000
2024-09-22T11:00:00Z,62655.99000000,62842.00000000,62552.00000000,62784.00000000,466.37503000
2024-09-22T12:00:00Z,62784.00000000,62930.00000000,62749.53000000,62781.99000000,384.72727000
2024-09-22T13:00:00Z,62781.99000000,62835.67000000,62566.00000000,62589.99000000,661.06999000
2024-09-22T14:00:00Z,62590.00000000,62711.84000000,62429.16000000,62668.00000000,809.50139000
2024-09-22T15:00:00Z,62668.00000000,62813.36000000,62579.20000000,62652.12000000,416.04748000
2024-09-22T16:00:00Z,62652.12000000,62848.00000000,62468.01000000,62776.03000000,679.56957000
2024-09-22T17:00:00Z,62776.03000000,63134.00000000,62776.03000000,63062.66000000,696.24367000
2024-09-22T18:00:00Z,63062.66000000,63068.00000000,62835.20000000,62955.99000000,434.96443000
2024-09-22T19:00:00Z,62956.00000000,63229.50000000,62806.24000000,63160.00000000,451.57112000
2024-09-22T20:00:00Z,63160.00000000,63315.99000000,63106.54000000,63208.00000000,510.91713000
2024-09-22T21:00:00Z,63208.00000000,63329.19000000,62750.22000000,62779.99000000,704.12813000
2024-09-22T22:00:00Z,62780.00000000,64000.00000000,62357.93000000,63881.51000000,2778.17647000
2024-09-22T23:00:00Z,63881.50000000,63970.00000000,63424.46000000,63578.76000000,1042.68735000
2024-09-23T00:00:00Z,63578.76000000,63762.70000000,62538.75000000,63577.88000000,2347.48616000
2024-09-23T01:00:00Z,63577.87000000,63966.00000000,63486.00000000,63826.80000000,1173.05615000
2024-09-23T02:00:00Z,63826.80000000,63985.00000000,63675.75000000,63940.47000000,554.68165000
2024-09-23T03:00:00Z,63940.47000000,64745.88000000,63921.37000000,64354.00000000,3065.09550000
2024-09-23T04:00:00Z,64354.00000000,64455.13000000,63787.68000000,63912.30000000,1086.21332000
2024-09-23T05:00:00Z,63912.31000000,63937.97000000,63668.98000000,63754.00000000,688.03870000
2024-09-23T06:00:00Z,63754.00000000,63774.40000000,63524.36000000,63671.42000000,747.95134000
2024-09-23T07:00:00Z,63671.42000000,63671.42000000,63400.00000000,63548.82000000,921.48581000
2024-09-23T08:00:00Z,63548.83000000,63630.27000000,63300.00000000,63492.01000000,972.72379000
2024-09-23T09:00:00Z,63492.00000000,63710.00000000,63482.76000000,63635.69000000,703.26749000
2024-09-23T10:00:00Z,63635.69000000,63642.17000000,63415.08000000,63496.96000000,671.29195000
2024-09-23T11:00:00Z,63496.96000000,63550.02000000,63374.14000000,63435.04000000,579.95947000
2024-09-23T12:00:00Z,63435.03000000,63540.00000000,63236.98000000,63315.80000000,962.19152000
2024-09-23T13:00:00Z,63315.81000000,63420.00000000,63059.93000000,63185.21000000,1584.03531000
2024-09-23T14:00:00Z,63185.21000000,63806.00000000,63059.93000000,63394.50000000,1966.64092000
2024-09-23T15:00:00Z,63394.50000000,63772.30000000,63099.99000000,63618.00000000,1170.27061000
2024-09-23T16:00:00Z,63617.99000000,63825.96000000,63200.00000000,63227.55000000,1345.42996000
2024-09-23T17:00:00Z,63227.55000000,63341.67000000,63098.97000000,63318.01000000,490.75963000
2024-09-23T18:00:00Z,63318.01000000,63559.08000000,63280.72000000,63430.19000000,519.71802000
2024-09-23T19:00:00Z,63430.18000000,63489.00000000,63256.00000000,63298.56000000,695.98551000
2024-09-23T20:00:00Z,63300.01000000,63438.00000000,63260.09000000,63308.00000000,292.76607000
2024-09-23T21:00:00Z,63308.00000000,63489.00000000,63088.69000000,63380.00000000,688.20458000
2024-09-23T22:00:00Z,63380.00000000,63380.00000000,63193.39000000,63219.00000000,289.82950000
2024-09-23T23:00:00Z,63219.00000000,63418.87000000,63186.00000000,63339.99000000,560.96991000
2024-09-24T00:00:00Z,63339.99000000,63401.21000000,62800.49000000,62906.00000000,1501.94449000
2024-09-24T01:00:00Z,62906.01000000,63270.10000000,62800.00000000,62942.01000000,1090.69881000
2024-09-24T02:00:00Z,62942.00000000,63160.00000000,62700.00000000,63123.99000000,855.70764000
2024-09-24T03:00:00Z,63124.00000000,63190.37000000,62898.30000000,63124.00000000,914.02033000
2024-09-24T04:00:00Z,63124.01000000,63140.00000000,62900.00000000,63088.00000000,660.87421000
2024-09-24T05:00:00Z,63088.00000000,63226.33000000,63045.94000000,63215.99000000,489.77515000
2024-09-24T06:00:00Z,63216.00000000,63394.00000000,63215.99000000,63305.43000000,426.78830000
2024-09-24T07:00:00Z,63305.43000000,63569.99000000,63300.00000000,63559.92000000,717.69816000
2024-09-24T08:00:00Z,63559.93000000,63948.00000000,63540.00000000,63851.05000000,995.90843000
2024-09-24T09:00:00Z,63851.05000000,63893.51000000,63484.00000000,63524.50000000,729.48652000
2024-09-24T10:00:00Z,63524.50000000,63883.00000000,63504.10000000,63526.00000000,618.45246000
2024-09-24T11:00:00Z,63526.01000000,63600.00000000,63380.00000000,63478.34000000,591.19060000
2024-09-24T12:00:00Z,63478.35000000,63663.57000000,63412.00000000,63446.01000000,672.15138000
2024-09-24T13:00:00Z,63446.01000000,63768.00000000,63402.50000000,63519.85000000,932.32278000
2024-09-24T14:00:00Z,63519.86000000,63551.81000000,62731.10000000,63194.89000000,3165.50264000
2024-09-24T15:00:00Z,63194.89000000,63370.09000000,62999.90000000,63159.99000000,980.12341000
2024-09-24T16:00:00Z,63159.99000000,63372.45000000,63088.02000000,63262.00000000,524.87788000
2024-09-24T17:00:00Z,63262.01000000,64000.00000000,63241.75000000,63775.86000000,1504.89392000
2024-09-24T18:00:00Z,63775.54000000,63886.00000000,63540.48000000,63727.58000000,804.94922000
2024-09-24T19:00:00Z,63727.58000000,64375.00000000,63682.93000000,64292.34000000,1316.46046000
2024-09-24T20:00:00Z,64292.35000000,64596.53000000,64093.15000000,64215.01000000,1610.30279000
2024-09-24T21:00:00Z,64215.02000000,64285.59000000,63966.66000000,64030.00000000,504.42128000
2024-09-24T22:00:00Z,64030.00000000,64688.00000000,64030.00000000,64579.90000000,943.68870000
2024-09-24T23:00:00Z,64579.91000000,64626.00000000,64249.91000000,64262.70000000,632.80803000
2024-09-25T00:00:00Z,64262.70000000,64444.00000000,63990.41000000,64126.93000000,1049.52455000
2024-09-25T01:00:00Z,64126.94000000,64817.99000000,64090.50000000,64390.01000000,1312.23012000
2024-09-25T02:00:00Z,64390.00000000,64564.26000000,64287.49000000,64422.52000000,570.90098000
2024-09-25T03:00:00Z,64422.52000000,64461.95000000,64224.37000000,64460.00000000,380.98284000
2024-09-25T04:00:00Z,64460.01000000,64460.23000000,64172.84000000,64172.85000000,403.02902000
2024-09-25T05:00:00Z,64172.84000000,64274.70000000,64140.12000000,64170.63000000,344.55978000
2024-09-25T06:00:00Z,64170.63000000,64170.63000000,63700.00000000,63806.00000000,1192.60601000
2024-09-25T07:00:00Z,63806.01000000,63867.99000000,63645.49000000,63843.33000000,553.53928000
2024-09-25T08:00:00Z,63843.34000000,63915.07000000,63743.93000000,63819.10000000,403.70624000
2024-09-25T09:00:00Z,63819.09000000,63873.50000000,63600.00000000,63609.89000000,555.06060000
2024-09-25T10:00:00Z,63609.89000000,63750.01000000,63407.70000000,63630.45000000,1082.95884000
2024-09-25T11:00:00Z,63630.44000000,63857.41000000,63500.02000000,63838.01000000,630.03177000
2024-09-25T12:00:00Z,63838.01000000,63841.02000000,63600.00000000,63600.01000000,423.01315000
2024-09-25T13:00:00Z,63600.01000000,63766.00000000,63283.37000000,63761.34000000,1255.58143000
2024-09-25T14:00:00Z,63761.33000000,63946.00000000,63648.00000000,63936.50000000,934.57063000
2024-09-25T15:00:00Z,63936.51000000,63999.00000000,63450.01000000,63495.66000000,1070.13047000
2024-09-25T16:00:00Z,63495.66000000,63670.00000000,63440.00000000,63463.88000000,794.37884000
2024-09-25T17:00:00Z,63463.87000000,63550.00000000,63000.00000000,63168.00000000,1383.14125000
2024-09-25T18:00:00Z,63168.01000000,63393.86000000,63128.97000000,63351.00000000,639.68674000
2024-09-25T19:00:00Z,63351.00000000,63468.00000000,63138.12000000,63181.50000000,603.93072000
2024-09-25T20:00:00Z,63181.51000000,63548.24000000,63176.00000000,63505.78000000,486.38172000
2024-09-25T21:00:00Z,63505.78000000,63551.81000000,63410.00000000,63437.99000000,312.52177000
2024-09-25T22:00:00Z,63438.00000000,63508.69000000,63053.50000000,63261.99000000,658.35749000
2024-09-25T23:00:00Z,63262.00000000,63270.00000000,62947.08000000,63152.01000000,772.28744000
2024-09-26T00:00:00Z,63152.01000000,63285.85000000,62829.40000000,62946.01000000,814.41306000
2024-09-26T01:00:00Z,62946.01000000,63154.74000000,62670.00000000,63154.74000000,1333.28534000
2024-09-26T02:00:00Z,63154.73000000,63400.00000000,63104.00000000,63353.99000000,567.35561000
2024-09-26T03:00:00Z,63353.99000000,63544.00000000,63304.54000000,63514.34000000,467.78659000
2024-09-26T04:00:00Z,63514.35000000,63532.15000000,63340.00000000,63427.51000000,302.30459000
2024-09-26T05:00:00Z,63427.51000000,63724.45000000,63362.00000000,63594.00000000,502.63042000
2024-09-26T06:00:00Z,63593.99000000,63780.00000000,63590.23000000,63721.48000000,627.19031000
2024-09-26T07:00:00Z,63721.49000000,63874.41000000,63661.50000000,63852.07000000,546.52894000
2024-09-26T08:00:00Z,63852.07000000,63892.59000000,63696.50000000,63709.50000000,630.28855000
2024-09-26T09:00:00Z,63709.50000000,63979.89000000,63595.67000000,63798.00000000,705.50852000
2024-09-26T10:00:00Z,63798.00000000,64464.00000000,63766.08000000,64391.99000000,1912.06340000
2024-09-26T11:00:00Z,64391.99000000,64500.00000000,64295.77000000,64393.99000000,1017.66567000
2024-09-26T12:00:00Z,64393.98000000,64720.00000000,64321.42000000,64481.82000000,1565.84293000
2024-09-26T13:00:00Z,64481.82000000,64550.78000000,64150.00000000,64428.21000000,1417.17946000
2024-09-26T14:00:00Z,64428.34000000,65200.00000000,64374.76000000,64426.64000000,4644.13690000
2024-09-26T15:00:00Z,64426.64000000,65550.00000000,64319.90000000,65229.03000000,3345.42899000
2024-09-26T16:00:00Z,65229.03000000,65571.25000000,65104.00000000,65338.00000000,1495.21233000
2024-09-26T17:00:00Z,65338.00000000,65839.00000000,65122.00000000,65132.54000000,1926.78437000
2024-09-26T18:00:00Z,65132.54000000,65308.00000000,64950.00000000,65285.52000000,950.03994000
2024-09-26T19:00:00Z,65285.53000000,65298.00000000,64693.26000000,64711.06000000,1049.19142000
2024-09-26T20:00:00Z,64711.07000000,64869.85000000,64646.84000000,64664.26000000,745.57514000
2024-09-26T21:00:00Z,64664.26000000,65200.00000000,64633.52000000,65052.00000000,734.41816000
2024-09-26T22:00:00Z,65052.00000000,65244.00000000,64967.22000000,65086.33000000,517.23281000
2024-09-26T23:00:00Z,65086.32000000,65174.00000000,64732.37000000,65173.99000000,555.24248000
2024-09-27T00:00:00Z,65173.99000000,65296.53000000,64995.47000000,65241.98000000,629.16946000
2024-09-27T01:00:00Z,65241.99000000,65349.65000000,65014.00000000,65119.90000000,563.52583000
2024-09-27T02:00:00Z,65119.91000000,65200.00000000,64833.33000000,64878.12000000,554.40527000
2024-09-27T03:00:00Z,64878.13000000,65425.00000000,64819.90000000,65366.01000000,765.05109000
2024-09-27T04:00:00Z,65366.01000000,65459.74000000,65276.00000000,65303.96000000,548.98052000
2024-09-27T05:00:00Z,65303.96000000,65378.37000000,65099.99000000,65354.58000000,532.09630000
2024-09-27T06:00:00Z,65354.59000000,65520.14000000,65228.00000000,65344.79000000,1019.29391000
2024-09-27T07:00:00Z,65344.78000000,65550.00000000,65265.65000000,65460.02000000,1354.66468000
2024-09-27T08:00:00Z,65460.02000000,65795.63000000,65414.00000000,65725.99000000,1095.96354000
2024-09-27T09:00:00Z,65726.00000000,65986.00000000,65668.78000000,65754.01000000,1317.66112000
2024-09-27T10:00:00Z,65754.00000000,65779.07000000,65490.00000000,65490.01000000,871.87267000
2024-09-27T11:00:00Z,65490.02000000,65611.99000000,65342.78000000,65437.35000000,608.69637000
2024-09-27T12:00:00Z,65437.36000000,65890.00000000,65314.31000000,65741.19000000,1485.79878000
2024-09-27T13:00:00Z,65741.19000000,65791.95000000,65361.11000000,65678.01000000,1050.76174000
2024-09-27T14:00:00Z,65678.02000000,66498.00000000,65576.01000000,66242.66000000,3355.18836000
2024-09-27T15:00:00Z,66242.65000000,66422.79000000,66006.00000000,66006.01000000,1353.19361000
2024-09-27T16:00:00Z,66006.01000000,66360.00000000,65888.01000000,66303.03000000,1230.10335000
2024-09-27T17:00:00Z,66303.03000000,66347.56000000,65698.00000000,65915.61000000,1162.16245000
2024-09-27T18:00:00Z,65915.61000000,65929.02000000,65524.00000000,65876.42000000,612.44352000
2024-09-27T19:00:00Z,65876.42000000,65968.74000000,65636.00000000,65657.99000000,576.67864000
2024-09-27T20:00:00Z,65657.99000000,65920.00000000,65625.00000000,65804.87000000,437.31919000
2024-09-27T21:00:00Z,65804.87000000,65880.00000000,65766.03000000,65816.62000000,299.68891000
2024-09-27T22:00:00Z,65816.62000000,65962.00000000,65766.00000000,65870.00000000,294.36539000
2024-09-27T23:00:00Z,65870.00000000,65910.00000000,65683.01000000,65769.95000000,329.72017000
2024-09-28T00:00:00Z,65769.95000000,65900.00000000,65720.00000000,65899.10000000,331.31840000
2024-09-28T01:00:00Z,65899.10000000,66000.00000000,65793.00000000,65994.00000000,406.91773000
2024-09-28T02:00:00Z,65994.00000000,66198.72000000,65906.00000000,66168.74000000,471.85819000
2024-09-28T03:00:00Z,66168.74000000,66260.00000000,65984.96000000,66063.76000000,456.93880000
2024-09-28T04:00:00Z,66063.76000000,66087.00000000,65970.00000000,66006.50000000,250.72736000
2024-09-28T05:00:00Z,66006.51000000,66026.00000000,65912.75000000,65953.80000000,294.88887000
2024-09-28T06:00:00Z,65953.81000000,65955.24000000,65738.00000000,65800.00000000,459.05628000
2024-09-28T07:00:00Z,65799.99000000,65898.33000000,65753.73000000,65824.01000000,257.32638000
2024-09-28T08:00:00Z,65824.01000000,65824.01000000,65578.22000000,65635.90000000,446.73728000
2024-09-28T09:00:00Z,65635.90000000,65635.91000000,65453.00000000,65628.20000000,698.99941000
2024-09-28T10:00:00Z,65628.50000000,65779.06000000,65580.53000000,65764.01000000,268.15462000
2024-09-28T11:00:00Z,65764.01000000,65800.00000000,65702.00000000,65798.01000000,244.62608000
2024-09-28T12:00:00Z,65798.01000000,65798.01000000,65430.46000000,65548.12000000,464.64231000
2024-09-28T13:00:00Z,65548.12000000,65602.00000000,65422.23000000,65528.03000000,383.41591000
2024-09-28T14:00:00Z,65528.04000000,65816.00000000,65528.03000000,65720.74000000,449.04904000
2024-09-28T15:00:00Z,65720.73000000,65722.70000000,65618.57000000,65619.13000000,316.69261000
2024-09-28T16:00:00Z,65619.14000000,65667.14000000,65492.59000000,65516.00000000,317.15778000
2024-09-28T17:00:00Z,65516.00000000,65718.69000000,65506.00000000,65633.20000000,362.82222000
2024-09-28T18:00:00Z,65633.20000000,65823.08000000,65633.20000000,65715.01000000,706.88365000
2024-09-28T19:00:00Z,65715.01000000,65776.00000000,65700.38000000,65724.00000000,357.63834000
2024-09-28T20:00:00Z,65724.00000000,65769.96000000,65640.72000000,65645.99000000,238.36379000
2024-09-28T21:00:00Z,65646.00000000,65692.00000000,65432.00000000,65692.00000000,341.45942000
2024-09-28T22:00:00Z,65692.00000000,65775.00000000,65582.51000000,65680.01000000,242.23449000
2024-09-28T23:00:00Z,65680.01000000,65982.16000000,65617.42000000,65858.00000000,359.32420000
2024-09-29T00:00:00Z,65858.00000000,65984.00000000,65647.28000000,65687.10000000,393.60140000
2024-09-29T01:00:00Z,65687.10000000,65872.91000000,65665.96000000,65872.90000000,321.49032000
2024-09-29T02:00:00Z,65872.90000000,65936.00000000,65820.47000000,65824.00000000,281.95005000
2024-09-29T03:00:00Z,65824.00000000,65827.99000000,65728.00000000,65815.92000000,178.77796000
2024-09-29T04:00:00Z,65815.93000000,65815.93000000,65688.31000000,65741.99000000,162.32883000
2024-09-29T05:00:00Z,65742.00000000,65750.00000000,65518.00000000,65594.01000000,367.46959000
2024-09-29T06:00:00Z,65594.00000000,65620.00000000,65489.93000000,65499.99000000,384.38990000
2024-09-29T07:00:00Z,65500.00000000,65566.01000000,65432.00000000,65477.01000000,369.93605000
2024-09-29T08:00:00Z,65477.01000000,65602.55000000,65433.00000000,65559.91000000,383.02385000
2024-09-29T09:00:00Z,65559.91000000,65665.18000000,65559.90000000,65579.91000000,181.75826000
2024-09-29T10:00:00Z,65579.91000000,65582.00000000,65470.67000000,65571.99000000,189.63510000
2024-09-29T11:00:00Z,65572.00000000,65720.00000000,65571.99000000,65691.92000000,287.04811000
2024-09-29T12:00:00Z,65691.92000000,65759.50000000,65616.80000000,65631.68000000,285.54910000
2024-09-29T13:00:00Z,65631.68000000,65850.00000000,65576.21000000,65817.98000000,715.77614000
2024-09-29T14:00:00Z,65817.98000000,65824.00000000,65661.17000000,65694.07000000,357.88830000
2024-09-29T15:00:00Z,65694.07000000,65807.81000000,65584.71000000,65751.34000000,565.46468000
2024-09-29T16:00:00Z,65751.34000000,65791.95000000,65654.01000000,65764.99000000,287.06248000
2024-09-29T17:00:00Z,65765.00000000,65960.01000000,65764.99000000,65818.01000000,426.49829000
2024-09-29T18:00:00Z,65818.01000000,65855.99000000,65750.00000000,65789.45000000,192.04654000
2024-09-29T19:00:00Z,65789.44000000,65972.17000000,65786.00000000,65958.82000000,229.03531000
2024-09-29T20:00:00Z,65958.81000000,66076.12000000,65800.02000000,65812.00000000,527.67529000
2024-09-29T21:00:00Z,65812.01000000,65973.16000000,65800.00000000,65868.60000000,206.23762000
2024-09-29T22:00:00Z,65868.60000000,65948.86000000,65578.66000000,65674.42000000,593.42452000
2024-09-29T23:00:00Z,65674.42000000,65731.55000000,65528.00000000,65602.01000000,449.67342000
2024-09-30T00:00:00Z,65602.01000000,65618.80000000,65094.00000000,65463.85000000,1154.50096000
2024-09-30T01:00:00Z,65463.86000000,65544.00000000,64699.98000000,64769.99000000,1424.06087000
2024-09-30T02:00:00Z,64769.99000000,64810.00000000,64335.36000000,64376.01000000,1652.43674000
2024-09-30T03:00:00Z,64376.01000000,64580.34000000,64190.00000000,64553.68000000,1817.79078000
2024-09-30T04:00:00Z,64553.68000000,64553.68000000,64310.00000000,64441.70000000,546.49938000
2024-09-30T05:00:00Z,64441.69000000,64532.00000000,64394.00000000,64525.99000000,678.85223000
2024-09-30T06:00:00Z,64526.00000000,64750.01000000,64356.00000000,64356.00000000,1282.93321000
2024-09-30T07:00:00Z,64356.00000000,64689.36000000,64350.00000000,64562.01000000,700.93445000
2024-09-30T08:00:00Z,64562.01000000,64576.01000000,64000.00000000,64311.58000000,1608.80518000
2024-09-30T09:00:00Z,64311.58000000,64311.59000000,63541.00000000,63541.01000000,2221.80198000
2024-09-30T10:00:00Z,63541.00000000,63665.60000000,63249.68000000,63645.99000000,2401.13005000
2024-09-30T11:00:00Z,63645.98000000,63870.00000000,63520.00000000,63819.44000000,1055.44847000
2024-09-30T12:00:00Z,63819.45000000,64132.00000000,63760.83000000,64048.00000000,957.73370000
2024-09-30T13:00:00Z,64048.01000000,64161.08000000,63799.81000000,63874.54000000,1133.93923000
2024-09-30T14:00:00Z,63874.54000000,64010.07000000,63571.28000000,63740.72000000,1521.78188000
2024-09-30T15:00:00Z,63740.72000000,63999.50000000,63508.00000000,63561.41000000,1232.08431000
2024-09-30T16:00:00Z,63561.42000000,63732.00000000,63462.59000000,63486.98000000,786.10126000
2024-09-30T17:00:00Z,63486.98000000,63711.61000000,63372.69000000,63696.00000000,1657.21829000
2024-09-30T18:00:00Z,63696.00000000,63738.25000000,63056.00000000,63330.55000000,1516.30048000
2024-09-30T19:00:00Z,63330.56000000,63634.72000000,63282.00000000,63488.00000000,1528.28399000
2024-09-30T20:00:00Z,63488.00000000,63860.00000000,63456.00000000,63809.99000000,857.72548000
2024-09-30T21:00:00Z,63810.00000000,63831.63000000,63640.00000000,63706.93000000,319.89044000
2024-09-30T22:00:00Z,63706.93000000,63771.11000000,63480.00000000,63481.98000000,406.67834000
2024-09-30T23:00:00Z,63481.99000000,63617.45000000,62856.30000000,63327.59000000,1548.15582000
2024-10-01T00:00:00Z,63327.60000000,63606.00000000,63006.70000000,63531.99000000,1336.93335000
2024-10-01T01:00:00Z,63532.00000000,63639.86000000,63370.01000000,63458.00000000,1004.08763000
2024-10-01T02:00:00Z,63458.00000000,63458.00000000,63180.00000000,63443.76000000,716.11822000
2024-10-01T03:00:00Z,63443.76000000,63744.00000000,63430.00000000,63723.48000000,822.21265000
2024-10-01T04:00:00Z,63723.47000000,63879.81000000,63652.06000000,63868.94000000,778.75286000
2024-10-01T05:00:00Z,63868.93000000,63899.99000000,63674.49000000,63749.99000000,816.29206000
2024-10-01T06:00:00Z,63750.00000000,64097.03000000,63750.00000000,64033.98000000,778.17242000
2024-10-01T07:00:00Z,64033.99000000,64130.63000000,63920.00000000,64045.92000000,1142.17634000
2024-10-01T08:00:00Z,64045.92000000,64096.00000000,63839.00000000,63956.00000000,974.16370000
2024-10-01T09:00:00Z,63955.99000000,64118.00000000,63864.46000000,63864.46000000,1152.06750000
2024-10-01T10:00:00Z,63864.47000000,63942.00000000,63707.89000000,63910.12000000,603.43982000
2024-10-01T11:00:00Z,63910.11000000,63989.58000000,63723.40000000,63734.00000000,500.67520000
2024-10-01T12:00:00Z,63734.01000000,63809.97000000,63559.63000000,63668.21000000,535.43878000
2024-10-01T13:00:00Z,63668.21000000,63688.00000000,62522.00000000,62866.80000000,3512.99790000
2024-10-01T14:00:00Z,62866.80000000,63084.00000000,62448.01000000,62598.00000000,3649.61853000
2024-10-01T15:00:00Z,62598.00000000,62821.76000000,61814.01000000,62628.85000000,4931.80431000
2024-10-01T16:00:00Z,62628.85000000,62778.73000000,61906.04000000,62448.00000000,3426.50410000
2024-10-01T17:00:00Z,62448.00000000,62448.00000000,61092.00000000,62151.99000000,5545.71241000
2024-10-01T18:00:00Z,62152.00000000,62440.00000000,61859.57000000,61987.99000000,1708.27737000
2024-10-01T19:00:00Z,61987.98000000,62091.29000000,61610.71000000,61755.99000000,1598.40777000
2024-10-01T20:00:00Z,61755.99000000,61760.74000000,60164.00000000,60809.02000000,4855.59431000
2024-10-01T21:00:00Z,60809.03000000,61214.73000000,60656.77000000,61142.01000000,1253.06187000
2024-10-01T22:00:00Z,61142.00000000,61142.01000000,60630.01000000,60767.99000000,1093.23745000
2024-10-01T23:00:00Z,60768.00000000,61033.71000000,60652.00000000,60805.78000000,935.73453000
2024-10-02T00:00:00Z,60804.92000000,61208.49000000,60733.81000000,61046.26000000,1228.11528000
2024-10-02T01:00:00Z,61046.27000000,61536.16000000,61000.00000000,61522.89000000,941.08845000
2024-10-02T02:00:00Z,61522.89000000,61822.62000000,61433.49000000,61782.89000000,1174.69646000
2024-10-02T03:00:00Z,61782.89000000,61883.00000000,61662.65000000,61750.47000000,944.98223000
2024-10-02T04:00:00Z,61750.46000000,61750.47000000,61440.00000000,61495.79000000,704.31237000
2024-10-02T05:00:00Z,61495.78000000,61609.30000000,61350.00000000,61489.71000000,661.76897000
2024-10-02T06:00:00Z,61489.71000000,61788.40000000,61359.90000000,61700.01000000,760.10641000
2024-10-02T07:00:00Z,61700.01000000,61940.00000000,61588.78000000,61727.40000000,698.17476000
2024-10-02T08:00:00Z,61727.39000000,61914.34000000,61603.49000000,61806.01000000,535.23837000
2024-10-02T09:00:00Z,61806.01000000,61817.76000000,61130.00000000,61271.25000000,1082.07393000
2024-10-02T10:00:00Z,61271.24000000,61555.00000000,61151.04000000,61188.28000000,1005.99847000
2024-10-02T11:00:00Z,61188.27000000,61380.00000000,60888.88000000,61164.01000000,1204.28505000
2024-10-02T12:00:00Z,61164.01000000,61220.00000000,60696.40000000,60798.80000000,1274.80586000
2024-10-02T13:00:00Z,60798.80000000,61460.00000000,60524.21000000,61350.00000000,2508.38932000
2024-10-02T14:00:00Z,61350.00000000,61672.00000000,61047.16000000,61077.78000000,2267.56057000
2024-10-02T15:00:00Z,61077.77000000,61926.90000000,61059.90000000,61874.01000000,1514.52104000
2024-10-02T16:00:00Z,61874.01000000,62390.31000000,61779.87000000,61800.00000000,1555.81954000
2024-10-02T17:00:00Z,61800.01000000,61835.99000000,61242.00000000,61628.01000000,1115.92104000
2024-10-02T18:00:00Z,61628.01000000,61691.00000000,60762.09000000,60762.09000000,1403.72059000
2024-10-02T19:00:00Z,60762.10000000,60926.00000000,60000.00000000,60190.01000000,3854.05654000
2024-10-02T20:00:00Z,60190.01000000,60999.24000000,60128.00000000,60924.00000000,3301.59077000
2024-10-02T21:00:00Z,60923.99000000,60952.00000000,60656.00000000,60831.99000000,607.84007000
2024-10-02T22:00:00Z,60832.00000000,60851.75000000,60438.00000000,60851.74000000,678.65953000
2024-10-02T23:00:00Z,60851.74000000,60869.56000000,60622.00000000,60649.28000000,510.97556000
2024-10-03T00:00:00Z,60649.27000000,61105.00000000,60536.00000000,60988.01000000,1646.41886000
2024-10-03T01:00:00Z,60988.01000000,61183.76000000,60919.90000000,61024.00000000,834.87326000
2024-10-03T02:00:00Z,61024.00000000,61274.00000000,60987.00000000,61185.17000000,502.78816000
2024-10-03T03:00:00Z,61185.18000000,61464.00000000,61092.00000000,61463.99000000,673.23178000
2024-10-03T04:00:00Z,61464.00000000,61477.19000000,61276.31000000,61326.00000000,571.45959000
2024-10-03T05:00:00Z,61326.00000000,61360.00000000,61100.00000000,61176.01000000,702.22305000
2024-10-03T06:00:00Z,61176.00000000,61418.42000000,61106.01000000,61334.01000000,618.19443000
2024-10-03T07:00:00Z,61334.00000000,61424.25000000,60814.12000000,60926.00000000,1459.32009000
2024-10-03T08:00:00Z,60926.00000000,60978.00000000,60138.00000000,60354.00000000,1805.58584000
2024-10-03T09:00:00Z,60354.00000000,60765.33000000,60126.56000000,60720.48000000,984.32204000
2024-10-03T10:00:00Z,60720.48000000,61036.00000000,60648.00000000,61025.98000000,738.07634000
2024-10-03T11:00:00Z,61025.98000000,61070.47000000,60594.00000000,60764.74000000,879.13477000
2024-10-03T12:00:00Z,60764.73000000,60770.00000000,60372.12000000,60469.95000000,1231.76196000
2024-10-03T13:00:00Z,60469.95000000,60583.99000000,59828.11000000,60382.05000000,2876.59550000
2024-10-03T14:00:00Z,60382.06000000,60900.00000000,60100.00000000,60172.01000000,2862.27532000
2024-10-03T15:00:00Z,60172.01000000,60690.00000000,60044.00000000,60641.50000000,1601.39415000
2024-10-03T16:00:00Z,60641.50000000,60781.53000000,60084.00000000,60168.00000000,1306.79294000
2024-10-03T17:00:00Z,60167.99000000,60723.68000000,59917.02000000,60632.00000000,1556.13418000
2024-10-03T18:00:00Z,60632.00000000,60858.31000000,60531.85000000,60722.31000000,684.53507000
2024-10-03T19:00:00Z,60722.31000000,61058.00000000,60544.33000000,61036.00000000,861.39195000
2024-10-03T20:00:00Z,61036.00000000,61100.00000000,60668.00000000,60773.99000000,610.81892000
2024-10-03T21:00:00Z,60774.00000000,60950.00000000,60596.40000000,60807.13000000,437.80348000
2024-10-03T22:00:00Z,60807.13000000,60978.26000000,60714.00000000,60895.27000000,420.20059000
2024-10-03T23:00:00Z,60895.27000000,60984.00000000,60700.49000000,60752.71000000,356.10245000
2024-10-04T00:00:00Z,60752.72000000,60812.00000000,60459.90000000,60504.01000000,660.07721000
2024-10-04T01:00:00Z,60504.01000000,61256.47000000,60488.00000000,61218.00000000,1068.07006000
2024-10-04T02:00:00Z,61218.00000000,61272.73000000,60939.75000000,61036.14000000,410.02036000
2024-10-04T03:00:00Z,61036.15000000,61065.36000000,60890.00000000,60951.99000000,235.42925000
2024-10-04T04:00:00Z,60951.99000000,61200.00000000,60936.66000000,61001.44000000,423.24552000
2024-10-04T05:00:00Z,61001.45000000,61238.00000000,60982.70000000,61224.34000000,365.05248000
2024-10-04T06:00:00Z,61224.34000000,61343.75000000,61100.00000000,61119.99000000,575.69204000
2024-10-04T07:00:00Z,61120.00000000,61544.98000000,61068.00000000,61443.64000000,1090.01477000
2024-10-04T08:00:00Z,61443.64000000,61646.27000000,61340.22000000,61449.73000000,807.34468000
2024-10-04T09:00:00Z,61449.73000000,61586.00000000,61302.42000000,61339.43000000,582.64883000
2024-10-04T10:00:00Z,61339.43000000,61432.64000000,61266.42000000,61284.01000000,367.21188000
2024-10-04T11:00:00Z,61284.01000000,61483.02000000,61274.00000000,61449.84000000,586.46012000
2024-10-04T12:00:00Z,61449.84000000,61936.00000000,61211.92000000,61932.24000000,2563.17863000
2024-10-04T13:00:00Z,61932.24000000,62004.48000000,61488.10000000,61580.02000000,2047.98501000
2024-10-04T14:00:00Z,61580.02000000,61584.00000000,60753.97000000,61239.99000000,2316.23481000
2024-10-04T15:00:00Z,61240.00000000,61873.04000000,61224.00000000,61873.04000000,1573.58655000
2024-10-04T16:00:00Z,61873.05000000,62294.87000000,61644.01000000,62244.00000000,1683.63251000
2024-10-04T17:00:00Z,62243.99000000,62340.00000000,61843.00000000,61983.32000000,909.37617000
2024-10-04T18:00:00Z,61983.32000000,62360.00000000,61909.09000000,62345.00000000,616.86040000
2024-10-04T19:00:00Z,62344.99000000,62468.00000000,62254.37000000,62368.00000000,821.27586000
2024-10-04T20:00:00Z,62368.00000000,62484.85000000,62171.33000000,62407.69000000,523.80906000
2024-10-04T21:00:00Z,62407.70000000,62463.54000000,62274.45000000,62274.45000000,263.95326000
2024-10-04T22:00:00Z,62274.46000000,62350.00000000,62193.18000000,62213.14000000,404.20202000
2024-10-04T23:00:00Z,62213.15000000,62213.15000000,61965.14000000,62086.00000000,399.29846000
2024-10-05T00:00:00Z,62086.00000000,62214.00000000,62045.97000000,62170.00000000,435.38431000
2024-10-05T01:00:00Z,62170.00000000,62200.00000000,61990.01000000,62069.99000000,323.64591000
2024-10-05T02:00:00Z,62069.99000000,62070.00000000,61794.62000000,61812.00000000,332.21680000
2024-10-05T03:00:00Z,61812.01000000,61971.93000000,61689.26000000,61861.99000000,399.56844000
2024-10-05T04:00:00Z,61861.99000000,62020.00000000,61824.01000000,61950.01000000,226.26091000
2024-10-05T05:00:00Z,61950.01000000,62157.14000000,61944.01000000,62149.47000000,264.66328000
2024-10-05T06:00:00Z,62149.48000000,62246.11000000,62076.19000000,62224.00000000,302.03997000
2024-10-05T07:00:00Z,62224.00000000,62268.28000000,62076.19000000,62076.19000000,259.63293000
2024-10-05T08:00:00Z,62076.20000000,62198.87000000,62076.19000000,62151.52000000,287.51516000
2024-10-05T09:00:00Z,62151.52000000,62326.48000000,62146.16000000,62252.00000000,906.59633000
2024-10-05T10:00:00Z,62252.01000000,62269.13000000,62202.53000000,62213.84000000,167.45379000
2024-10-05T11:00:00Z,62213.85000000,62233.09000000,62169.53000000,62180.00000000,161.27568000
2024-10-05T12:00:00Z,62179.99000000,62304.00000000,62179.99000000,62302.03000000,230.69463000
2024-10-05T13:00:00Z,62302.02000000,62370.56000000,62100.00000000,62153.35000000,469.51747000
2024-10-05T14:00:00Z,62153.35000000,62239.09000000,62100.07000000,62196.01000000,391.87120000
2024-10-05T15:00:00Z,62196.00000000,62220.00000000,62119.20000000,62167.66000000,225.57254000
2024-10-05T16:00:00Z,62167.65000000,62180.00000000,61958.39000000,61958.39000000,558.60491000
2024-10-05T17:00:00Z,61958.40000000,62030.00000000,61908.00000000,62016.01000000,222.18350000
2024-10-05T18:00:00Z,62016.01000000,62050.00000000,61840.01000000,61864.00000000,274.26427000
2024-10-05T19:00:00Z,61864.00000000,61900.00000000,61790.00000000,61848.48000000,353.76316000
2024-10-05T20:00:00Z,61848.48000000,61848.49000000,61700.00000000,61723.38000000,359.51629000
2024-10-05T21:00:00Z,61723.39000000,61939.40000000,61706.00000000,61857.64000000,250.49320000
2024-10-05T22:00:00Z,61857.65000000,62089.99000000,61850.29000000,62039.52000000,231.51808000
2024-10-05T23:00:00Z,62039.52000000,62100.00000000,61980.33000000,62058.00000000,173.20865000
2024-10-06T00:00:00Z,62058.01000000,62088.17000000,61888.46000000,61920.00000000,191.30107000
2024-10-06T01:00:00Z,61919.99000000,62150.00000000,61919.99000000,62081.01000000,247.54462000
2024-10-06T02:00:00Z,62081.01000000,62115.99000000,61940.11000000,61966.01000000,199.51399000
2024-10-06T03:00:00Z,61966.01000000,62020.00000000,61876.00000000,61878.66000000,244.29144000
2024-10-06T04:00:00Z,61878.66000000,61966.25000000,61798.97000000,61878.03000000,273.75210000
2024-10-06T05:00:00Z,61878.03000000,61974.69000000,61845.07000000,61938.51000000,150.78816000
2024-10-06T06:00:00Z,61938.51000000,62010.00000000,61879.92000000,61961.99000000,390.35484000
2024-10-06T07:00:00Z,61962.00000000,62001.99000000,61948.02000000,61949.01000000,92.16551000
2024-10-06T08:00:00Z,61949.01000000,62070.00000000,61922.00000000,61989.81000000,243.41255000
2024-10-06T09:00:00Z,61989.81000000,62176.75000000,61976.52000000,62066.38000000,280.81292000
2024-10-06T10:00:00Z,62066.38000000,62079.00000000,62006.55000000,62023.83000000,218.64231000
2024-10-06T11:00:00Z,62023.84000000,62145.00000000,62012.00000000,62101.92000000,193.91457000
2024-10-06T12:00:00Z,62101.92000000,62230.00000000,62065.31000000,62222.00000000,499.05718000
2024-10-06T13:00:00Z,62221.99000000,62371.05000000,62221.99000000,62257.73000000,684.22241000
2024-10-06T14:00:00Z,62257.73000000,62777.00000000,62196.00000000,62715.99000000,968.70462000
2024-10-06T15:00:00Z,62716.00000000,62766.22000000,62444.00000000,62720.01000000,911.02124000
2024-10-06T16:00:00Z,62720.01000000,62927.87000000,62597.50000000,62602.00000000,709.17287000
2024-10-06T17:00:00Z,62602.01000000,62760.01000000,62550.00000000,62591.20000000,364.35832000
2024-10-06T18:00:00Z,62591.20000000,62765.00000000,62590.91000000,62718.36000000,250.01336000
2024-10-06T19:00:00Z,62718.37000000,62975.00000000,62590.00000000,62631.38000000,358.18016000
2024-10-06T20:00:00Z,62631.38000000,62753.86000000,62585.00000000,62620.62000000,219.43399000
2024-10-06T21:00:00Z,62620.62000000,62658.23000000,62302.00000000,62303.03000000,433.39775000
2024-10-06T22:00:00Z,62303.04000000,62624.03000000,62303.03000000,62618.85000000,231.96477000
2024-10-06T23:00:00Z,62618.84000000,62912.33000000,62618.84000000,62819.91000000,550.84102000
2024-10-07T00:00:00Z,62819.91000000,63718.84000000,62657.44000000,63677.98000000,1704.33510000
2024-10-07T01:00:00Z,63677.98000000,63970.19000000,63660.00000000,63819.00000000,1335.96920000
2024-10-07T02:00:00Z,63819.00000000,63948.46000000,63597.22000000,63637.29000000,773.41171000
2024-10-07T03:00:00Z,63637.29000000,63769.84000000,63345.97000000,63530.51000000,642.28798000
2024-10-07T04:00:00Z,63530.51000000,63670.00000000,63462.88000000,63466.66000000,309.55226000
2024-10-07T05:00:00Z,63466.67000000,63628.00000000,63300.48000000,63380.01000000,485.61573000
2024-10-07T06:00:00Z,63380.00000000,63753.91000000,63312.00000000,63706.00000000,653.60056000
2024-10-07T07:00:00Z,63705.99000000,63710.56000000,63452.01000000,63531.99000000,666.26925000
2024-10-07T08:00:00Z,63532.00000000,63706.00000000,63520.00000000,63554.62000000,529.85189000
2024-10-07T09:00:00Z,63554.62000000,63554.63000000,63088.00000000,63210.83000000,1154.64233000
2024-10-07T10:00:00Z,63210.82000000,63222.00000000,62865.09000000,62891.48000000,1095.22985000
2024-10-07T11:00:00Z,62891.49000000,63179.99000000,62649.95000000,63135.44000000,1677.47151000
2024-10-07T12:00:00Z,63135.45000000,63135.45000000,62834.03000000,62883.33000000,724.06922000
2024-10-07T13:00:00Z,62883.32000000,63566.67000000,62825.37000000,63457.36000000,1393.04464000
2024-10-07T14:00:00Z,63457.37000000,64478.19000000,63457.37000000,63991.89000000,3989.25639000
2024-10-07T15:00:00Z,63991.89000000,63995.00000000,63525.00000000,63651.60000000,1496.13836000
2024-10-07T16:00:00Z,63651.59000000,63874.65000000,63427.96000000,63819.90000000,793.57942000
2024-10-07T17:00:00Z,63819.91000000,63906.57000000,63519.99000000,63819.99000000,751.04511000
2024-10-07T18:00:00Z,63820.00000000,63822.49000000,62735.90000000,62848.00000000,1494.26538000
2024-10-07T19:00:00Z,62848.00000000,63468.72000000,62848.00000000,63382.00000000,1055.60592000
2024-10-07T20:00:00Z,63381.99000000,63410.00000000,62984.29000000,63020.00000000,457.18377000
2024-10-07T21:00:00Z,63020.00000000,63374.00000000,63002.29000000,63373.99000000,399.72130000
2024-10-07T22:00:00Z,63373.99000000,63374.00000000,62419.90000000,62471.08000000,1024.37163000
2024-10-07T23:00:00Z,62471.08000000,62665.83000000,62128.00000000,62224.00000000,1359.66669000
2024-10-08T00:00:00Z,62224.01000000,62585.06000000,62156.02000000,62552.98000000,795.16170000
2024-10-08T01:00:00Z,62552.98000000,62737.84000000,62312.00000000,62630.01000000,699.78371000
2024-10-08T02:00:00Z,62630.01000000,62789.65000000,62419.90000000,62785.78000000,790.25190000
2024-10-08T03:00:00Z,62785.79000000,62820.00000000,62522.61000000,62629.80000000,473.99204000
2024-10-08T04:00:00Z,62629.80000000,62778.04000000,62533.56000000,62694.90000000,567.31828000
2024-10-08T05:00:00Z,62694.90000000,62723.69000000,62305.78000000,62517.35000000,719.31657000
2024-10-08T06:00:00Z,62517.35000000,62531.52000000,62200.00000000,62509.42000000,580.02424000
2024-10-08T07:00:00Z,62509.42000000,62509.42000000,62005.00000000,62319.99000000,722.21187000
2024-10-08T08:00:00Z,62319.99000000,62439.32000000,62193.63000000,62409.46000000,824.81768000
2024-10-08T09:00:00Z,62409.46000000,62590.00000000,62301.14000000,62537.38000000,524.50951000
2024-10-08T10:00:00Z,62537.37000000,62589.86000000,62410.82000000,62519.78000000,406.80723000
2024-10-08T11:00:00Z,62519.77000000,62670.16000000,62471.24000000,62624.01000000,484.82065000
2024-10-08T12:00:00Z,62624.02000000,62670.00000000,62427.15000000,62440.00000000,463.54487000
2024-10-08T13:00:00Z,62440.01000000,63058.43000000,62326.52000000,63035.27000000,1568.71636000
2024-10-08T14:00:00Z,63035.27000000,63200.00000000,62157.46000000,62778.00000000,2396.82105000
2024-10-08T15:00:00Z,62778.00000000,62850.24000000,61864.89000000,62288.01000000,2548.14024000
2024-10-08T16:00:00Z,62288.01000000,62598.00000000,62023.42000000,62570.00000000,889.56934000
2024-10-08T17:00:00Z,62569.99000000,62570.00000000,62071.31000000,62393.94000000,716.71801000
2024-10-08T18:00:00Z,62393.94000000,62534.00000000,61930.34000000,62110.72000000,928.34993000
2024-10-08T19:00:00Z,62110.71000000,62350.00000000,61860.31000000,62245.53000000,1051.14599000
2024-10-08T20:00:00Z,62245.99000000,62400.02000000,62147.39000000,62400.02000000,411.43606000
2024-10-08T21:00:00Z,62400.02000000,62565.95000000,62320.00000000,62443.74000000,354.90699000
2024-10-08T22:00:00Z,62443.75000000,62453.14000000,62159.90000000,62175.01000000,390.36179000
2024-10-08T23:00:00Z,62175.01000000,62281.21000000,62026.13000000,62160.49000000,393.49770000
2024-10-09T00:00:00Z,62160.50000000,62266.00000000,62002.50000000,62154.00000000,696.00437000
2024-10-09T01:00:00Z,62154.00000000,62494.00000000,62108.00000000,62414.55000000,719.19866000
2024-10-09T02:00:00Z,62414.55000000,62420.01000000,62264.00000000,62264.01000000,298.93255000
2024-10-09T03:00:00Z,62264.00000000,62460.00000000,62150.09000000,62394.07000000,504.43621000
2024-10-09T04:00:00Z,62394.07000000,62433.37000000,62300.00000000,62347.78000000,438.36498000
2024-10-09T05:00:00Z,62347.78000000,62542.06000000,62347.78000000,62524.09000000,698.96105000
2024-10-09T06:00:00Z,62524.09000000,62543.75000000,62380.00000000,62430.00000000,411.04474000
2024-10-09T07:00:00Z,62430.00000000,62430.00000000,62200.00000000,62276.78000000,493.56012000
2024-10-09T08:00:00Z,62276.79000000,62287.07000000,62046.69000000,62149.99000000,599.01755000
2024-10-09T09:00:00Z,62150.00000000,62275.37000000,62102.00000000,62264.02000000,392.90440000
2024-10-09T10:00:00Z,62264.02000000,62264.02000000,62051.27000000,62150.00000000,428.36988000
2024-10-09T11:00:00Z,62149.99000000,62231.12000000,62104.35000000,62200.00000000,298.13635000
2024-10-09T12:00:00Z,62199.99000000,62225.99000000,61766.00000000,61980.00000000,1296.22422000
2024-10-09T13:00:00Z,61980.00000000,62094.77000000,61750.00000000,61800.99000000,1341.96135000
2024-10-09T14:00:00Z,61801.00000000,62028.00000000,61634.61000000,61872.99000000,1156.05584000
2024-10-09T15:00:00Z,61872.99000000,62412.09000000,61780.00000000,62316.00000000,1435.35966000
2024-10-09T16:00:00Z,62316.00000000,62350.00000000,61686.00000000,61814.01000000,1304.67493000
2024-10-09T17:00:00Z,61814.01000000,61906.28000000,61666.98000000,61748.00000000,634.04881000
2024-10-09T18:00:00Z,61748.00000000,61818.19000000,61150.00000000,61196.01000000,1600.85322000
2024-10-09T19:00:00Z,61196.00000000,61218.00000000,60835.00000000,61031.98000000,1531.82306000
2024-10-09T20:00:00Z,61031.99000000,61122.53000000,60301.00000000,60420.01000000,1843.13319000
2024-10-09T21:00:00Z,60420.01000000,60958.00000000,60362.01000000,60902.01000000,921.66159000
2024-10-09T22:00:00Z,60902.01000000,60915.66000000,60699.90000000,60798.01000000,448.46829000
2024-10-09T23:00:00Z,60798.01000000,60829.88000000,60610.00000000,60636.02000000,517.96182000
2024-10-10T00:00:00Z,60636.01000000,60693.50000000,60355.00000000,60437.61000000,1064.58671000
2024-10-10T01:00:00Z,60437.61000000,60860.87000000,60435.73000000,60803.02000000,706.81361000
2024-10-10T02:00:00Z,60803.01000000,60937.99000000,60708.07000000,60882.08000000,579.73713000
2024-10-10T03:00:00Z,60882.08000000,60956.00000000,60821.06000000,60865.29000000,376.43901000
2024-10-10T04:00:00Z,60865.29000000,60957.41000000,60814.90000000,60865.90000000,279.67137000
2024-10-10T05:00:00Z,60865.89000000,61052.00000000,60842.09000000,60941.48000000,381.79627000
2024-10-10T06:00:00Z,60941.48000000,61149.58000000,60892.29000000,61143.85000000,566.90796000
2024-10-10T07:00:00Z,61143.86000000,61145.99000000,60900.00000000,60900.00000000,398.99964000
2024-10-10T08:00:00Z,60900.01000000,61073.42000000,60784.75000000,60815.70000000,595.18801000
2024-10-10T09:00:00Z,60815.71000000,60988.92000000,60630.71000000,60935.15000000,908.49779000
2024-10-10T10:00:00Z,60935.14000000,61211.99000000,60932.69000000,61075.56000000,473.81685000
2024-10-10T11:00:00Z,61075.56000000,61321.68000000,61052.00000000,61262.00000000,582.16912000
2024-10-10T12:00:00Z,61262.01000000,61320.00000000,60752.04000000,60962.00000000,1487.32919000
2024-10-10T13:00:00Z,60962.01000000,61254.00000000,60617.05000000,60940.01000000,1121.40668000
2024-10-10T14:00:00Z,60940.01000000,61055.99000000,60513.44000000,60593.95000000,1109.62787000
2024-10-10T15:00:00Z,60593.95000000,60814.98000000,60444.99000000,60789.36000000,1509.54800000
2024-10-10T16:00:00Z,60789.36000000,61030.31000000,60255.36000000,60298.12000000,1239.94022000
2024-10-10T17:00:00Z,60298.12000000,60460.00000000,59561.51000000,59611.01000000,2434.69214000
2024-10-10T18:00:00Z,59611.00000000,59611.01000000,58946.00000000,59502.01000000,3644.40509000
2024-10-10T19:00:00Z,59502.00000000,59761.00000000,59360.00000000,59727.28000000,1198.92032000
2024-10-10T20:00:00Z,59727.27000000,60026.08000000,59586.29000000,59799.83000000,1105.03452000
2024-10-10T21:00:00Z,59799.83000000,60198.78000000,59692.79000000,60198.77000000,969.22291000
2024-10-10T22:00:00Z,60198.78000000,60250.00000000,59945.62000000,60148.01000000,752.21843000
2024-10-10T23:00:00Z,60148.00000000,60329.27000000,60148.00000000,60326.39000000,480.95597000
2024-10-11T00:00:00Z,60326.40000000,60360.00000000,60151.23000000,60194.01000000,709.69559000
2024-10-11T01:00:00Z,60194.01000000,60768.64000000,60087.64000000,60578.55000000,903.56723000
2024-10-11T02:00:00Z,60578.55000000,60649.99000000,60362.30000000,60553.31000000,432.09823000
2024-10-11T03:00:00Z,60553.32000000,60710.21000000,60553.31000000,60614.00000000,369.81958000
2024-10-11T04:00:00Z,60614.01000000,60720.03000000,60578.00000000,60699.99000000,320.68003000
2024-10-11T05:00:00Z,60699.99000000,60770.00000000,60588.23000000,60600.00000000,350.72883000
2024-10-11T06:00:00Z,60600.01000000,60925.16000000,60600.00000000,60800.00000000,557.93131000
2024-10-11T07:00:00Z,60800.01000000,60919.83000000,60656.00000000,60674.69000000,804.72065000
2024-10-11T08:00:00Z,60674.68000000,60810.89000000,60650.44000000,60669.39000000,404.79120000
2024-10-11T09:00:00Z,60669.39000000,61118.19000000,60654.05000000,61086.00000000,903.88588000
2024-10-11T10:00:00Z,61086.00000000,61263.40000000,61002.49000000,61160.00000000,994.23585000
2024-10-11T11:00:00Z,61160.01000000,61260.00000000,61079.90000000,61174.87000000,452.07523000
2024-10-11T12:00:00Z,61174.88000000,61477.57000000,61129.72000000,61379.00000000,1031.16609000
2024-10-11T13:00:00Z,61379.01000000,61848.00000000,61206.15000000,61676.00000000,1576.49136000
2024-10-11T14:00:00Z,61675.99000000,61950.00000000,61634.41000000,61753.65000000,2246.32837000
2024-10-11T15:00:00Z,61753.65000000,62450.00000000,61753.65000000,62259.05000000,2053.88774000
2024-10-11T16:00:00Z,62259.04000000,62438.64000000,62123.00000000,62272.00000000,1576.08866000
2024-10-11T17:00:00Z,62272.01000000,62934.80000000,62166.02000000,62918.00000000,1730.53186000
2024-10-11T18:00:00Z,62918.00000000,62973.47000000,62714.00000000,62922.08000000,790.45713000
2024-10-11T19:00:00Z,62922.07000000,63417.56000000,62819.47000000,63086.01000000,2353.79665000
2024-10-11T20:00:00Z,63086.00000000,63087.50000000,62924.00000000,62993.68000000,625.88299000
2024-10-11T21:00:00Z,62993.68000000,63160.00000000,62796.19000000,62848.48000000,1016.19852000
2024-10-11T22:00:00Z,62848.48000000,62910.00000000,62374.13000000,62450.27000000,822.93768000
2024-10-11T23:00:00Z,62450.27000000,62666.67000000,62357.70000000,62540.00000000,613.35543000
2024-10-12T00:00:00Z,62539.99000000,62930.00000000,62500.00000000,62840.00000000,757.11212000
2024-10-12T01:00:00Z,62840.01000000,63073.78000000,62684.67000000,62733.67000000,876.84838000
2024-10-12T02:00:00Z,62733.67000000,62757.58000000,62505.64000000,62554.97000000,404.88126000
2024-10-12T03:00:00Z,62554.98000000,62636.00000000,62487.23000000,62568.00000000,472.10486000
2024-10-12T04:00:00Z,62568.00000000,62746.00000000,62565.51000000,62583.58000000,477.93544000
2024-10-12T05:00:00Z,62583.58000000,62800.00000000,62579.00000000,62778.01000000,201.05441000
2024-10-12T06:00:00Z,62778.00000000,62778.01000000,62670.65000000,62679.91000000,275.66986000
2024-10-12T07:00:00Z,62679.91000000,62774.00000000,62645.73000000,62767.57000000,244.00832000
2024-10-12T08:00:00Z,62767.57000000,62783.06000000,62699.98000000,62725.58000000,219.30239000
2024-10-12T09:00:00Z,62725.59000000,62843.33000000,62672.34000000,62843.32000000,222.24086000
2024-10-12T10:00:00Z,62843.32000000,63049.00000000,62815.03000000,63043.73000000,674.64810000
2024-10-12T11:00:00Z,63043.73000000,63260.53000000,62914.65000000,62936.91000000,882.96206000
2024-10-12T12:00:00Z,62936.91000000,63062.00000000,62824.03000000,63056.26000000,568.09497000
2024-10-12T13:00:00Z,63056.26000000,63151.52000000,62975.00000000,63072.12000000,464.98284000
2024-10-12T14:00:00Z,63072.12000000,63400.00000000,63014.00000000,63234.99000000,646.31938000
2024-10-12T15:00:00Z,63235.00000000,63480.00000000,63057.00000000,63157.49000000,1011.08640000
2024-10-12T16:00:00Z,63157.50000000,63400.00000000,63063.40000000,63064.06000000,491.72842000
2024-10-12T17:00:00Z,63064.06000000,63260.00000000,63048.00000000,63103.47000000,321.78631000
2024-10-12T18:00:00Z,63103.46000000,63177.64000000,62936.00000000,62936.01000000,371.62018000
2024-10-12T19:00:00Z,62936.01000000,63075.61000000,62911.00000000,63000.01000000,352.60400000
2024-10-12T20:00:00Z,63000.01000000,63113.21000000,63000.00000000,63043.29000000,207.96238000
2024-10-12T21:00:00Z,63043.29000000,63225.24000000,63043.28000000,63221.16000000,172.79716000
2024-10-12T22:00:00Z,63221.16000000,63324.00000000,63140.00000000,63296.63000000,208.14162000
2024-10-12T23:00:00Z,63296.63000000,63388.00000000,63169.82000000,63206.22000000,385.40944000
2024-10-13T00:00:00Z,63206.23000000,63285.72000000,63035.00000000,63190.23000000,392.73552000
2024-10-13T01:00:00Z,63190.24000000,63190.24000000,62818.00000000,62879.26000000,906.08765000
2024-10-13T02:00:00Z,62879.26000000,62920.00000000,62700.00000000,62867.20000000,408.56362000
2024-10-13T03:00:00Z,62867.20000000,62900.00000000,62654.91000000,62712.31000000,271.47783000
2024-10-13T04:00:00Z,62712.31000000,62860.00000000,62707.21000000,62814.00000000,199.62475000
2024-10-13T05:00:00Z,62814.00000000,62964.00000000,62813.99000000,62853.92000000,184.12566000
2024-10-13T06:00:00Z,62853.91000000,62990.00000000,62853.91000000,62867.29000000,211.17094000
2024-10-13T07:00:00Z,62867.29000000,62912.92000000,62729.81000000,62843.48000000,382.01636000
2024-10-13T08:00:00Z,62843.48000000,62962.00000000,62797.93000000,62809.99000000,495.84681000
2024-10-13T09:00:00Z,62809.99000000,62867.57000000,62770.61000000,62830.00000000,473.75794000
2024-10-13T10:00:00Z,62830.00000000,62830.01000000,62688.01000000,62700.99000000,419.55548000
2024-10-13T11:00:00Z,62700.99000000,62776.00000000,62520.18000000,62561.33000000,683.10484000
2024-10-13T12:00:00Z,62561.34000000,62728.37000000,62546.00000000,62664.01000000,337.55907000
2024-10-13T13:00:00Z,62664.01000000,62818.00000000,62624.75000000,62660.00000000,417.77487000
2024-10-13T14:00:00Z,62660.00000000,62660.00000000,62200.00000000,62249.60000000,891.39712000
2024-10-13T15:00:00Z,62249.60000000,62347.49000000,62050.00000000,62229.31000000,1235.55429000
2024-10-13T16:00:00Z,62229.32000000,62712.50000000,62177.67000000,62629.10000000,666.47125000
2024-10-13T17:00:00Z,62629.11000000,62887.78000000,62410.21000000,62515.59000000,805.68447000
2024-10-13T18:00:00Z,62515.58000000,62623.12000000,62314.13000000,62414.00000000,366.44599000
2024-10-13T19:00:00Z,62414.00000000,62740.00000000,62414.00000000,62734.32000000,347.62511000
2024-10-13T20:00:00Z,62734.31000000,62762.92000000,62610.67000000,62762.91000000,264.84711000
2024-10-13T21:00:00Z,62762.92000000,63010.00000000,62679.90000000,62895.11000000,659.18256000
2024-10-13T22:00:00Z,62895.11000000,63125.00000000,62727.27000000,62837.99000000,617.63003000
2024-10-13T23:00:00Z,62838.00000000,62895.90000000,62630.00000000,62870.02000000,270.98068000
2024-10-14T00:00:00Z,62870.02000000,62898.43000000,62457.81000000,62520.18000000,498.83037000
2024-10-14T01:00:00Z,62520.19000000,62850.00000000,62510.01000000,62631.83000000,500.36381000
2024-10-14T02:00:00Z,62631.83000000,62634.17000000,62478.65000000,62614.00000000,267.08282000
2024-10-14T03:00:00Z,62614.00000000,64392.49000000,62612.00000000,64299.99000000,3936.41882000
2024-10-14T04:00:00Z,64300.00000000,64500.00000000,64082.37000000,64137.99000000,2574.70527000
2024-10-14T05:00:00Z,64137.99000000,64160.00000000,63778.62000000,63941.54000000,1258.11830000
2024-10-14T06:00:00Z,63941.54000000,64227.86000000,63801.89000000,64095.99000000,809.03000000
2024-10-14T07:00:00Z,64096.00000000,64686.00000000,64028.99000000,64620.87000000,1898.35413000
2024-10-14T08:00:00Z,64620.87000000,64860.00000000,64382.72000000,64427.99000000,1331.28363000
2024-10-14T09:00:00Z,64427.99000000,64899.98000000,64340.98000000,64822.23000000,1190.87041000
2024-10-14T10:00:00Z,64822.24000000,64999.00000000,64695.79000000,64860.18000000,1212.28075000
2024-10-14T11:00:00Z,64860.18000000,65188.57000000,64800.01000000,64920.06000000,1604.40044000
2024-10-14T12:00:00Z,64920.05000000,65000.00000000,64743.00000000,64868.05000000,1400.73972000
2024-10-14T13:00:00Z,64868.06000000,65292.00000000,64660.56000000,65150.01000000,1898.59510000
2024-10-14T14:00:00Z,65150.01000000,66299.93000000,65116.00000000,65922.00000000,5246.02328000
2024-10-14T15:00:00Z,65922.00000000,66111.16000000,65800.00000000,65870.00000000,2620.60347000
2024-10-14T16:00:00Z,65870.00000000,66014.00000000,65609.04000000,65703.99000000,2115.94718000
2024-10-14T17:00:00Z,65703.99000000,65846.00000000,65459.00000000,65640.01000000,1061.53508000
2024-10-14T18:00:00Z,65640.00000000,65960.00000000,65579.90000000,65769.59000000,978.39321000
2024-10-14T19:00:00Z,65769.59000000,66072.30000000,65723.40000000,65939.40000000,1385.23734000
2024-10-14T20:00:00Z,65939.41000000,66050.00000000,65815.56000000,65925.97000000,589.40036000
2024-10-14T21:00:00Z,65925.98000000,65999.00000000,65730.00000000,65782.14000000,396.51022000
2024-10-14T22:00:00Z,65782.14000000,66500.00000000,65770.00000000,66454.00000000,1948.67266000
2024-10-14T23:00:00Z,66454.01000000,66500.00000000,66035.29000000,66083.99000000,946.55585000
2024-10-15T00:00:00Z,66084.00000000,66330.00000000,65856.45000000,65929.99000000,1154.23779000
2024-10-15T01:00:00Z,65930.00000000,66013.83000000,65733.39000000,65866.48000000,694.44944000
2024-10-15T02:00:00Z,65866.48000000,65928.00000000,65706.01000000,65759.99000000,617.73826000
2024-10-15T03:00:00Z,65759.99000000,65760.00000000,65324.40000000,65400.00000000,1108.40050000
2024-10-15T04:00:00Z,65399.99000000,65691.21000000,65322.00000000,65599.99000000,567.45376000
2024-10-15T05:00:00Z,65599.99000000,65600.00000000,65201.00000000,65363.24000000,822.80503000
2024-10-15T06:00:00Z,65363.25000000,65612.17000000,65285.24000000,65564.98000000,735.52735000
2024-10-15T07:00:00Z,65564.98000000,65846.00000000,65560.01000000,65638.74000000,1193.58339000
2024-10-15T08:00:00Z,65638.74000000,65850.00000000,65615.57000000,65754.00000000,565.59570000
2024-10-15T09:00:00Z,65753.99000000,65785.33000000,65602.68000000,65637.99000000,1081.37313000
2024-10-15T10:00:00Z,65637.99000000,65750.00000000,65582.95000000,65679.94000000,642.13152000
2024-10-15T11:00:00Z,65679.95000000,65720.00000000,65280.00000000,65399.69000000,1509.55209000
2024-10-15T12:00:00Z,65399.68000000,65964.56000000,65383.50000000,65802.01000000,1376.78893000
2024-10-15T13:00:00Z,65802.01000000,67767.66000000,65770.00000000,67658.00000000,4758.39408000
2024-10-15T14:00:00Z,67658.00000000,67950.00000000,65150.01000000,65376.00000000,9039.37258000
2024-10-15T15:00:00Z,65376.01000000,66300.00000000,64800.01000000,66022.00000000,5392.76390000
2024-10-15T16:00:00Z,66022.01000000,67218.00000000,65982.55000000,66868.20000000,3418.13618000
2024-10-15T17:00:00Z,66868.21000000,67059.33000000,66501.00000000,66808.01000000,1765.93618000
2024-10-15T18:00:00Z,66808.00000000,67390.89000000,66754.00000000,66901.15000000,1591.98685000
2024-10-15T19:00:00Z,66901.15000000,67051.99000000,66574.94000000,66970.18000000,1664.01097000
2024-10-15T20:00:00Z,66970.18000000,67007.99000000,66391.65000000,66469.41000000,1318.01559000
2024-10-15T21:00:00Z,66469.41000000,66614.00000000,66130.64000000,66432.00000000,1096.16117000
2024-10-15T22:00:00Z,66432.01000000,66992.00000000,66409.42000000,66747.58000000,795.05313000
2024-10-15T23:00:00Z,66747.59000000,67156.47000000,66675.06000000,67074.14000000,774.48671000
2024-10-16T00:00:00Z,67074.14000000,67138.96000000,66759.01000000,66874.04000000,786.91734000
2024-10-16T01:00:00Z,66874.04000000,67496.89000000,66750.49000000,67375.99000000,1155.89777000
2024-10-16T02:00:00Z,67376.00000000,67561.04000000,67241.04000000,67280.01000000,855.21854000
2024-10-16T03:00:00Z,67280.01000000,67293.99000000,67071.33000000,67095.98000000,710.36875000
2024-10-16T04:00:00Z,67095.99000000,67236.00000000,66885.05000000,67000.00000000,694.88785000
2024-10-16T05:00:00Z,67000.00000000,67361.41000000,66930.71000000,67218.74000000,776.15846000
2024-10-16T06:00:00Z,67218.74000000,67300.00000000,66961.62000000,67050.00000000,772.89972000
2024-10-16T07:00:00Z,67050.00000000,67050.01000000,66775.67000000,66972.53000000,826.47000000
2024-10-16T08:00:00Z,66972.53000000,67270.15000000,66917.52000000,67129.82000000,1139.02083000
2024-10-16T09:00:00Z,67129.82000000,67469.00000000,67087.26000000,67420.01000000,1155.95012000
2024-10-16T10:00:00Z,67420.01000000,67799.00000000,67323.61000000,67733.54000000,2132.60078000
2024-10-16T11:00:00Z,67733.55000000,68424.00000000,67602.05000000,67894.72000000,4243.53323000
2024-10-16T12:00:00Z,67894.73000000,68058.00000000,67670.00000000,67832.00000000,2119.64251000
2024-10-16T13:00:00Z,67832.00000000,67962.00000000,67117.18000000,67386.00000000,2383.91323000
2024-10-16T14:00:00Z,67386.00000000,68308.91000000,67346.00000000,67671.91000000,3438.18800000
2024-10-16T15:00:00Z,67671.91000000,68050.00000000,67391.01000000,67749.99000000,1400.46686000
2024-10-16T16:00:00Z,67750.00000000,67929.99000000,67482.00000000,67823.88000000,1175.82956000
2024-10-16T17:00:00Z,67823.88000000,68100.00000000,67686.00000000,67942.00000000,983.28128000
2024-10-16T18:00:00Z,67942.00000000,68064.00000000,67780.32000000,67822.74000000,688.26491000
2024-10-16T19:00:00Z,67822.73000000,67952.84000000,67643.24000000,67728.00000000,727.95399000
2024-10-16T20:00:00Z,67728.01000000,67954.03000000,67630.00000000,67630.01000000,594.85817000
2024-10-16T21:00:00Z,67630.01000000,67706.00000000,67500.00000000,67566.90000000,394.73361000
2024-10-16T22:00:00Z,67566.90000000,67860.00000000,67563.84000000,67790.01000000,413.91674000
2024-10-16T23:00:00Z,67790.00000000,67827.48000000,67602.34000000,67620.01000000,367.28319000
2024-10-17T00:00:00Z,67620.00000000,67939.40000000,67580.00000000,67709.99000000,437.46753000
2024-10-17T01:00:00Z,67709.99000000,67899.99000000,67406.99000000,67893.98000000,839.22722000
2024-10-17T02:00:00Z,67893.98000000,67908.48000000,67408.00000000,67472.01000000,748.44335000
2024-10-17T03:00:00Z,67472.01000000,67700.00000000,67438.00000000,67601.40000000,478.64401000
2024-10-17T04:00:00Z,67601.40000000,67601.40000000,67260.00000000,67260.00000000,695.26222000
2024-10-17T05:00:00Z,67260.01000000,67470.00000000,67260.00000000,67340.82000000,509.73015000
2024-10-17T06:00:00Z,67340.81000000,67504.49000000,67104.18000000,67162.87000000,1233.26564000
2024-10-17T07:00:00Z,67162.87000000,67317.17000000,67087.35000000,67303.18000000,1114.64608000
2024-10-17T08:00:00Z,67303.18000000,67473.49000000,67200.00000000,67450.00000000,745.35931000
2024-10-17T09:00:00Z,67450.00000000,67530.01000000,67185.16000000,67191.40000000,941.84050000
2024-10-17T10:00:00Z,67191.41000000,67295.40000000,66818.96000000,67214.00000000,1208.73503000
2024-10-17T11:00:00Z,67214.01000000,67285.00000000,66741.09000000,66872.43000000,1944.76935000
2024-10-17T12:00:00Z,66872.44000000,67184.00000000,66799.90000000,67171.42000000,998.62443000
2024-10-17T13:00:00Z,67171.42000000,67354.94000000,66669.00000000,67021.99000000,1702.17377000
2024-10-17T14:00:00Z,67021.99000000,67293.94000000,66666.00000000,67123.80000000,2327.10904000
2024-10-17T15:00:00Z,67123.80000000,67680.00000000,66925.06000000,67590.66000000,1616.10959000
2024-10-17T16:00:00Z,67590.67000000,67590.67000000,67122.68000000,67384.42000000,1677.79081000
2024-10-17T17:00:00Z,67384.42000000,67526.00000000,67156.70000000,67290.00000000,1220.03847000
2024-10-17T18:00:00Z,67290.00000000,67308.82000000,66720.00000000,66938.01000000,1635.90526000
2024-10-17T19:00:00Z,66938.01000000,67017.39000000,66780.00000000,66840.00000000,830.39720000
2024-10-17T20:00:00Z,66840.00000000,67149.50000000,66827.68000000,66940.00000000,469.06350000
2024-10-17T21:00:00Z,66940.00000000,67129.98000000,66940.00000000,67084.00000000,319.20057000
2024-10-17T22:00:00Z,67084.01000000,67480.00000000,67084.01000000,67444.02000000,919.29212000
2024-10-17T23:00:00Z,67444.02000000,67479.99000000,67288.01000000,67421.78000000,715.13346000
2024-10-18T00:00:00Z,67421.78000000,67457.07000000,67192.36000000,67214.42000000,626.09327000
2024-10-18T01:00:00Z,67214.41000000,68260.92000000,67194.00000000,68085.50000000,2138.13847000
2024-10-18T02:00:00Z,68085.50000000,68142.00000000,67800.00000000,68103.99000000,1073.14990000
2024-10-18T03:00:00Z,68104.00000000,68108.58000000,67522.00000000,67555.40000000,978.29799000
2024-10-18T04:00:00Z,67555.41000000,67867.93000000,67544.00000000,67742.72000000,770.77181000
2024-10-18T05:00:00Z,67742.71000000,68050.00000000,67640.00000000,68000.79000000,567.44614000
2024-10-18T06:00:00Z,68000.79000000,68378.95000000,67925.98000000,68108.00000000,1482.28962000
2024-10-18T07:00:00Z,68108.00000000,68194.00000000,67864.00000000,67969.70000000,1615.53030000
2024-10-18T08:00:00Z,67969.69000000,68050.00000000,67830.00000000,67922.45000000,641.38325000
2024-10-18T09:00:00Z,67922.44000000,68045.55000000,67763.26000000,67802.00000000,753.29192000
2024-10-18T10:00:00Z,67802.00000000,67970.33000000,67776.43000000,67874.92000000,921.44904000
2024-10-18T11:00:00Z,67874.92000000,68028.44000000,67674.98000000,67702.00000000,1288.33547000
2024-10-18T12:00:00Z,67702.00000000,67820.66000000,67642.71000000,67662.00000000,574.19737000
2024-10-18T13:00:00Z,67662.00000000,68196.00000000,67656.99000000,68196.00000000,1233.37326000
2024-10-18T14:00:00Z,68195.99000000,68600.00000000,67936.18000000,68426.98000000,4002.87329000
2024-10-18T15:00:00Z,68426.99000000,68870.68000000,68293.04000000,68735.35000000,3171.49022000
2024-10-18T16:00:00Z,68735.34000000,68897.99000000,68360.00000000,68787.88000000,1754.84058000
2024-10-18T17:00:00Z,68787.87000000,68908.05000000,68656.53000000,68710.14000000,1032.29321000
2024-10-18T18:00:00Z,68710.13000000,69000.00000000,68560.00000000,68892.42000000,1227.26584000
2024-10-18T19:00:00Z,68892.41000000,68974.00000000,68572.72000000,68608.01000000,1079.87377000
2024-10-18T20:00:00Z,68608.01000000,68690.00000000,68400.00000000,68432.00000000,674.44986000
2024-10-18T21:00:00Z,68431.99000000,68495.45000000,68230.00000000,68412.00000000,381.16213000
2024-10-18T22:00:00Z,68412.00000000,68420.00000000,68204.10000000,68205.60000000,430.32404000
2024-10-18T23:00:00Z,68205.59000000,68470.00000000,68205.59000000,68428.00000000,307.31425000
2024-10-19T00:00:00Z,68427.99000000,68480.00000000,68303.03000000,68334.20000000,310.84184000
2024-10-19T01:00:00Z,68334.21000000,68454.55000000,68330.00000000,68340.02000000,321.83758000
2024-10-19T02:00:00Z,68340.02000000,68469.91000000,68334.00000000,68459.59000000,276.07774000
2024-10-19T03:00:00Z,68459.58000000,68693.26000000,68435.96000000,68450.01000000,467.97911000
2024-10-19T04:00:00Z,68450.00000000,68560.00000000,68334.00000000,68334.01000000,312.97065000
2024-10-19T05:00:00Z,68334.00000000,68432.62000000,68326.00000000,68390.01000000,234.25062000
2024-10-19T06:00:00Z,68390.01000000,68439.00000000,68335.83000000,68335.83000000,234.88358000
2024-10-19T07:00:00Z,68335.84000000,68405.11000000,68302.31000000,68346.54000000,331.56830000
2024-10-19T08:00:00Z,68346.54000000,68475.70000000,68346.54000000,68409.99000000,382.56805000
2024-10-19T09:00:00Z,68410.00000000,68436.44000000,68352.00000000,68352.00000000,271.85228000
2024-10-19T10:00:00Z,68352.00000000,68380.00000000,68242.00000000,68244.00000000,371.42915000
2024-10-19T11:00:00Z,68244.01000000,68297.28000000,68090.30000000,68090.30000000,629.51337000
2024-10-19T12:00:00Z,68090.30000000,68268.32000000,68088.00000000,68222.00000000,260.37486000
2024-10-19T13:00:00Z,68222.00000000,68222.01000000,68114.69000000,68114.70000000,265.42369000
2024-10-19T14:00:00Z,68114.71000000,68350.00000000,68114.70000000,68300.01000000,401.41070000
2024-10-19T15:00:00Z,68300.00000000,68338.00000000,68159.90000000,68226.93000000,419.69957000
2024-10-19T16:00:00Z,68226.94000000,68227.54000000,68041.02000000,68042.00000000,365.85620000
2024-10-19T17:00:00Z,68042.00000000,68142.80000000,68010.00000000,68121.99000000,207.03330000
2024-10-19T18:00:00Z,68121.99000000,68190.06000000,68094.40000000,68179.99000000,187.56654000
2024-10-19T19:00:00Z,68179.99000000,68242.43000000,68154.31000000,68181.98000000,259.13892000
2024-10-19T20:00:00Z,68181.98000000,68277.96000000,68168.45000000,68245.18000000,518.33656000
2024-10-19T21:00:00Z,68245.18000000,68345.41000000,68222.43000000,68222.43000000,423.73528000
2024-10-19T22:00:00Z,68222.43000000,68410.00000000,68203.18000000,68330.00000000,345.97000000
2024-10-19T23:00:00Z,68330.00000000,68413.96000000,68304.00000000,68378.00000000,393.34948000
2024-10-20T00:00:00Z,68377.99000000,68446.00000000,68231.23000000,68231.24000000,440.41304000
2024-10-20T01:00:00Z,68231.24000000,68253.30000000,68155.00000000,68158.00000000,217.11239000
2024-10-20T02:00:00Z,68158.00000000,68220.00000000,68114.43000000,68177.01000000,217.83232000
2024-10-20T03:00:00Z,68177.01000000,68198.00000000,68100.00000000,68188.00000000,179.36249000
2024-10-20T04:00:00Z,68188.01000000,68316.00000000,68184.96000000,68235.99000000,181.24513000
2024-10-20T05:00:00Z,68236.00000000,68291.67000000,68180.99000000,68214.00000000,232.81996000
2024-10-20T06:00:00Z,68213.99000000,68410.00000000,68176.26000000,68400.01000000,446.43758000
2024-10-20T07:00:00Z,68400.01000000,68433.50000000,68364.10000000,68378.00000000,580.54038000
2024-10-20T08:00:00Z,68378.01000000,68500.00000000,68355.01000000,68394.00000000,454.72661000
2024-10-20T09:00:00Z,68393.99000000,68445.99000000,68355.00000000,68434.20000000,239.27437000
2024-10-20T10:00:00Z,68434.20000000,68458.30000000,68376.04000000,68376.05000000,241.82127000
2024-10-20T11:00:00Z,68376.05000000,68443.40000000,68374.01000000,68420.01000000,194.59843000
2024-10-20T12:00:00Z,68420.01000000,68438.69000000,68259.90000000,68268.36000000,372.43389000
2024-10-20T13:00:00Z,68268.37000000,68486.00000000,68198.22000000,68451.85000000,663.03298000
2024-10-20T14:00:00Z,68451.85000000,68772.70000000,68451.84000000,68637.99000000,1336.44277000
2024-10-20T15:00:00Z,68638.00000000,68687.99000000,68366.00000000,68625.99000000,653.09373000
2024-10-20T16:00:00Z,68625.99000000,68660.00000000,68505.46000000,68505.47000000,342.64364000
2024-10-20T17:00:00Z,68505.47000000,68608.00000000,68422.00000000,68562.00000000,319.60725000
2024-10-20T18:00:00Z,68562.01000000,68653.50000000,68562.00000000,68604.00000000,218.85961000
2024-10-20T19:00:00Z,68604.01000000,68604.01000000,68495.99000000,68508.29000000,256.27441000
2024-10-20T20:00:00Z,68508.30000000,68900.00000000,68461.93000000,68781.98000000,482.77596000
2024-10-20T21:00:00Z,68781.98000000,68870.00000000,68658.00000000,68770.00000000,463.65363000
2024-10-20T22:00:00Z,68770.00000000,69400.00000000,68600.00000000,69137.28000000,2772.83894000
2024-10-20T23:00:00Z,69137.28000000,69196.16000000,68923.32000000,69031.99000000,934.63300000
2024-10-21T00:00:00Z,69032.00000000,69519.52000000,68972.56000000,69160.00000000,1511.98728000
2024-10-21T01:00:00Z,69160.00000000,69480.00000000,69106.00000000,69210.89000000,726.66974000
2024-10-21T02:00:00Z,69210.88000000,69266.64000000,68709.87000000,68710.00000000,1082.59587000
2024-10-21T03:00:00Z,68709.99000000,68940.00000000,68588.51000000,68939.99000000,704.09672000
2024-10-21T04:00:00Z,68940.00000000,69039.00000000,68795.75000000,69039.00000000,546.23263000
2024-10-21T05:00:00Z,69039.00000000,69185.18000000,68951.27000000,68979.97000000,590.83933000
2024-10-21T06:00:00Z,68979.96000000,69146.51000000,68639.90000000,68699.36000000,697.48997000
2024-10-21T07:00:00Z,68699.36000000,68799.95000000,68488.33000000,68514.00000000,822.48063000
2024-10-21T08:00:00Z,68513.99000000,68661.00000000,68290.04000000,68301.46000000,1026.84906000
2024-10-21T09:00:00Z,68301.47000000,68426.00000000,68119.01000000,68378.00000000,1084.12302000
2024-10-21T10:00:00Z,68377.99000000,68482.87000000,68261.61000000,68281.49000000,1318.07234000
2024-10-21T11:00:00Z,68281.50000000,68434.00000000,68169.02000000,68238.01000000,815.17210000
2024-10-21T12:00:00Z,68238.00000000,68328.68000000,68046.00000000,68207.27000000,885.71411000
2024-10-21T13:00:00Z,68207.26000000,68242.00000000,67152.00000000,67312.00000000,5358.21525000
2024-10-21T14:00:00Z,67312.01000000,67620.25000000,67020.00000000,67268.00000000,3713.85728000
2024-10-21T15:00:00Z,67268.00000000,67347.96000000,66840.67000000,67341.02000000,2856.87172000
2024-10-21T16:00:00Z,67341.02000000,67344.00000000,66894.00000000,67327.00000000,1382.94149000
2024-10-21T17:00:00Z,67326.99000000,67669.62000000,67260.00000000,67526.01000000,1640.03756000
2024-10-21T18:00:00Z,67526.00000000,67526.01000000,67035.04000000,67335.05000000,1277.99748000
2024-10-21T19:00:00Z,67335.05000000,67941.17000000,67335.01000000,67763.00000000,1240.18922000
2024-10-21T20:00:00Z,67763.99000000,67818.19000000,67624.18000000,67749.99000000,494.38709000
2024-10-21T21:00:00Z,67750.00000000,67933.79000000,67688.14000000,67803.21000000,389.90719000
2024-10-21T22:00:00Z,67803.21000000,67878.78000000,67602.84000000,67781.07000000,544.89463000
2024-10-21T23:00:00Z,67781.07000000,67781.08000000,67366.66000000,67377.50000000,662.80013000
2024-10-22T00:00:00Z,67377.50000000,67406.50000000,66571.42000000,67149.73000000,2276.06378000
2024-10-22T01:00:00Z,67149.73000000,67538.00000000,67050.00000000,67508.29000000,826.66904000
2024-10-22T02:00:00Z,67508.29000000,67694.92000000,67269.32000000,67317.23000000,876.23526000
2024-10-22T03:00:00Z,67317.23000000,67553.34000000,67300.55000000,67390.02000000,551.26328000
2024-10-22T04:00:00Z,67390.01000000,67493.35000000,67278.02000000,67493.34000000,386.13539000
2024-10-22T05:00:00Z,67493.35000000,67642.23000000,67452.05000000,67579.99000000,605.65686000
2024-10-22T06:00:00Z,67579.99000000,67800.00000000,67572.00000000,67572.01000000,992.83241000
2024-10-22T07:00:00Z,67572.00000000,67696.97000000,67386.04000000,67402.00000000,598.06763000
2024-10-22T08:00:00Z,67402.00000000,67402.14000000,66900.00000000,66934.07000000,1660.35676000
2024-10-22T09:00:00Z,66934.08000000,67127.71000000,66740.00000000,66960.02000000,1798.41018000
2024-10-22T10:00:00Z,66960.02000000,67240.00000000,66868.53000000,67184.56000000,1590.12437000
2024-10-22T11:00:00Z,67184.56000000,67526.67000000,67166.95000000,67299.15000000,904.03864000
2024-10-22T12:00:00Z,67299.15000000,67474.23000000,66860.00000000,66984.00000000,964.61675000
2024-10-22T13:00:00Z,66984.00000000,67175.00000000,66644.18000000,66998.21000000,1827.64620000
2024-10-22T14:00:00Z,66998.21000000,67686.67000000,66828.00000000,67559.03000000,2285.92003000
2024-10-22T15:00:00Z,67559.03000000,67693.34000000,67105.65000000,67282.27000000,1155.40221000
2024-10-22T16:00:00Z,67282.27000000,67282.28000000,66920.00000000,66966.07000000,968.42904000
2024-10-22T17:00:00Z,66966.06000000,67435.00000000,66946.50000000,67331.58000000,952.92437000
2024-10-22T18:00:00Z,67331.58000000,67534.19000000,67246.79000000,67385.00000000,1006.37813000
2024-10-22T19:00:00Z,67385.00000000,67635.72000000,67343.81000000,67482.98000000,701.61513000
2024-10-22T20:00:00Z,67482.99000000,67575.57000000,67422.12000000,67532.00000000,447.58720000
2024-10-22T21:00:00Z,67532.00000000,67550.00000000,67415.30000000,67534.85000000,244.98103000
2024-10-22T22:00:00Z,67534.85000000,67836.01000000,67491.05000000,67724.00000000,618.02795000
2024-10-22T23:00:00Z,67724.00000000,67773.94000000,67292.00000000,67426.00000000,359.58104000
2024-10-23T00:00:00Z,67426.01000000,67472.83000000,67130.43000000,67179.13000000,577.86445000
2024-10-23T01:00:00Z,67179.13000000,67386.94000000,67179.13000000,67348.46000000,393.55985000
2024-10-23T02:00:00Z,67348.46000000,67386.93000000,67068.28000000,67096.00000000,581.36673000
2024-10-23T03:00:00Z,67095.99000000,67180.92000000,66890.00000000,67082.10000000,639.25878000
2024-10-23T04:00:00Z,67082.10000000,67249.84000000,66999.99000000,67217.48000000,515.38779000
2024-10-23T05:00:00Z,67217.48000000,67227.59000000,67042.44000000,67087.06000000,344.91746000
2024-10-23T06:00:00Z,67087.06000000,67302.83000000,66904.18000000,66917.55000000,734.38739000
2024-10-23T07:00:00Z,66917.55000000,67000.77000000,66800.00000000,66852.34000000,610.35202000
2024-10-23T08:00:00Z,66852.33000000,67048.00000000,66415.62000000,66530.00000000,1433.79395000
2024-10-23T09:00:00Z,66530.00000000,66602.35000000,66200.00000000,66516.00000000,1401.02255000
2024-10-23T10:00:00Z,66515.99000000,66643.50000000,66397.37000000,66398.19000000,898.86870000
2024-10-23T11:00:00Z,66398.18000000,66600.00000000,66276.04000000,66414.00000000,944.47823000
2024-10-23T12:00:00Z,66414.00000000,66512.11000000,66105.00000000,66416.72000000,1715.78782000
2024-10-23T13:00:00Z,66416.72000000,66910.15000000,66340.40000000,66800.00000000,1214.47220000
2024-10-23T14:00:00Z,66799.99000000,66878.79000000,66433.00000000,66490.00000000,1221.12677000
2024-10-23T15:00:00Z,66489.99000000,66492.00000000,65923.01000000,66223.44000000,2404.06932000
2024-10-23T16:00:00Z,66223.45000000,66288.00000000,65801.00000000,65878.02000000,1896.31971000
2024-10-23T17:00:00Z,65878.02000000,65989.97000000,65637.00000000,65723.32000000,1676.39017000
2024-10-23T18:00:00Z,65723.31000000,66070.26000000,65260.00000000,66057.79000000,2506.24902000
2024-10-23T19:00:00Z,66057.78000000,66573.58000000,65872.00000000,66472.00000000,1668.71629000
2024-10-23T20:00:00Z,66472.00000000,66680.00000000,66338.99000000,66669.00000000,727.46539000
2024-10-23T21:00:00Z,66668.99000000,66683.34000000,66362.15000000,66414.01000000,372.21879000
2024-10-23T22:00:00Z,66414.00000000,66575.76000000,66351.58000000,66472.96000000,462.35838000
2024-10-23T23:00:00Z,66472.95000000,66807.37000000,66460.00000000,66668.65000000,589.80894000
2024-10-24T00:00:00Z,66668.65000000,67476.11000000,66510.00000000,67432.01000000,1333.57278000
2024-10-24T01:00:00Z,67432.00000000,67612.12000000,67058.03000000,67268.17000000,1439.99436000
2024-10-24T02:00:00Z,67268.17000000,67507.60000000,67157.09000000,67459.63000000,789.12141000
2024-10-24T03:00:00Z,67459.63000000,67474.29000000,67213.15000000,67213.16000000,506.44407000
2024-10-24T04:00:00Z,67213.16000000,67442.33000000,67210.26000000,67382.19000000,546.25312000
2024-10-24T05:00:00Z,67382.20000000,67479.55000000,67353.14000000,67364.00000000,403.43455000
2024-10-24T06:00:00Z,67364.01000000,67475.00000000,67117.78000000,67119.99000000,641.23642000
2024-10-24T07:00:00Z,67119.99000000,67321.16000000,67068.75000000,67123.08000000,577.32243000
2024-10-24T08:00:00Z,67123.09000000,67260.61000000,66850.00000000,66852.87000000,633.54945000
2024-10-24T09:00:00Z,66852.88000000,67005.61000000,66700.00000000,66876.00000000,1136.78891000
2024-10-24T10:00:00Z,66875.99000000,67123.00000000,66852.04000000,66999.99000000,1079.75886000
2024-10-24T11:00:00Z,67000.00000000,67322.26000000,66989.92000000,67285.99000000,777.47807000
2024-10-24T12:00:00Z,67286.00000000,67612.48000000,67262.00000000,67517.75000000,921.95126000
2024-10-24T13:00:00Z,67517.76000000,67998.00000000,67450.00000000,67905.99000000,1900.54444000
2024-10-24T14:00:00Z,67906.00000000,67980.00000000,67529.18000000,67786.27000000,1490.59296000
2024-10-24T15:00:00Z,67786.27000000,67972.00000000,67600.00000000,67701.22000000,1243.60288000
2024-10-24T16:00:00Z,67701.21000000,67793.34000000,67350.01000000,67574.14000000,888.58253000
2024-10-24T17:00:00Z,67574.15000000,67859.50000000,67460.00000000,67653.44000000,789.36736000
2024-10-24T18:00:00Z,67653.45000000,67958.00000000,67627.50000000,67832.00000000,687.80118000
2024-10-24T19:00:00Z,67831.99000000,68323.00000000,67732.54000000,68309.79000000,1652.44687000
2024-10-24T20:00:00Z,68309.79000000,68341.64000000,67978.04000000,68196.00000000,946.04241000
2024-10-24T21:00:00Z,68196.00000000,68850.00000000,68196.00000000,68348.01000000,1198.62429000
2024-10-24T22:00:00Z,68348.00000000,68557.99000000,68183.78000000,68183.78000000,563.32651000
2024-10-24T23:00:00Z,68183.78000000,68264.97000000,68055.75000000,68198.28000000,442.00165000
2024-10-25T00:00:00Z,68198.27000000,68286.56000000,67903.00000000,67989.27000000,603.33465000
2024-10-25T01:00:00Z,67989.26000000,68010.01000000,67845.01000000,67969.70000000,508.33758000
2024-10-25T02:00:00Z,67969.70000000,68080.00000000,67836.00000000,68066.99000000,478.05039000
2024-10-25T03:00:00Z,68066.99000000,68234.34000000,67989.55000000,68008.00000000,513.74526000
2024-10-25T04:00:00Z,68007.99000000,68045.36000000,67691.44000000,67744.00000000,757.84685000
2024-10-25T05:00:00Z,67744.01000000,67875.08000000,67574.92000000,67757.21000000,688.27431000
2024-10-25T06:00:00Z,67757.21000000,67860.00000000,67596.92000000,67646.21000000,555.06302000
2024-10-25T07:00:00Z,67646.21000000,67727.30000000,67250.00000000,67531.97000000,1238.06394000
2024-10-25T08:00:00Z,67531.96000000,67757.58000000,67286.28000000,67658.50000000,931.52642000
2024-10-25T09:00:00Z,67658.49000000,67878.00000000,67524.91000000,67837.28000000,1010.31439000
2024-10-25T10:00:00Z,67837.29000000,67878.76000000,67678.00000000,67855.23000000,456.55528000
2024-10-25T11:00:00Z,67855.23000000,68183.78000000,67801.21000000,68105.79000000,1034.19925000
2024-10-25T12:00:00Z,68105.79000000,68294.92000000,67959.68000000,68061.90000000,658.31277000
2024-10-25T13:00:00Z,68061.89000000,68427.62000000,67737.61000000,68334.00000000,1218.60277000
2024-10-25T14:00:00Z,68334.01000000,68771.49000000,68140.00000000,68311.31000000,2041.27174000
2024-10-25T15:00:00Z,68311.30000000,68543.30000000,67429.87000000,67690.01000000,2145.61355000
2024-10-25T16:00:00Z,67690.01000000,67890.52000000,67355.00000000,67670.00000000,1661.39602000
2024-10-25T17:00:00Z,67669.99000000,67814.00000000,66770.70000000,66836.01000000,2503.52003000
2024-10-25T18:00:00Z,66836.00000000,67585.87000000,66006.60000000,67026.61000000,6126.68051000
2024-10-25T19:00:00Z,67026.62000000,67237.01000000,66618.58000000,66850.00000000,2527.96506000
2024-10-25T20:00:00Z,66849.99000000,67034.36000000,66620.38000000,66937.99000000,1056.82465000
2024-10-25T21:00:00Z,66938.00000000,67297.90000000,66938.00000000,67297.90000000,482.54189000
2024-10-25T22:00:00Z,67297.89000000,67392.52000000,66618.01000000,66626.42000000,660.45329000
2024-10-25T23:00:00Z,66626.43000000,66800.00000000,65596.29000000,66698.33000000,4621.21763000
2024-10-26T00:00:00Z,66698.32000000,66859.76000000,66546.67000000,66736.00000000,1351.31462000
2024-10-26T01:00:00Z,66736.00000000,66816.00000000,66543.46000000,66711.99000000,750.17007000
2024-10-26T02:00:00Z,66711.99000000,67050.20000000,66439.90000000,66847.18000000,1008.27108000
2024-10-26T03:00:00Z,66847.19000000,66988.00000000,66700.00000000,66914.00000000,575.24971000
2024-10-26T04:00:00Z,66914.00000000,66994.31000000,66784.26000000,66948.07000000,396.34710000
2024-10-26T05:00:00Z,66948.06000000,67223.92000000,66944.00000000,67132.00000000,545.64975000
2024-10-26T06:00:00Z,67131.99000000,67240.02000000,67047.54000000,67170.03000000,336.91550000
2024-10-26T07:00:00Z,67170.03000000,67186.00000000,66995.61000000,67007.99000000,349.95281000
2024-10-26T08:00:00Z,67007.99000000,67175.31000000,66997.52000000,67134.65000000,218.43166000
2024-10-26T09:00:00Z,67134.65000000,67264.34000000,67054.75000000,67054.75000000,343.50673000
2024-10-26T10:00:00Z,67054.76000000,67177.38000000,66994.31000000,67053.96000000,434.19227000
2024-10-26T11:00:00Z,67053.95000000,67162.81000000,66953.02000000,67138.00000000,495.74422000
2024-10-26T12:00:00Z,67138.00000000,67180.00000000,67006.47000000,67034.11000000,279.60201000
2024-10-26T13:00:00Z,67034.12000000,67118.00000000,66867.96000000,66894.00000000,987.30125000
2024-10-26T14:00:00Z,66894.00000000,66953.28000000,66744.00000000,66797.99000000,703.64163000
2024-10-26T15:00:00Z,66797.99000000,67010.00000000,66762.57000000,66886.49000000,640.23767000
2024-10-26T16:00:00Z,66886.49000000,67053.61000000,66788.00000000,66979.99000000,625.33027000
2024-10-26T17:00:00Z,66980.00000000,67140.00000000,66970.00000000,67062.00000000,272.94127000
2024-10-26T18:00:00Z,67062.01000000,67143.64000000,67027.14000000,67042.00000000,202.36147000
2024-10-26T19:00:00Z,67042.00000000,67181.82000000,67042.00000000,67177.99000000,217.67147000
2024-10-26T20:00:00Z,67178.00000000,67454.55000000,67144.00000000,67265.46000000,470.54756000
2024-10-26T21:00:00Z,67265.46000000,67272.00000000,67103.45000000,67176.82000000,264.93924000
2024-10-26T22:00:00Z,67176.82000000,67235.69000000,67106.43000000,67132.00000000,179.60762000
2024-10-26T23:00:00Z,67132.00000000,67149.53000000,67084.00000000,67092.76000000,192.98072000
2024-10-27T00:00:00Z,67092.76000000,67118.12000000,66974.00000000,67014.85000000,210.48300000
2024-10-27T01:00:00Z,67014.85000000,67127.49000000,66913.73000000,67074.94000000,281.57477000
2024-10-27T02:00:00Z,67074.94000000,67116.44000000,67024.32000000,67054.00000000,143.14834000
2024-10-27T03:00:00Z,67054.00000000,67325.46000000,67000.00000000,67289.57000000,350.83558000
2024-10-27T04:00:00Z,67289.57000000,67317.78000000,67120.00000000,67160.00000000,182.15550000
2024-10-27T05:00:00Z,67160.00000000,67213.99000000,67149.79000000,67181.82000000,217.69434000
2024-10-27T06:00:00Z,67181.81000000,67186.00000000,67128.00000000,67186.00000000,110.32857000
2024-10-27T07:00:00Z,67186.00000000,67230.67000000,67184.94000000,67204.01000000,158.77541000
2024-10-27T08:00:00Z,67204.00000000,67266.49000000,67168.50000000,67226.00000000,205.47642000
2024-10-27T09:00:00Z,67226.00000000,67226.00000000,67101.04000000,67149.45000000,309.30960000
2024-10-27T10:00:00Z,67149.44000000,67194.00000000,67072.64000000,67088.00000000,279.44594000
2024-10-27T11:00:00Z,67088.00000000,67185.03000000,67036.85000000,67128.04000000,295.19627000
2024-10-27T12:00:00Z,67128.03000000,67500.00000000,67121.45000000,67400.00000000,568.19545000
2024-10-27T13:00:00Z,67399.99000000,67776.99000000,67396.00000000,67616.00000000,702.21189000
2024-10-27T14:00:00Z,67616.00000000,67750.00000000,67608.00000000,67695.99000000,354.20285000
2024-10-27T15:00:00Z,67696.00000000,67858.00000000,67693.72000000,67791.99000000,436.88107000
2024-10-27T16:00:00Z,67792.00000000,67878.79000000,67662.00000000,67828.00000000,421.72819000
2024-10-27T17:00:00Z,67828.00000000,68000.00000000,67722.56000000,67759.70000000,559.95827000
2024-10-27T18:00:00Z,67759.70000000,67771.51000000,67540.88000000,67560.00000000,381.72644000
2024-10-27T19:00:00Z,67560.00000000,67850.00000000,67554.00000000,67850.00000000,273.26642000
2024-10-27T20:00:00Z,67850.00000000,67921.26000000,67688.09000000,67762.01000000,281.50714000
2024-10-27T21:00:00Z,67762.00000000,68195.11000000,67740.10000000,67930.01000000,545.91543000
2024-10-27T22:00:00Z,67930.02000000,68332.05000000,67930.02000000,68124.00000000,969.56799000
2024-10-27T23:00:00Z,68124.00000000,68290.00000000,67988.00000000,68021.70000000,413.61104000
2024-10-28T00:00:00Z,68021.69000000,68116.78000000,67839.90000000,67859.91000000,555.35912000
2024-10-28T01:00:00Z,67859.90000000,67907.20000000,67740.11000000,67751.89000000,304.90747000
2024-10-28T02:00:00Z,67751.89000000,67860.00000000,67677.77000000,67803.99000000,438.32590000
2024-10-28T03:00:00Z,67804.00000000,67991.28000000,67700.51000000,67727.59000000,449.91570000
2024-10-28T04:00:00Z,67727.59000000,67800.00000000,67636.44000000,67744.29000000,490.56951000
2024-10-28T05:00:00Z,67744.30000000,67964.10000000,67618.00000000,67909.85000000,354.11541000
2024-10-28T06:00:00Z,67909.85000000,67959.15000000,67800.00000000,67959.15000000,467.50971000
2024-10-28T07:00:00Z,67959.15000000,68680.00000000,67959.15000000,68415.52000000,1916.25094000
2024-10-28T08:00:00Z,68415.52000000,68596.00000000,68328.00000000,68328.00000000,660.79200000
2024-10-28T09:00:00Z,68328.00000000,68614.09000000,68238.81000000,68574.00000000,636.96149000
2024-10-28T10:00:00Z,68573.99000000,68833.57000000,68548.00000000,68625.87000000,785.04653000
2024-10-28T11:00:00Z,68625.86000000,68768.57000000,68490.00000000,68753.78000000,586.05532000
2024-10-28T12:00:00Z,68753.78000000,69063.62000000,68590.00000000,68908.01000000,1872.43757000
2024-10-28T13:00:00Z,68908.00000000,69280.00000000,68777.00000000,68819.99000000,2492.62084000
2024-10-28T14:00:00Z,68820.00000000,69100.00000000,68688.00000000,68840.00000000,1777.84938000
2024-10-28T15:00:00Z,68840.00000000,68853.27000000,68426.67000000,68494.20000000,1476.61850000
2024-10-28T16:00:00Z,68494.20000000,68980.00000000,68452.54000000,68709.27000000,1074.24282000
2024-10-28T17:00:00Z,68709.27000000,69208.43000000,68513.10000000,68984.00000000,1538.03860000
2024-10-28T18:00:00Z,68984.00000000,69240.00000000,68846.00000000,69212.12000000,995.60134000
2024-10-28T19:00:00Z,69212.12000000,69900.00000000,69150.01000000,69629.98000000,4352.02346000
2024-10-28T20:00:00Z,69629.99000000,69719.59000000,69427.79000000,69644.56000000,838.75248000
2024-10-28T21:00:00Z,69644.57000000,69797.99000000,69518.35000000,69791.00000000,637.09431000
2024-10-28T22:00:00Z,69791.00000000,70270.00000000,69791.00000000,69961.65000000,3417.36180000
2024-10-28T23:00:00Z,69961.64000000,70145.50000000,69733.30000000,69962.21000000,928.30439000
2024-10-29T00:00:00Z,69962.21000000,70010.00000000,69760.00000000,69960.88000000,654.60671000
2024-10-29T01:00:00Z,69960.89000000,70387.97000000,69840.24000000,70310.58000000,1101.99256000
2024-10-29T02:00:00Z,70310.58000000,71587.88000000,70221.11000000,71190.05000000,5855.97331000
2024-10-29T03:00:00Z,71190.05000000,71430.96000000,70885.02000000,70938.14000000,1648.12275000
2024-10-29T04:00:00Z,70938.15000000,71139.22000000,70926.73000000,71088.01000000,1128.17440000
2024-10-29T05:00:00Z,71088.00000000,71110.40000000,70886.59000000,71039.99000000,1131.77562000
2024-10-29T06:00:00Z,71039.99000000,71370.00000000,71006.00000000,71248.45000000,1502.77840000
2024-10-29T07:00:00Z,71248.46000000,71267.08000000,70837.83000000,71017.97000000,1627.98917000
2024-10-29T08:00:00Z,71017.96000000,71219.72000000,70974.00000000,71134.01000000,881.19294000
2024-10-29T09:00:00Z,71134.00000000,71344.00000000,71114.68000000,71301.42000000,968.21912000
2024-10-29T10:00:00Z,71301.42000000,71344.00000000,71078.67000000,71171.32000000,827.37173000
2024-10-29T11:00:00Z,71171.32000000,71578.95000000,71150.01000000,71452.01000000,1657.03998000
2024-10-29T12:00:00Z,71452.02000000,71500.00000000,71102.02000000,71108.01000000,1143.99738000
2024-10-29T13:00:00Z,71108.00000000,71825.75000000,70929.00000000,71804.00000000,2434.69356000
2024-10-29T14:00:00Z,71803.99000000,71983.00000000,71327.67000000,71867.09000000,3599.99870000
2024-10-29T15:00:00Z,71867.10000000,72429.99000000,71654.01000000,72402.01000000,4331.32016000
2024-10-29T16:00:00Z,72402.00000000,72923.74000000,72350.70000000,72739.44000000,4607.25360000
2024-10-29T17:00:00Z,72739.43000000,72990.00000000,72529.58000000,72721.50000000,2664.90624000
2024-10-29T18:00:00Z,72721.49000000,73250.00000000,72666.32000000,73170.01000000,2532.22293000
2024-10-29T19:00:00Z,73170.00000000,73620.12000000,72504.03000000,72536.16000000,4571.61324000
2024-10-29T20:00:00Z,72536.38000000,72670.47000000,71864.65000000,72336.22000000,2515.05927000
2024-10-29T21:00:00Z,72336.22000000,72612.27000000,72221.28000000,72289.98000000,749.13640000
2024-10-29T22:00:00Z,72289.97000000,72978.90000000,72192.03000000,72660.00000000,1029.06082000
2024-10-29T23:00:00Z,72659.99000000,72808.77000000,72516.56000000,72736.42000000,964.10695000
2024-10-30T00:00:00Z,72736.41000000,72785.72000000,72113.78000000,72289.99000000,991.64175000
2024-10-30T01:00:00Z,72289.99000000,72415.36000000,72000.01000000,72415.36000000,865.90573000
2024-10-30T02:00:00Z,72415.36000000,72634.50000000,72330.00000000,72342.99000000,791.25703000
2024-10-30T03:00:00Z,72342.99000000,72482.12000000,72171.47000000,72234.00000000,904.95499000
2024-10-30T04:00:00Z,72234.00000000,72350.00000000,72187.55000000,72282.00000000,607.31878000
2024-10-30T05:00:00Z,72281.99000000,72513.03000000,72268.00000000,72498.00000000,1032.61237000
2024-10-30T06:00:00Z,72498.00000000,72610.00000000,72306.31000000,72306.31000000,781.27626000
2024-10-30T07:00:00Z,72306.32000000,72445.63000000,72100.00000000,72227.99000000,644.66298000
2024-10-30T08:00:00Z,72227.99000000,72542.20000000,72211.59000000,72241.35000000,766.37279000
2024-10-30T09:00:00Z,72241.35000000,72588.00000000,72224.31000000,72576.01000000,669.47116000
2024-10-30T10:00:00Z,72576.02000000,72604.97000000,72369.00000000,72378.02000000,806.77509000
2024-10-30T11:00:00Z,72378.02000000,72378.02000000,71926.82000000,71983.99000000,1006.60850000
2024-10-30T12:00:00Z,71984.00000000,72140.34000000,71750.04000000,71862.17000000,1946.32423000
2024-10-30T13:00:00Z,71862.17000000,72100.00000000,71436.00000000,71966.00000000,2218.00998000
2024-10-30T14:00:00Z,71966.00000000,72470.00000000,71932.00000000,72411.79000000,2024.37063000
2024-10-30T15:00:00Z,72411.79000000,72440.00000000,71693.94000000,72061.34000000,1598.11480000
2024-10-30T16:00:00Z,72061.34000000,72197.50000000,71800.00000000,72110.86000000,1098.11079000
2024-10-30T17:00:00Z,72110.86000000,72126.00000000,71641.77000000,71894.72000000,699.54975000
2024-10-30T18:00:00Z,71894.73000000,72150.00000000,71851.57000000,71974.75000000,699.00200000
2024-10-30T19:00:00Z,71974.74000000,72060.00000000,71783.19000000,71822.01000000,805.15685000
2024-10-30T20:00:00Z,71822.01000000,72857.15000000,71644.19000000,72857.14000000,3307.50597000
2024-10-30T21:00:00Z,72857.14000000,72961.00000000,72112.70000000,72388.10000000,1305.51987000
2024-10-30T22:00:00Z,72388.10000000,72675.53000000,72252.00000000,72397.40000000,706.69763000
2024-10-30T23:00:00Z,72397.40000000,72700.00000000,72343.98000000,72344.74000000,608.77063000
2024-10-31T00:00:00Z,72344.75000000,72413.99000000,72052.98000000,72165.99000000,1010.24554000
2024-10-31T01:00:00Z,72165.99000000,72455.49000000,72030.08000000,72370.00000000,634.00593000
2024-10-31T02:00:00Z,72370.01000000,72588.00000000,72189.00000000,72553.01000000,728.10372000
2024-10-31T03:00:00Z,72553.01000000,72599.99000000,72293.01000000,72353.74000000,583.47158000
2024-10-31T04:00:00Z,72353.75000000,72380.91000000,72224.38000000,72273.99000000,532.75988000
2024-10-31T05:00:00Z,72273.99000000,72384.17000000,72207.85000000,72282.00000000,464.23150000
2024-10-31T06:00:00Z,72282.01000000,72320.64000000,72152.00000000,72212.12000000,669.03855000
2024-10-31T07:00:00Z,72212.13000000,72478.00000000,72150.00000000,72417.19000000,634.52539000
2024-10-31T08:00:00Z,72417.19000000,72452.00000000,72149.79000000,72276.05000000,672.13547000
2024-10-31T09:00:00Z,72276.06000000,72397.78000000,72253.55000000,72304.70000000,542.01550000
2024-10-31T10:00:00Z,72304.70000000,72700.00000000,72222.77000000,72639.27000000,931.04054000
2024-10-31T11:00:00Z,72639.28000000,72660.00000000,72222.00000000,72226.00000000,984.02992000
2024-10-31T12:00:00Z,72226.00000000,72276.00000000,71966.00000000,72114.00000000,1326.92001000
2024-10-31T13:00:00Z,72114.00000000,72178.60000000,71110.00000000,71308.00000000,2477.47738000
2024-10-31T14:00:00Z,71308.00000000,71386.00000000,70624.01000000,70752.02000000,3934.50715000
2024-10-31T15:00:00Z,70752.01000000,71060.00000000,70431.77000000,70620.00000000,2652.44860000
2024-10-31T16:00:00Z,70620.01000000,70949.51000000,70355.93000000,70403.58000000,2149.23423000
2024-10-31T17:00:00Z,70403.59000000,70803.12000000,70359.00000000,70785.28000000,1208.41275000
2024-10-31T18:00:00Z,70785.28000000,70787.88000000,70106.20000000,70633.67000000,1423.95498000
2024-10-31T19:00:00Z,70633.67000000,70750.00000000,70036.00000000,70092.07000000,1205.92036000
2024-10-31T20:00:00Z,70092.07000000,70299.44000000,69685.76000000,70026.73000000,2110.54484000
2024-10-31T21:00:00Z,70026.74000000,70541.52000000,69856.04000000,70442.39000000,924.50362000
2024-10-31T22:00:00Z,70442.39000000,70543.98000000,70174.09000000,70480.00000000,702.79368000
2024-10-31T23:00:00Z,70479.99000000,70654.76000000,70292.00000000,70292.01000000,849.78185000
2024-11-01T00:00:00Z,70292.01000000,70470.00000000,70146.80000000,70173.73000000,840.45290000
2024-11-01T01:00:00Z,70173.72000000,70360.00000000,69313.74000000,69402.01000000,2171.71390000
2024-11-01T02:00:00Z,69402.00000000,69600.00000000,68830.00000000,69579.89000000,2802.10218000
2024-11-01T03:00:00Z,69579.89000000,69714.45000000,69334.00000000,69369.99000000,921.81357000
2024-11-01T04:00:00Z,69369.99000000,69623.99000000,69342.01000000,69592.00000000,670.40870000
2024-11-01T05:00:00Z,69592.00000000,69670.90000000,69526.00000000,69609.29000000,441.90421000
2024-11-01T06:00:00Z,69609.28000000,69699.14000000,69212.12000000,69212.13000000,1307.31559000
2024-11-01T07:00:00Z,69212.13000000,69420.13000000,69080.00000000,69273.70000000,1420.50492000
2024-11-01T08:00:00Z,69273.70000000,69538.00000000,69237.26000000,69376.10000000,882.41902000
2024-11-01T09:00:00Z,69376.10000000,69588.00000000,69324.00000000,69534.90000000,486.09866000
2024-11-01T10:00:00Z,69534.90000000,70156.00000000,69524.28000000,69989.65000000,1759.86747000
2024-11-01T11:00:00Z,69989.64000000,70228.00000000,69987.77000000,70002.01000000,1130.24211000
2024-11-01T12:00:00Z,70002.01000000,70467.65000000,69897.02000000,70354.87000000,1876.81718000
2024-11-01T13:00:00Z,70354.86000000,71220.00000000,70142.00000000,71200.44000000,2985.26242000
2024-11-01T14:00:00Z,71200.43000000,71632.95000000,70912.60000000,71271.17000000,3312.24710000
2024-11-01T15:00:00Z,71271.17000000,71360.00000000,69044.00000000,69387.77000000,4408.92622000
2024-11-01T16:00:00Z,69387.78000000,70515.16000000,69352.00000000,69920.73000000,2872.61732000
2024-11-01T17:00:00Z,69920.72000000,70181.83000000,69475.00000000,69586.01000000,2260.11920000
2024-11-01T18:00:00Z,69586.01000000,69636.37000000,69066.07000000,69151.66000000,1455.45627000
2024-11-01T19:00:00Z,69151.66000000,69454.00000000,68820.14000000,69268.00000000,2134.07040000
2024-11-01T20:00:00Z,69268.00000000,69460.00000000,69168.60000000,69248.95000000,722.65352000
2024-11-01T21:00:00Z,69248.95000000,69358.77000000,68854.50000000,69263.99000000,702.31597000
2024-11-01T22:00:00Z,69264.00000000,69455.95000000,69234.00000000,69440.01000000,381.96835000
2024-11-01T23:00:00Z,69440.01000000,69627.00000000,69364.00000000,69496.01000000,354.57037000
2024-11-02T00:00:00Z,69496.00000000,69675.92000000,69479.91000000,69665.99000000,598.79838000
2024-11-02T01:00:00Z,69665.99000000,69696.97000000,69506.72000000,69668.10000000,366.28930000
2024-11-02T02:00:00Z,69668.10000000,69914.37000000,69655.47000000,69661.96000000,612.69586000
2024-11-02T03:00:00Z,69661.95000000,69787.74000000,69563.22000000,69599.99000000,311.19594000
2024-11-02T04:00:00Z,69599.99000000,69627.90000000,69468.05000000,69568.00000000,320.13500000
2024-11-02T05:00:00Z,69568.00000000,69727.28000000,69446.00000000,69710.00000000,291.01338000
2024-11-02T06:00:00Z,69709.99000000,69748.16000000,69576.32000000,69744.86000000,275.27943000
2024-11-02T07:00:00Z,69744.86000000,69823.94000000,69682.00000000,69813.91000000,411.71980000
2024-11-02T08:00:00Z,69813.91000000,69838.62000000,69580.81000000,69630.95000000,301.05421000
2024-11-02T09:00:00Z,69630.95000000,69670.00000000,69510.91000000,69558.86000000,348.41823000
2024-11-02T10:00:00Z,69558.86000000,69628.00000000,69417.88000000,69623.63000000,359.11695000
2024-11-02T11:00:00Z,69623.63000000,69701.68000000,69576.00000000,69608.00000000,271.01091000
2024-11-02T12:00:00Z,69608.00000000,69680.00000000,69390.09000000,69459.05000000,484.74954000
2024-11-02T13:00:00Z,69459.05000000,69711.59000000,69358.87000000,69365.99000000,916.02900000
2024-11-02T14:00:00Z,69366.00000000,69437.85000000,69000.14000000,69263.48000000,1275.86887000
2024-11-02T15:00:00Z,69263.49000000,69450.01000000,69139.90000000,69393.17000000,688.48363000
2024-11-02T16:00:00Z,69393.18000000,69616.00000000,69321.99000000,69587.98000000,509.52438000
2024-11-02T17:00:00Z,69587.98000000,69600.00000000,69340.00000000,69401.99000000,407.60708000
2024-11-02T18:00:00Z,69401.99000000,69481.48000000,69215.00000000,69422.93000000,370.18861000
2024-11-02T19:00:00Z,69422.94000000,69562.00000000,69384.00000000,69510.00000000,266.19778000
2024-11-02T20:00:00Z,69510.00000000,69571.99000000,69462.29000000,69540.00000000,193.44987000
2024-11-02T21:00:00Z,69539.99000000,69560.00000000,69442.00000000,69442.00000000,139.60191000
2024-11-02T22:00:00Z,69442.01000000,69550.68000000,69363.08000000,69434.00000000,212.73359000
2024-11-02T23:00:00Z,69434.00000000,69446.00000000,69149.00000000,69374.74000000,590.51078000
2024-11-03T00:00:00Z,69374.74000000,69391.00000000,69159.76000000,69159.76000000,464.82077000
2024-11-03T01:00:00Z,69159.77000000,69225.03000000,69000.21000000,69010.13000000,876.36609000
2024-11-03T02:00:00Z,69010.14000000,69028.72000000,67864.16000000,68214.91000000,3555.86884000
2024-11-03T03:00:00Z,68214.91000000,68454.55000000,68018.79000000,68379.89000000,949.35350000
2024-11-03T04:00:00Z,68379.90000000,68696.97000000,68303.99000000,68592.01000000,650.51560000
2024-11-03T05:00:00Z,68592.00000000,68693.99000000,68428.54000000,68432.00000000,438.34921000
2024-11-03T06:00:00Z,68432.00000000,68771.58000000,68400.00000000,68569.99000000,421.89741000
2024-11-03T07:00:00Z,68570.00000000,68703.68000000,68379.90000000,68397.42000000,450.87968000
2024-11-03T08:00:00Z,68397.42000000,68603.58000000,68299.62000000,68480.01000000,714.31316000
2024-11-03T09:00:00Z,68480.01000000,68527.78000000,68200.01000000,68242.43000000,552.69928000
2024-11-03T10:00:00Z,68242.43000000,68571.94000000,68242.42000000,68441.99000000,734.03417000
2024-11-03T11:00:00Z,68442.00000000,68589.50000000,68316.52000000,68358.86000000,459.75688000
2024-11-03T12:00:00Z,68358.86000000,68560.00000000,68269.70000000,68486.05000000,553.72691000
2024-11-03T13:00:00Z,68486.04000000,68504.92000000,67972.00000000,68048.13000000,1341.51178000
2024-11-03T14:00:00Z,68048.13000000,68187.50000000,67588.61000000,67777.00000000,2264.76320000
2024-11-03T15:00:00Z,67776.99000000,68222.00000000,67478.73000000,68090.90000000,1882.77785000
2024-11-03T16:00:00Z,68090.91000000,68547.98000000,68054.00000000,68152.01000000,2124.00690000
2024-11-03T17:00:00Z,68152.00000000,68482.00000000,68132.16000000,68359.98000000,734.59969000
2024-11-03T18:00:00Z,68359.98000000,68446.00000000,67667.21000000,68018.00000000,1154.16433000
2024-11-03T19:00:00Z,68018.00000000,68693.81000000,68000.00000000,68679.00000000,798.46087000
2024-11-03T20:00:00Z,68679.00000000,68979.76000000,68499.90000000,68970.07000000,1066.32736000
2024-11-03T21:00:00Z,68970.06000000,69358.00000000,68966.65000000,69145.35000000,1294.60741000
2024-11-03T22:00:00Z,69145.35000000,69301.00000000,68784.10000000,68880.01000000,560.07952000
2024-11-03T23:00:00Z,68880.00000000,68915.00000000,68492.82000000,68775.99000000,951.82202000
2024-11-04T00:00:00Z,68775.99000000,68775.99000000,68240.61000000,68712.00000000,861.93595000
2024-11-04T01:00:00Z,68712.00000000,69037.03000000,68568.00000000,68970.01000000,972.75822000
2024-11-04T02:00:00Z,68970.00000000,69338.58000000,68882.00000000,69305.56000000,932.17697000
2024-11-04T03:00:00Z,69305.55000000,69500.00000000,69004.00000000,69047.86000000,764.94770000
2024-11-04T04:00:00Z,69047.86000000,69401.55000000,69047.85000000,69150.31000000,561.18813000
2024-11-04T05:00:00Z,69150.30000000,69177.37000000,68699.90000000,68820.01000000,717.81186000
2024-11-04T06:00:00Z,68820.01000000,69170.01000000,68820.00000000,69126.18000000,720.61568000
2024-11-04T07:00:00Z,69126.18000000,69175.97000000,68618.00000000,68618.00000000,753.64248000
2024-11-04T08:00:00Z,68618.00000000,68755.24000000,68470.00000000,68699.99000000,805.29507000
2024-11-04T09:00:00Z,68699.98000000,68924.00000000,68480.01000000,68640.83000000,840.07280000
2024-11-04T10:00:00Z,68640.83000000,68921.28000000,68602.00000000,68834.05000000,772.27691000
2024-11-04T11:00:00Z,68834.04000000,69036.00000000,68700.00000000,68792.71000000,644.03695000
2024-11-04T12:00:00Z,68792.72000000,69019.16000000,68739.90000000,68978.20000000,794.13164000
2024-11-04T13:00:00Z,68978.19000000,69264.52000000,68650.00000000,68662.39000000,1434.89991000
2024-11-04T14:00:00Z,68662.39000000,68722.00000000,68202.99000000,68394.01000000,2513.64508000
2024-11-04T15:00:00Z,68394.01000000,68758.00000000,68234.00000000,68646.01000000,1760.22137000
2024-11-04T16:00:00Z,68646.01000000,68814.32000000,67613.91000000,67756.00000000,2633.47611000
2024-11-04T17:00:00Z,67756.00000000,67934.39000000,67251.50000000,67830.00000000,2315.76983000
2024-11-04T18:00:00Z,67830.00000000,68098.05000000,67535.96000000,67651.81000000,1126.90863000
2024-11-04T19:00:00Z,67651.81000000,68100.00000000,67642.07000000,67856.00000000,946.44978000
2024-11-04T20:00:00Z,67856.01000000,67856.01000000,67316.00000000,67348.00000000,1313.58853000
2024-11-04T21:00:00Z,67347.99000000,67622.00000000,66835.00000000,67120.57000000,2909.11716000
2024-11-04T22:00:00Z,67120.56000000,68106.07000000,67059.90000000,67920.01000000,1854.74227000
2024-11-04T23:00:00Z,67920.00000000,68030.00000000,67639.90000000,67850.01000000,850.68284000
2024-11-05T00:00:00Z,67850.01000000,68180.00000000,67788.00000000,68030.00000000,1005.35361000
2024-11-05T01:00:00Z,68030.00000000,68097.07000000,67476.63000000,67997.31000000,1419.80695000
2024-11-05T02:00:00Z,67997.32000000,68075.48000000,67830.00000000,67880.77000000,561.13281000
2024-11-05T03:00:00Z,67880.78000000,68255.00000000,67880.00000000,68243.00000000,645.01015000
2024-11-05T04:00:00Z,68243.01000000,68500.00000000,68218.51000000,68323.01000000,779.42197000
2024-11-05T05:00:00Z,68323.00000000,68796.88000000,68300.00000000,68741.50000000,926.41824000
2024-11-05T06:00:00Z,68741.50000000,68803.04000000,68565.99000000,68779.90000000,765.15263000
2024-11-05T07:00:00Z,68779.91000000,68976.00000000,68570.24000000,68893.99000000,1056.69164000
2024-11-05T08:00:00Z,68894.00000000,69050.00000000,68786.00000000,69038.01000000,814.59939000
2024-11-05T09:00:00Z,69038.00000000,69100.00000000,68741.36000000,68776.49000000,1051.95627000
2024-11-05T10:00:00Z,68776.49000000,68855.50000000,68615.11000000,68764.29000000,677.27967000
2024-11-05T11:00:00Z,68764.29000000,68964.00000000,68758.47000000,68810.03000000,561.30189000
2024-11-05T12:00:00Z,68810.03000000,68948.00000000,68666.00000000,68865.09000000,746.12058000
2024-11-05T13:00:00Z,68865.09000000,68914.02000000,68671.98000000,68820.00000000,768.66425000
2024-11-05T14:00:00Z,68820.01000000,70325.06000000,68766.03000000,69964.00000000,4586.84531000
2024-11-05T15:00:00Z,69964.01000000,70071.43000000,69216.50000000,69639.99000000,3172.19973000
2024-11-05T16:00:00Z,69640.00000000,70577.91000000,69530.00000000,70191.98000000,2763.72791000
2024-11-05T17:00:00Z,70191.98000000,70468.35000000,69890.00000000,69949.66000000,1673.50723000
2024-11-05T18:00:00Z,69949.65000000,70260.00000000,69739.90000000,70229.99000000,1261.94490000
2024-11-05T19:00:00Z,70229.99000000,70267.95000000,68732.77000000,68995.99000000,2552.71002000
2024-11-05T20:00:00Z,68995.99000000,69663.01000000,68786.91000000,69445.99000000,2494.19588000
2024-11-05T21:00:00Z,69446.00000000,69620.00000000,69085.26000000,69160.00000000,963.20652000
2024-11-05T22:00:00Z,69160.00000000,69600.00000000,68888.88000000,69594.00000000,1070.14882000
2024-11-05T23:00:00Z,69594.01000000,69898.02000000,69294.99000000,69372.01000000,1037.67251000
2024-11-06T00:00:00Z,69372.01000000,71455.00000000,69298.00000000,71096.04000000,4435.56271000
2024-11-06T01:00:00Z,71096.03000000,71412.03000000,70606.00000000,71128.81000000,4226.53164000
2024-11-06T02:00:00Z,71128.81000000,73287.21000000,70950.22000000,73077.05000000,7183.69545000
2024-11-06T03:00:00Z,73077.05000000,75000.00000000,73070.05000000,74348.53000000,13585.40713700
2024-11-06T04:00:00Z,74348.53000000,74966.70000000,73912.00000000,74261.07000000,6021.94651000
2024-11-06T05:00:00Z,74261.06000000,74850.00000000,73638.97000000,74768.38000000,4917.01690000
2024-11-06T06:00:00Z,74768.38000000,75407.10000000,74200.01000000,74252.57000000,7948.70047100
2024-11-06T07:00:00Z,74252.56000000,74659.99000000,72727.00000000,73370.89000000,7177.23414000
2024-11-06T08:00:00Z,73370.89000000,73539.53000000,72656.31000000,73456.04000000,5507.09957000
2024-11-06T09:00:00Z,73456.05000000,74083.01000000,73456.04000000,73756.34000000,3452.56869000
2024-11-06T10:00:00Z,73756.35000000,73944.27000000,73314.85000000,73830.01000000,2489.42033000
2024-11-06T11:00:00Z,73830.01000000,74475.47000000,73657.27000000,74272.01000000,2541.30390000
2024-11-06T12:00:00Z,74272.00000000,74757.58000000,74166.21000000,74171.47000000,2353.66921000
2024-11-06T13:00:00Z,74171.48000000,74271.99000000,73585.78000000,73987.05000000,2265.58654000
2024-11-06T14:00:00Z,73987.06000000,74736.03000000,73488.00000000,73640.00000000,5206.19674000
2024-11-06T15:00:00Z,73639.99000000,74499.00000000,73514.00000000,74298.00000000,4154.59288000
2024-11-06T16:00:00Z,74297.99000000,74566.99000000,74150.00000000,74333.99000000,2437.22494000
2024-11-06T17:00:00Z,74333.99000000,74666.00000000,74151.52000000,74452.01000000,1976.24321000
2024-11-06T18:00:00Z,74452.00000000,75230.00000000,74404.57000000,75229.99000000,3088.90530000
2024-11-06T19:00:00Z,75229.99000000,75850.00000000,75037.87000000,75823.55000000,3998.01762200
2024-11-06T20:00:00Z,75823.55000000,76400.00000000,75507.10000000,76101.99000000,4735.94745700
2024-11-06T21:00:00Z,76101.98000000,76170.13000000,75658.20000000,75890.00000000,2060.40775000
2024-11-06T22:00:00Z,75890.00000000,76035.50000000,75519.94000000,75638.49000000,1348.01515000
2024-11-06T23:00:00Z,75638.50000000,75837.47000000,75552.78000000,75571.99000000,1015.70054000
2024-11-07T00:00:00Z,75571.99000000,75643.64000000,75050.00000000,75349.08000000,1516.93383000
2024-11-07T01:00:00Z,75349.07000000,76022.79000000,75228.00000000,75386.00000000,2770.57793000
2024-11-07T02:00:00Z,75386.00000000,75458.00000000,75141.51000000,75276.01000000,1461.71324000
2024-11-07T03:00:00Z,75276.01000000,75392.67000000,75003.83000000,75048.01000000,1421.02719000
2024-11-07T04:00:00Z,75048.01000000,75048.01000000,74611.50000000,74707.34000000,2079.79490000
2024-11-07T05:00:00Z,74707.34000000,74889.50000000,74670.00000000,74755.49000000,891.77676000
2024-11-07T06:00:00Z,74755.49000000,74831.07000000,74416.00000000,74768.27000000,1407.37166000
2024-11-07T07:00:00Z,74768.28000000,74964.87000000,74673.67000000,74757.58000000,1056.17171000
2024-11-07T08:00:00Z,74757.58000000,75150.00000000,74649.54000000,75150.00000000,1308.84009000
2024-11-07T09:00:00Z,75149.99000000,75150.11000000,74809.63000000,74916.76000000,698.93967000
2024-11-07T10:00:00Z,74916.76000000,75040.00000000,74766.00000000,75031.20000000,919.92356000
2024-11-07T11:00:00Z,75031.20000000,75043.50000000,74691.74000000,74746.00000000,838.72131000
2024-11-07T12:00:00Z,74745.99000000,75118.00000000,74726.00000000,74991.88000000,662.91433000
2024-11-07T13:00:00Z,74991.88000000,75038.00000000,74601.63000000,74672.53000000,918.65130000
2024-11-07T14:00:00Z,74672.54000000,75000.00000000,74512.19000000,74822.00000000,2268.50726000
2024-11-07T15:00:00Z,74822.00000000,76059.69000000,74675.05000000,76059.69000000,3749.87711000
2024-11-07T16:00:00Z,76059.68000000,76200.00000000,75555.17000000,75893.99000000,3155.37329000
2024-11-07T17:00:00Z,75893.98000000,76466.48000000,75739.90000000,76257.89000000,3177.19993000
2024-11-07T18:00:00Z,76257.90000000,76718.99000000,75671.09000000,76604.01000000,4375.30466500
2024-11-07T19:00:00Z,76604.00000000,76612.00000000,75906.56000000,76530.39000000,3142.40554000
2024-11-07T20:00:00Z,76530.40000000,76849.99000000,76268.52000000,76431.48000000,3091.90956000
2024-11-07T21:00:00Z,76431.49000000,76572.00000000,75860.00000000,75876.49000000,1454.73559000
2024-11-07T22:00:00Z,75876.49000000,75984.00000000,75494.00000000,75872.00000000,1284.07366000
2024-11-07T23:00:00Z,75872.00000000,76079.80000000,75700.00000000,75857.89000000,1216.67826000
2024-11-08T00:00:00Z,75857.89000000,76358.00000000,75844.99000000,76005.25000000,1567.30594000
2024-11-08T01:00:00Z,76005.24000000,76329.63000000,75832.14000000,75983.91000000,1139.43516000
2024-11-08T02:00:00Z,75983.91000000,76020.00000000,75652.65000000,75711.14000000,709.19516000
2024-11-08T03:00:00Z,75711.15000000,75890.80000000,75555.00000000,75890.79000000,1000.64121000
2024-11-08T04:00:00Z,75890.79000000,76026.00000000,75808.04000000,75832.14000000,693.63204000
2024-11-08T05:00:00Z,75832.13000000,76139.83000000,75800.00000000,75975.32000000,1058.29765000
2024-11-08T06:00:00Z,75975.32000000,76012.82000000,75830.00000000,75876.00000000,596.39265000
2024-11-08T07:00:00Z,75876.00000000,76220.00000000,75686.00000000,76148.49000000,2653.03890000
2024-11-08T08:00:00Z,76148.49000000,76164.00000000,75760.00000000,75802.00000000,1075.30347000
2024-11-08T09:00:00Z,75802.00000000,76073.78000000,75777.16000000,75947.69000000,771.79192000
2024-11-08T10:00:00Z,75947.68000000,76320.00000000,75780.70000000,76229.98000000,768.15953000
2024-11-08T11:00:00Z,76229.97000000,76284.60000000,75924.00000000,75934.46000000,705.99368000
2024-11-08T12:00:00Z,75934.47000000,76172.00000000,75934.46000000,76067.55000000,799.12641000
2024-11-08T13:00:00Z,76067.56000000,76279.71000000,75846.09000000,76268.13000000,1261.44788000
2024-11-08T14:00:00Z,76268.13000000,76309.13000000,75630.76000000,75752.00000000,3024.76051000
2024-11-08T15:00:00Z,75752.01000000,76584.60000000,75636.36000000,76427.72000000,4176.02729000
2024-11-08T16:00:00Z,76427.72000000,76514.99000000,75834.00000000,75919.30000000,2102.02572000
2024-11-08T17:00:00Z,75919.30000000,76522.00000000,75822.07000000,76385.99000000,1917.72706000
2024-11-08T18:00:00Z,76386.00000000,76999.00000000,76342.00000000,76812.00000000,2615.86905000
2024-11-08T19:00:00Z,76812.00000000,77199.99000000,76699.05000000,76912.58000000,2811.24187300
2024-11-08T20:00:00Z,76912.58000000,77097.00000000,76414.63000000,76591.33000000,2711.01365000
2024-11-08T21:00:00Z,76591.33000000,76695.99000000,76379.36000000,76483.09000000,1104.62036000
2024-11-08T22:00:00Z,76483.08000000,76622.70000000,76303.03000000,76369.12000000,670.14814000
2024-11-08T23:00:00Z,76369.13000000,76530.03000000,76300.23000000,76509.78000000,587.90433000
2024-11-09T00:00:00Z,76509.78000000,76639.84000000,76363.63000000,76430.00000000,810.03501000
2024-11-09T01:00:00Z,76430.00000000,76541.65000000,76256.00000000,76310.00000000,583.19381000
2024-11-09T02:00:00Z,76310.00000000,76430.44000000,76136.00000000,76422.98000000,669.81557000
2024-11-09T03:00:00Z,76422.97000000,76440.00000000,76240.08000000,76341.47000000,435.25274000
2024-11-09T04:00:00Z,76341.47000000,76406.12000000,76294.00000000,76377.99000000,329.62583000
2024-11-09T05:00:00Z,76377.99000000,76657.13000000,76358.60000000,76552.00000000,786.14324000
2024-11-09T06:00:00Z,76552.00000000,76795.69000000,76408.01000000,76510.00000000,1049.87565000
2024-11-09T07:00:00Z,76510.01000000,76529.08000000,76354.00000000,76529.08000000,659.23843000
2024-11-09T08:00:00Z,76529.07000000,76735.59000000,76436.00000000,76539.99000000,538.80074000
2024-11-09T09:00:00Z,76539.99000000,76636.37000000,76506.90000000,76554.00000000,522.33266000
2024-11-09T10:00:00Z,76554.00000000,76620.00000000,76415.89000000,76468.01000000,520.41883000
2024-11-09T11:00:00Z,76468.01000000,76511.78000000,76358.91000000,76487.11000000,375.09530000
2024-11-09T12:00:00Z,76487.11000000,76541.53000000,76280.00000000,76280.27000000,619.23260000
2024-11-09T13:00:00Z,76280.26000000,76495.77000000,76280.26000000,76426.39000000,881.68891000
2024-11-09T14:00:00Z,76426.40000000,76440.82000000,76272.72000000,76355.61000000,656.57304000
2024-11-09T15:00:00Z,76355.61000000,76416.52000000,76300.00000000,76319.90000000,418.84313000
2024-11-09T16:00:00Z,76319.91000000,76324.84000000,76058.00000000,76087.18000000,1200.70717000
2024-11-09T17:00:00Z,76087.19000000,76238.77000000,75714.66000000,76238.77000000,978.18075000
2024-11-09T18:00:00Z,76238.77000000,76387.19000000,76198.00000000,76356.53000000,530.21491000
2024-11-09T19:00:00Z,76356.53000000,76700.00000000,76116.00000000,76204.92000000,1249.58091000
2024-11-09T20:00:00Z,76204.91000000,76360.00000000,76179.00000000,76294.00000000,334.34498000
2024-11-09T21:00:00Z,76293.99000000,76486.00000000,76227.52000000,76451.60000000,408.62709000
2024-11-09T22:00:00Z,76451.61000000,76606.34000000,76365.25000000,76519.90000000,610.63157000
2024-11-09T23:00:00Z,76519.90000000,76900.00000000,76474.00000000,76677.46000000,1773.62628000
2024-11-10T00:00:00Z,76677.46000000,77100.00000000,76492.00000000,76884.01000000,1848.55068000
2024-11-10T01:00:00Z,76884.01000000,76964.00000000,76679.36000000,76702.31000000,853.09775000
2024-11-10T02:00:00Z,76702.31000000,77498.00000000,76661.40000000,77033.99000000,2512.97846500
2024-11-10T03:00:00Z,77033.99000000,77426.68000000,76985.43000000,77205.96000000,1022.83807000
2024-11-10T04:00:00Z,77205.97000000,79323.74000000,77138.00000000,79122.02000000,5557.68071300
2024-11-10T05:00:00Z,79122.02000000,79788.96000000,78803.38000000,79064.16000000,6049.42317900
2024-11-10T06:00:00Z,79064.16000000,79249.97000000,78612.00000000,78903.42000000,2379.84718000
2024-11-10T07:00:00Z,78903.42000000,79148.94000000,78743.98000000,78832.37000000,1574.77443000
2024-11-10T08:00:00Z,78832.36000000,79137.83000000,78832.36000000,79130.10000000,1049.78994000
2024-11-10T09:00:00Z,79130.09000000,79494.67000000,79122.00000000,79368.00000000,1290.33391000
2024-11-10T10:00:00Z,79367.99000000,79769.88000000,79280.00000000,79540.74000000,1738.33669000
2024-11-10T11:00:00Z,79540.75000000,80040.00000000,79540.74000000,79844.01000000,3281.09553200
2024-11-10T12:00:00Z,79844.00000000,80080.00000000,79268.15000000,79654.00000000,3270.28363000
2024-11-10T13:00:00Z,79654.00000000,79899.90000000,79540.00000000,79728.01000000,1458.86412000
2024-11-10T14:00:00Z,79728.01000000,79960.00000000,79200.00000000,79508.01000000,2759.50281000
2024-11-10T15:00:00Z,79508.00000000,79758.88000000,79379.90000000,79694.03000000,1527.98427000
2024-11-10T16:00:00Z,79694.03000000,79782.29000000,79486.01000000,79775.99000000,1313.89455000
2024-11-10T17:00:00Z,79776.00000000,80703.10000000,79648.00000000,80333.01000000,3087.36390900
2024-11-10T18:00:00Z,80333.01000000,81069.99000000,80333.01000000,80538.04000000,3698.35504200
2024-11-10T19:00:00Z,80538.04000000,80845.19000000,79324.59000000,79748.99000000,3215.15386000
2024-11-10T20:00:00Z,79748.99000000,79907.66000000,78940.77000000,78950.01000000,3517.83206000
2024-11-10T21:00:00Z,78950.00000000,80004.09000000,78473.13000000,79873.97000000,2794.88034000
2024-11-10T22:00:00Z,79873.98000000,81500.00000000,79788.01000000,80614.01000000,3744.26736500
2024-11-10T23:00:00Z,80614.00000000,80700.00000000,79945.23000000,80370.01000000,2282.97194000
2024-11-11T00:00:00Z,80370.01000000,80803.00000000,80216.01000000,80579.99000000,1518.19751000
2024-11-11T01:00:00Z,80579.99000000,81730.00000000,80366.02000000,81214.00000000,2744.96482700
2024-11-11T02:00:00Z,81213.99000000,81519.19000000,81032.00000000,81431.17000000,1858.44676000
2024-11-11T03:00:00Z,81431.18000000,81846.71000000,80946.00000000,81612.23000000,1745.18910500
2024-11-11T04:00:00Z,81612.23000000,81727.47000000,81116.53000000,81440.01000000,1226.04186000
2024-11-11T05:00:00Z,81440.01000000,81581.65000000,80432.00000000,80731.99000000,1681.12781000
2024-11-11T06:00:00Z,80731.99000000,81250.00000000,80590.98000000,80900.68000000,1864.06524000
2024-11-11T07:00:00Z,80900.68000000,81205.99000000,80747.58000000,81109.10000000,1247.61687000
2024-11-11T08:00:00Z,81109.11000000,81368.00000000,81023.29000000,81239.53000000,1638.37211000
2024-11-11T09:00:00Z,81239.52000000,81766.56000000,81166.00000000,81695.33000000,1888.89563000
2024-11-11T10:00:00Z,81695.34000000,82380.94000000,81668.73000000,81984.19000000,3031.71661100
2024-11-11T11:00:00Z,81984.19000000,82244.67000000,81842.01000000,82134.00000000,1487.64111000
2024-11-11T12:00:00Z,82133.99000000,82471.20000000,81719.21000000,82168.91000000,2599.32275000
2024-11-11T13:00:00Z,82168.92000000,82222.13000000,81460.19000000,81835.74000000,2377.53515000
2024-11-11T14:00:00Z,81835.73000000,82580.00000000,81500.01000000,82484.90000000,4581.23065000
2024-11-11T15:00:00Z,82484.91000000,84263.51000000,82349.98000000,84059.54000000,7999.97362600
2024-11-11T16:00:00Z,84059.53000000,84886.00000000,83831.84000000,84200.00000000,5612.39180800
2024-11-11T17:00:00Z,84200.00000000,84880.03000000,84196.41000000,84603.99000000,3245.90107000
2024-11-11T18:00:00Z,84603.99000000,85832.65000000,84208.77000000,85831.99000000,4435.91296000
2024-11-11T19:00:00Z,85831.99000000,86650.00000000,85314.00000000,86102.21000000,5977.44949600
2024-11-11T20:00:00Z,86102.21000000,87386.50000000,86052.00000000,86922.65000000,5360.19567300
2024-11-11T21:00:00Z,86922.66000000,88378.00000000,86703.00000000,87900.01000000,5158.49319900
2024-11-11T22:00:00Z,87900.00000000,88083.47000000,86372.31000000,87979.28000000,4668.03984000
2024-11-11T23:00:00Z,87979.27000000,89530.54000000,87979.27000000,88647.99000000,8374.94411100
2024-11-12T00:00:00Z,88648.00000000,89012.23000000,86561.35000000,88978.57000000,6202.57596000
2024-11-12T01:00:00Z,88978.56000000,89470.00000000,88392.51000000,88542.51000000,5394.13548000
2024-11-12T02:00:00Z,88542.51000000,88876.00000000,86928.68000000,87694.53000000,4470.78293000
2024-11-12T03:00:00Z,87694.53000000,88206.93000000,87474.19000000,88047.46000000,3384.74149000
2024-11-12T04:00:00Z,88047.45000000,88983.93000000,87700.00000000,88430.57000000,2860.49173000
2024-11-12T05:00:00Z,88430.56000000,88798.93000000,88159.99000000,88378.46000000,2376.99375000
2024-11-12T06:00:00Z,88378.46000000,89800.00000000,88160.01000000,89545.46000000,3887.83801800
2024-11-12T07:00:00Z,89545.46000000,89940.00000000,88953.58000000,88983.35000000,4282.79871300
2024-11-12T08:00:00Z,88983.35000000,89300.00000000,88720.91000000,89280.01000000,3007.80980000
2024-11-12T09:00:00Z,89280.00000000,89372.00000000,87620.00000000,87630.89000000,4144.80325000
2024-11-12T10:00:00Z,87630.89000000,88023.66000000,85229.00000000,86787.51000000,9748.05049000
2024-11-12T11:00:00Z,86787.52000000,87860.75000000,86524.14000000,87155.55000000,4625.62881000
2024-11-12T12:00:00Z,87155.55000000,87860.00000000,86203.83000000,86348.01000000,4534.67447000
2024-11-12T13:00:00Z,86348.02000000,86521.95000000,85072.00000000,86330.52000000,6017.90626000
2024-11-12T14:00:00Z,86330.52000000,87074.53000000,85208.20000000,87001.51000000,4368.49084000
2024-11-12T15:00:00Z,87001.51000000,87493.37000000,86148.00000000,86632.00000000,4188.52066000
2024-11-12T16:00:00Z,86632.00000000,87600.00000000,85730.35000000,87030.31000000,4206.00567000
2024-11-12T17:00:00Z,87030.31000000,87878.00000000,86850.66000000,86966.07000000,2935.44402000
2024-11-12T18:00:00Z,86966.07000000,88877.36000000,86907.26000000,88796.41000000,3326.61216000
2024-11-12T19:00:00Z,88796.41000000,89764.38000000,88620.01000000,88704.28000000,4018.37248000
2024-11-12T20:00:00Z,88704.28000000,89876.94000000,88672.00000000,89473.10000000,3121.07877000
2024-11-12T21:00:00Z,89472.01000000,89683.65000000,88160.27000000,88240.32000000,2297.49275000
2024-11-12T22:00:00Z,88240.32000000,88642.00000000,87612.00000000,88592.00000000,1621.46359000
2024-11-12T23:00:00Z,88592.00000000,88592.00000000,87379.59000000,87952.01000000,2277.17582000
2024-11-13T00:00:00Z,87952.00000000,88453.16000000,87604.00000000,88040.00000000,2506.13719000
2024-11-13T01:00:00Z,88040.00000000,88562.94000000,87708.00000000,88253.53000000,2490.18284000
2024-11-13T02:00:00Z,88253.54000000,88320.00000000,87004.00000000,87868.00000000,2120.81586000
2024-11-13T03:00:00Z,87868.01000000,88150.00000000,87049.52000000,87136.00000000,2891.48301000
2024-11-13T04:00:00Z,87136.00000000,87692.69000000,86226.15000000,87172.01000000,3319.43657000
2024-11-13T05:00:00Z,87172.00000000,87436.67000000,86452.78000000,86545.99000000,1957.43138000
2024-11-13T06:00:00Z,86545.99000000,86950.54000000,86127.99000000,86500.00000000,1697.27156000
2024-11-13T07:00:00Z,86500.00000000,87492.30000000,86480.07000000,87356.00000000,2570.39211000
2024-11-13T08:00:00Z,87356.01000000,87684.00000000,87100.00000000,87228.68000000,1541.49195000
2024-11-13T09:00:00Z,87228.69000000,87550.00000000,87082.42000000,87400.02000000,1407.08338000
2024-11-13T10:00:00Z,87400.03000000,87553.64000000,87124.92000000,87535.55000000,1322.67388000
2024-11-13T11:00:00Z,87535.55000000,88083.00000000,87454.54000000,87669.39000000,1729.14636000
2024-11-13T12:00:00Z,87669.40000000,87997.20000000,87502.49000000,87626.96000000,1420.45660000
2024-11-13T13:00:00Z,87626.95000000,89696.97000000,87548.00000000,89152.01000000,5115.10890000
2024-11-13T14:00:00Z,89152.00000000,91827.09000000,88623.64000000,91508.00000000,10520.73213400
2024-11-13T15:00:00Z,91508.00000000,92690.00000000,90432.23000000,92540.01000000,8070.55184900
2024-11-13T16:00:00Z,92540.00000000,93265.64000000,91467.90000000,92256.00000000,8454.24022400
2024-11-13T17:00:00Z,92256.01000000,92803.00000000,91755.00000000,92218.87000000,3483.23126000
2024-11-13T18:00:00Z,92218.87000000,93139.93000000,92050.07000000,92824.00000000,3464.86045000
2024-11-13T19:00:00Z,92824.00000000,92892.98000000,89969.87000000,90193.51000000,7363.95202000
2024-11-13T20:00:00Z,90193.50000000,91184.02000000,89292.00000000,89691.99000000,5146.59132000
2024-11-13T21:00:00Z,89692.00000000,89796.21000000,87970.98000000,88539.77000000,4478.14358000
2024-11-13T22:00:00Z,88539.77000000,89854.27000000,88350.00000000,89715.12000000,1736.16108000
2024-11-13T23:00:00Z,89715.12000000,90518.89000000,89248.28000000,90375.20000000,1956.27862000
2024-11-14T00:00:00Z,90375.21000000,90511.63000000,89685.10000000,90104.93000000,1980.13190000
2024-11-14T01:00:00Z,90104.93000000,90444.00000000,89458.13000000,90372.01000000,2341.26104000
2024-11-14T02:00:00Z,90372.00000000,90566.00000000,89664.00000000,90104.01000000,1526.15424000
2024-11-14T03:00:00Z,90104.00000000,90220.00000000,89531.86000000,89937.02000000,1506.55837000
2024-11-14T04:00:00Z,89937.03000000,90192.35000000,89320.37000000,90123.99000000,1549.89871000
2024-11-14T05:00:00Z,90123.99000000,90123.99000000,89647.19000000,89957.22000000,1094.80806000
2024-11-14T06:00:00Z,89957.23000000,90308.83000000,89283.50000000,89300.69000000,1465.14038000
2024-11-14T07:00:00Z,89309.41000000,90850.00000000,89104.54000000,90769.42000000,2087.50442000
2024-11-14T08:00:00Z,90769.42000000,91438.41000000,90329.80000000,90558.28000000,2547.27054000
2024-11-14T09:00:00Z,90558.28000000,90918.18000000,90368.00000000,90909.01000000,1359.25030000
2024-11-14T10:00:00Z,90909.01000000,91424.00000000,90840.01000000,91103.00000000,1937.65192000
2024-11-14T11:00:00Z,91102.99000000,91657.77000000,90472.00000000,91491.86000000,2287.83266000
2024-11-14T12:00:00Z,91491.85000000,91599.99000000,90945.00000000,91243.17000000,1587.33383000
2024-11-14T13:00:00Z,91243.17000000,91380.00000000,90559.65000000,90754.42000000,2037.91332000
2024-11-14T14:00:00Z,90754.42000000,91790.00000000,88639.76000000,88720.03000000,5271.45761000
2024-11-14T15:00:00Z,88720.03000000,89638.50000000,87829.57000000,87947.99000000,6221.33894000
2024-11-14T16:00:00Z,87947.99000000,89239.79000000,87526.74000000,89198.31000000,3863.10102000
2024-11-14T17:00:00Z,89198.32000000,89449.49000000,88584.00000000,89239.35000000,1958.59519000
2024-11-14T18:00:00Z,89239.35000000,89775.24000000,88916.80000000,89111.55000000,1486.62454000
2024-11-14T19:00:00Z,89111.55000000,89664.19000000,89111.54000000,89463.99000000,1223.63851000
2024-11-14T20:00:00Z,89463.99000000,89464.00000000,87565.01000000,87612.66000000,3373.06448000
2024-11-14T21:00:00Z,87612.67000000,88280.91000000,87029.65000000,88227.22000000,3405.01670000
2024-11-14T22:00:00Z,88227.23000000,88360.00000000,87050.00000000,87640.01000000,1875.13133000
2024-11-14T23:00:00Z,87640.01000000,87771.85000000,86668.21000000,87325.59000000,2742.83285000
2024-11-15T00:00:00Z,87325.59000000,88435.16000000,87252.00000000,87870.27000000,2102.34838000
2024-11-15T01:00:00Z,87870.26000000,88168.63000000,87373.45000000,88098.99000000,1707.79199000
2024-11-15T02:00:00Z,88098.99000000,88443.83000000,87736.00000000,88364.07000000,1227.36308000
2024-11-15T03:00:00Z,88364.07000000,88473.70000000,88116.00000000,88218.21000000,995.01845000
2024-11-15T04:00:00Z,88218.22000000,88242.43000000,87073.38000000,87454.57000000,2138.56254000
2024-11-15T05:00:00Z,87454.58000000,87860.46000000,87276.01000000,87724.00000000,1229.77864000
2024-11-15T06:00:00Z,87724.00000000,88182.69000000,87584.20000000,88182.67000000,1425.90985000
2024-11-15T07:00:00Z,88182.68000000,88391.99000000,87588.00000000,87612.00000000,2089.72502000
2024-11-15T08:00:00Z,87612.01000000,88165.91000000,87368.00000000,88082.96000000,1347.90092000
2024-11-15T09:00:00Z,88082.96000000,89350.00000000,88024.40000000,89195.99000000,2296.30230000
2024-11-15T10:00:00Z,89195.99000000,89458.13000000,88943.53000000,89354.55000000,1429.92991000
2024-11-15T11:00:00Z,89354.54000000,89771.99000000,89138.94000000,89741.25000000,1566.32537000
2024-11-15T12:00:00Z,89741.24000000,90709.74000000,89591.55000000,89753.84000000,2627.03494000
2024-11-15T13:00:00Z,89753.84000000,90482.30000000,89241.57000000,90148.00000000,1904.87357000
2024-11-15T14:00:00Z,90148.00000000,90200.00000000,88585.33000000,89107.98000000,3372.88896000
2024-11-15T15:00:00Z,89107.97000000,89134.74000000,87754.45000000,88445.41000000,3999.02812000
2024-11-15T16:00:00Z,88445.40000000,89768.41000000,88386.99000000,89375.99000000,2745.84242000
2024-11-15T17:00:00Z,89376.00000000,89944.00000000,89191.47000000,89484.85000000,1835.70209000
2024-11-15T18:00:00Z,89484.84000000,89810.00000000,89214.55000000,89387.99000000,1353.64414000
2024-11-15T19:00:00Z,89388.00000000,90844.90000000,89260.00000000,90377.89000000,2737.65262000
2024-11-15T20:00:00Z,90377.89000000,91461.01000000,90324.85000000,91447.98000000,3159.42709000
2024-11-15T21:00:00Z,91447.99000000,91830.35000000,91067.60000000,91678.78000000,2173.04829000
2024-11-15T22:00:00Z,91678.78000000,91850.00000000,91033.66000000,91208.00000000,1278.88642000
2024-11-15T23:00:00Z,91208.00000000,91450.00000000,90866.72000000,91032.07000000,1182.96557000
2024-11-16T00:00:00Z,91032.08000000,91348.50000000,90850.00000000,91000.00000000,1330.88177000
2024-11-16T01:00:00Z,91000.00000000,91442.11000000,90942.42000000,91249.29000000,919.75125000
2024-11-16T02:00:00Z,91249.30000000,91709.06000000,91151.51000000,91405.54000000,1116.54026000
2024-11-16T03:00:00Z,91405.54000000,91597.08000000,91053.48000000,91252.03000000,882.78064000
2024-11-16T04:00:00Z,91252.04000000,91400.00000000,91064.24000000,91269.69000000,674.33101000
2024-11-16T05:00:00Z,91269.70000000,91779.66000000,91144.74000000,91350.34000000,837.02267000
2024-11-16T06:00:00Z,91350.34000000,91447.74000000,91149.76000000,91192.00000000,799.84039000
2024-11-16T07:00:00Z,91192.00000000,91388.45000000,91068.19000000,91117.53000000,717.08105000
2024-11-16T08:00:00Z,91117.52000000,91430.00000000,91025.11000000,91425.98000000,991.04550000
2024-11-16T09:00:00Z,91425.98000000,91428.00000000,91199.18000000,91235.24000000,723.99711000
2024-11-16T10:00:00Z,91235.23000000,91598.13000000,91220.15000000,91393.93000000,1068.90218000
2024-11-16T11:00:00Z,91393.94000000,91423.33000000,90993.15000000,91169.69000000,1188.75818000
2024-11-16T12:00:00Z,91169.69000000,91320.00000000,90500.00000000,90894.74000000,1543.84482000
2024-11-16T13:00:00Z,90894.75000000,91190.00000000,90684.21000000,90755.99000000,838.54990000
2024-11-16T14:00:00Z,90756.00000000,91074.22000000,90608.80000000,90968.00000000,856.47747000
2024-11-16T15:00:00Z,90968.01000000,91016.93000000,90056.17000000,90521.20000000,2183.32434000
2024-11-16T16:00:00Z,90521.20000000,90865.48000000,90186.64000000,90612.65000000,1292.44473000
2024-11-16T17:00:00Z,90612.64000000,91000.00000000,90505.39000000,90904.03000000,693.43545000
2024-11-16T18:00:00Z,90904.02000000,91396.03000000,90840.00000000,91303.04000000,840.12951000
2024-11-16T19:00:00Z,91303.04000000,91332.00000000,90949.61000000,91100.24000000,640.37150000
2024-11-16T20:00:00Z,91100.23000000,91181.82000000,90670.60000000,90752.01000000,672.80452000
2024-11-16T21:00:00Z,90752.01000000,91067.67000000,90702.00000000,90993.50000000,519.94090000
2024-11-16T22:00:00Z,90993.49000000,91000.00000000,90300.00000000,90328.39000000,697.50998000
2024-11-16T23:00:00Z,90328.39000000,90651.98000000,90328.00000000,90586.92000000,688.11176000
2024-11-17T00:00:00Z,90587.98000000,90888.00000000,90576.00000000,90808.00000000,501.86790000
2024-11-17T01:00:00Z,90808.00000000,90876.81000000,90001.00000000,90272.74000000,1256.20862000
2024-11-17T02:00:00Z,90272.73000000,90272.74000000,89364.00000000,90024.01000000,2502.31411000
2024-11-17T03:00:00Z,90024.02000000,90247.86000000,89775.37000000,90247.86000000,690.33334000
2024-11-17T04:00:00Z,90247.86000000,90681.37000000,90158.56000000,90576.00000000,1106.20149000
2024-11-17T05:00:00Z,90576.01000000,90888.00000000,90374.45000000,90470.13000000,676.89936000
2024-11-17T06:00:00Z,90470.13000000,90769.99000000,90369.72000000,90645.44000000,518.74589000
2024-11-17T07:00:00Z,90645.44000000,90666.67000000,90368.00000000,90550.80000000,672.26890000
2024-11-17T08:00:00Z,90550.80000000,91050.01000000,90478.99000000,90985.11000000,1120.60865000
2024-11-17T09:00:00Z,90985.11000000,91449.99000000,90968.80000000,91295.24000000,1069.22190000
2024-11-17T10:00:00Z,91295.24000000,91330.88000000,90882.74000000,91056.00000000,541.78681000
2024-11-17T11:00:00Z,91055.99000000,91076.00000000,90508.00000000,90684.19000000,1197.47782000
2024-11-17T12:00:00Z,90684.19000000,91189.88000000,90632.00000000,91080.68000000,972.81942000
2024-11-17T13:00:00Z,91080.68000000,91112.00000000,90310.00000000,90504.01000000,1124.65301000
2024-11-17T14:00:00Z,90504.02000000,90765.96000000,89925.91000000,90310.91000000,1342.19407000
2024-11-17T15:00:00Z,90310.92000000,90587.99000000,90114.50000000,90260.01000000,727.14765000
2024-11-17T16:00:00Z,90260.01000000,90523.45000000,90076.29000000,90446.92000000,733.62749000
2024-11-17T17:00:00Z,90446.91000000,90640.18000000,90150.23000000,90578.66000000,731.60128000
2024-11-17T18:00:00Z,90578.66000000,90616.78000000,89832.44000000,89936.00000000,852.41957000
2024-11-17T19:00:00Z,89936.00000000,90140.00000000,89664.34000000,90044.00000000,794.74329000
2024-11-17T20:00:00Z,90044.00000000,90212.13000000,89500.00000000,89636.00000000,984.02570000
2024-11-17T21:00:00Z,89636.00000000,89748.02000000,89002.08000000,89137.98000000,1208.84489000
2024-11-17T22:00:00Z,89137.97000000,89647.84000000,88722.00000000,89556.00000000,1526.58089000
2024-11-17T23:00:00Z,89556.00000000,89863.99000000,89316.98000000,89855.99000000,1014.96404000
2024-11-18T00:00:00Z,89855.98000000,90120.74000000,89617.96000000,89940.00000000,744.60437000
2024-11-18T01:00:00Z,89940.00000000,90935.44000000,89894.38000000,90747.57000000,1089.21916000
2024-11-18T02:00:00Z,90747.57000000,90847.61000000,90405.01000000,90493.89000000,733.42403000
2024-11-18T03:00:00Z,90493.88000000,90676.92000000,90300.00000000,90668.58000000,684.98496000
2024-11-18T04:00:00Z,90668.58000000,90700.00000000,90438.85000000,90441.30000000,440.84819000
2024-11-18T05:00:00Z,90441.30000000,90809.36000000,90441.29000000,90615.71000000,706.34235000
2024-11-18T06:00:00Z,90615.72000000,92079.30000000,90615.71000000,92061.84000000,2850.16791000
2024-11-18T07:00:00Z,92061.84000000,92300.00000000,91415.79000000,91719.90000000,2381.30640000
2024-11-18T08:00:00Z,91719.90000000,92141.13000000,91555.54000000,91810.61000000,1210.88132000
2024-11-18T09:00:00Z,91810.60000000,92211.99000000,91640.00000000,91710.60000000,1098.76634000
2024-11-18T10:00:00Z,91710.59000000,92016.00000000,91680.00000000,91769.42000000,1099.18688000
2024-11-18T11:00:00Z,91769.43000000,91816.01000000,90051.10000000,90275.13000000,3079.76212000
2024-11-18T12:00:00Z,90275.13000000,90757.58000000,90100.50000000,90517.13000000,1724.96027000
2024-11-18T13:00:00Z,90517.14000000,90595.98000000,89376.90000000,89502.23000000,2600.74405000
2024-11-18T14:00:00Z,89502.23000000,91053.58000000,89436.29000000,90308.01000000,3049.73206000
2024-11-18T15:00:00Z,90308.00000000,92594.00000000,90242.61000000,92309.51000000,5498.53658000
2024-11-18T16:00:00Z,92309.51000000,92584.95000000,91121.23000000,91403.12000000,3213.18996000
2024-11-18T17:00:00Z,91403.12000000,92149.85000000,90904.25000000,91564.69000000,2525.68968000
2024-11-18T18:00:00Z,91564.69000000,91660.90000000,90100.00000000,90356.80000000,2030.63341000
2024-11-18T19:00:00Z,90356.80000000,90640.00000000,89667.66000000,90608.26000000,2185.28321000
2024-11-18T20:00:00Z,90608.26000000,91924.04000000,90412.00000000,91473.42000000,3550.12502000
2024-11-18T21:00:00Z,91473.43000000,91980.00000000,91144.08000000,91276.33000000,1649.50066000
2024-11-18T22:00:00Z,91276.33000000,91461.01000000,91001.00000000,91148.02000000,848.76047000
2024-11-18T23:00:00Z,91148.02000000,91220.00000000,90224.02000000,90464.08000000,1548.38508000
2024-11-19T00:00:00Z,90464.07000000,91228.58000000,90357.00000000,91042.94000000,1152.06439000
2024-11-19T01:00:00Z,91042.95000000,91241.46000000,90616.00000000,90714.26000000,692.68474000
2024-11-19T02:00:00Z,90714.27000000,91271.65000000,90702.73000000,91236.00000000,895.46765000
2024-11-19T03:00:00Z,91236.00000000,91529.00000000,91163.90000000,91428.00000000,835.04934000
2024-11-19T04:00:00Z,91428.00000000,91816.28000000,91248.01000000,91528.00000000,1005.54690000
2024-11-19T05:00:00Z,91528.00000000,91891.80000000,91238.09000000,91877.00000000,968.00577000
2024-11-19T06:00:00Z,91877.00000000,91980.00000000,91598.50000000,91959.11000000,951.70937000
2024-11-19T07:00:00Z,91959.11000000,92000.00000000,91600.00000000,91620.01000000,968.54265000
2024-11-19T08:00:00Z,91620.00000000,91781.00000000,91400.03000000,91780.99000000,766.04140000
2024-11-19T09:00:00Z,91780.99000000,91950.00000000,91200.00000000,91694.38000000,1510.11782000
2024-11-19T10:00:00Z,91694.37000000,91916.24000000,91485.04000000,91750.77000000,780.59382000
2024-11-19T11:00:00Z,91750.78000000,91842.89000000,91524.00000000,91652.02000000,674.19361000
2024-11-19T12:00:00Z,91652.01000000,92500.00000000,91652.01000000,92467.99000000,3004.42435000
2024-11-19T13:00:00Z,92467.99000000,92788.00000000,91044.15000000,91142.28000000,4201.52317000
2024-11-19T14:00:00Z,91142.27000000,92381.00000000,90975.80000000,91824.00000000,3721.67107000
2024-11-19T15:00:00Z,91824.00000000,92446.00000000,91500.00000000,92391.99000000,2896.00963000
2024-11-19T16:00:00Z,92391.99000000,92628.90000000,92147.12000000,92553.79000000,1569.18552000
2024-11-19T17:00:00Z,92553.78000000,93265.80000000,92339.26000000,92853.76000000,3497.84889000
2024-11-19T18:00:00Z,92853.75000000,93856.00000000,92711.50000000,93646.15000000,4048.37561000
2024-11-19T19:00:00Z,93646.16000000,93905.51000000,93060.00000000,93227.87000000,2335.36728000
2024-11-19T20:00:00Z,93227.87000000,93571.08000000,92165.05000000,92458.00000000,2443.65539000
2024-11-19T21:00:00Z,92457.99000000,92748.00000000,91800.00000000,92196.82000000,2004.44288000
2024-11-19T22:00:00Z,92196.82000000,92424.25000000,91320.00000000,91826.19000000,1602.60407000
2024-11-19T23:00:00Z,91826.19000000,92333.77000000,91585.30000000,92310.79000000,1134.92150000
2024-11-20T00:00:00Z,92310.80000000,92418.68000000,92000.00000000,92044.19000000,764.92352000
2024-11-20T01:00:00Z,92044.18000000,92284.53000000,91720.00000000,91976.79000000,1087.89177000
2024-11-20T02:00:00Z,91976.79000000,92028.74000000,91580.00000000,91748.00000000,902.70195000
2024-11-20T03:00:00Z,91748.00000000,92066.66000000,91500.00000000,92039.99000000,1340.70675000
2024-11-20T04:00:00Z,92039.99000000,92271.71000000,91850.00000000,92121.21000000,761.92254000
2024-11-20T05:00:00Z,92121.21000000,92516.00000000,91958.56000000,92505.47000000,752.93639000
2024-11-20T06:00:00Z,92505.47000000,92654.93000000,92352.59000000,92372.95000000,756.29573000
2024-11-20T07:00:00Z,92372.95000000,92851.09000000,92300.00000000,92850.38000000,1206.02389000
2024-11-20T08:00:00Z,92850.38000000,93333.33000000,92720.00000000,93200.00000000,1862.07171000
2024-11-20T09:00:00Z,93200.00000000,93669.98000000,92970.00000000,93100.01000000,2098.04798000
2024-11-20T10:00:00Z,93100.01000000,93520.00000000,93009.98000000,93278.50000000,1040.10863000
2024-11-20T11:00:00Z,93278.50000000,93614.98000000,92808.00000000,93454.65000000,1216.52056000
2024-11-20T12:00:00Z,93454.65000000,93750.00000000,93314.49000000,93531.95000000,1707.24079000
2024-11-20T13:00:00Z,93531.95000000,94585.23000000,93531.94000000,94382.88000000,3912.45098200
2024-11-20T14:00:00Z,94382.87000000,94750.00000000,93828.00000000,94627.41000000,3797.49185000
2024-11-20T15:00:00Z,94627.41000000,94807.62000000,94050.00000000,94739.97000000,3285.36081000
2024-11-20T16:00:00Z,94739.98000000,94831.97000000,93316.00000000,94048.00000000,4089.13579000
2024-11-20T17:00:00Z,94048.00000000,94338.99000000,93594.31000000,93916.34000000,2014.91043000
2024-11-20T18:00:00Z,93916.34000000,94272.35000000,93138.00000000,93684.00000000,3071.47167000
2024-11-20T19:00:00Z,93684.00000000,94000.00000000,93240.12000000,94000.00000000,1585.58901000
2024-11-20T20:00:00Z,94000.00000000,94599.98000000,93801.45000000,94271.99000000,2158.56850000
2024-11-20T21:00:00Z,94271.99000000,94500.00000000,93900.01000000,94365.92000000,1238.86975000
2024-11-20T22:00:00Z,94365.92000000,94490.00000000,93933.62000000,94160.55000000,783.67613000
2024-11-20T23:00:00Z,94160.56000000,94286.56000000,93770.07000000,94286.56000000,768.28158000
2024-11-21T00:00:00Z,94286.56000000,94925.66000000,94194.62000000,94709.61000000,1763.85139000
2024-11-21T01:00:00Z,94709.62000000,94977.00000000,94596.00000000,94702.49000000,1081.29502000
2024-11-21T02:00:00Z,94702.48000000,94757.57000000,94040.00000000,94404.13000000,1830.66755000
2024-11-21T03:00:00Z,94404.14000000,95904.00000000,94400.00000000,95798.12000000,4663.24354500
2024-11-21T04:00:00Z,95798.12000000,97662.36000000,95798.11000000,97554.22000000,6002.61088500
2024-11-21T05:00:00Z,97554.22000000,97852.00000000,96692.00000000,97328.00000000,3455.11486400
2024-11-21T06:00:00Z,97328.01000000,97400.00000000,96800.01000000,97004.02000000,2285.57976000
2024-11-21T07:00:00Z,97004.03000000,97384.62000000,96912.00000000,96912.01000000,1476.87831000
2024-11-21T08:00:00Z,96912.01000000,97155.01000000,96723.96000000,97107.99000000,1545.04117000
2024-11-21T09:00:00Z,97107.99000000,97699.76000000,97024.00000000,97613.24000000,2081.15425000
2024-11-21T10:00:00Z,97613.24000000,97787.49000000,97272.18000000,97756.00000000,2493.73347000
2024-11-21T11:00:00Z,97756.00000000,98384.86000000,97729.77000000,97974.99000000,3928.97214000
2024-11-21T12:00:00Z,97975.00000000,98250.00000000,97300.00000000,97317.93000000,3107.00439000
2024-11-21T13:00:00Z,97317.93000000,97743.85000000,97019.94000000,97512.01000000,3423.76352000
2024-11-21T14:00:00Z,97512.01000000,97681.43000000,96521.73000000,97042.86000000,4537.05169000
2024-11-21T15:00:00Z,97042.85000000,97124.29000000,95600.00000000,96672.00000000,5782.29938000
2024-11-21T16:00:00Z,96672.00000000,97400.00000000,96276.69000000,97147.99000000,3483.62330000
2024-11-21T17:00:00Z,97147.99000000,98055.99000000,96927.42000000,98048.65000000,2134.39526000
2024-11-21T18:00:00Z,98048.65000000,98437.50000000,97668.00000000,98280.01000000,3337.47257000
2024-11-21T19:00:00Z,98280.02000000,98988.00000000,97721.96000000,97829.83000000,4054.29000300
2024-11-21T20:00:00Z,97829.84000000,98686.86000000,97608.18000000,98118.16000000,2217.62903000
2024-11-21T21:00:00Z,98118.16000000,98200.00000000,97533.18000000,97973.80000000,2003.47663000
2024-11-21T22:00:00Z,97973.81000000,98430.23000000,97850.00000000,98356.00000000,1163.29668000
2024-11-21T23:00:00Z,98355.99000000,98723.65000000,98305.34000000,98317.12000000,1375.91567000
2024-11-22T00:00:00Z,98317.12000000,98516.00000000,97841.57000000,97987.57000000,1445.05716000
2024-11-22T01:00:00Z,97987.56000000,98377.26000000,97840.00000000,98081.60000000,1287.82116000
2024-11-22T02:00:00Z,98081.61000000,98779.62000000,98039.55000000,98617.46000000,1767.59711000
2024-11-22T03:00:00Z,98617.46000000,99299.99000000,98422.33000000,98836.50000000,3031.99947300
2024-11-22T04:00:00Z,98836.49000000,99100.00000000,98666.67000000,98797.21000000,1252.78507000
2024-11-22T05:00:00Z,98797.21000000,98988.00000000,98517.21000000,98790.97000000,1249.93318000
2024-11-22T06:00:00Z,98790.97000000,99030.31000000,98624.41000000,98999.99000000,1140.73557000
2024-11-22T07:00:00Z,99000.00000000,99419.99000000,98875.82000000,99173.70000000,2989.41178000
2024-11-22T08:00:00Z,99173.70000000,99267.19000000,98750.00000000,98815.79000000,1967.24513000
2024-11-22T09:00:00Z,98815.79000000,98847.79000000,98358.00000000,98702.00000000,1915.68673000
2024-11-22T10:00:00Z,98702.01000000,98768.00000000,98256.41000000,98400.00000000,1328.09623000
2024-11-22T11:00:00Z,98400.00000000,98937.00000000,98219.84000000,98870.38000000,1079.71994000
2024-11-22T12:00:00Z,98870.39000000,98949.00000000,98492.00000000,98621.04000000,999.27938000
2024-11-22T13:00:00Z,98621.05000000,98628.87000000,97344.90000000,97763.54000000,3839.86087000
2024-11-22T14:00:00Z,97763.54000000,98147.41000000,97122.11000000,97296.00000000,3335.17223000
2024-11-22T15:00:00Z,97296.00000000,98770.00000000,97155.68000000,98664.00000000,3089.62303000
2024-11-22T16:00:00Z,98663.99000000,99010.00000000,98220.00000000,98865.30000000,2350.90254000
2024-11-22T17:00:00Z,98865.30000000,99275.00000000,98753.66000000,98801.87000000,1981.76744000
2024-11-22T18:00:00Z,98801.87000000,99174.00000000,98677.37000000,99108.87000000,1760.48396000
2024-11-22T19:00:00Z,99108.87000000,99588.01000000,98838.01000000,99079.74000000,3447.90227000
2024-11-22T20:00:00Z,99079.74000000,99449.00000000,98924.01000000,99163.99000000,1805.05499000
2024-11-22T21:00:00Z,99164.00000000,99307.27000000,98711.37000000,99272.72000000,1123.81247000
2024-11-22T22:00:00Z,99272.72000000,99369.99000000,98535.00000000,98627.35000000,1189.07747000
2024-11-22T23:00:00Z,98627.36000000,98904.00000000,98576.85000000,98892.00000000,810.28406000
2024-11-23T00:00:00Z,98892.00000000,98908.85000000,98550.02000000,98634.89000000,1023.70905000
2024-11-23T01:00:00Z,98634.88000000,98655.72000000,98313.48000000,98590.00000000,1346.17227000
2024-11-23T02:00:00Z,98590.00000000,98604.01000000,98300.00000000,98483.54000000,966.83006000
2024-11-23T03:00:00Z,98483.53000000,98800.00000000,98404.02000000,98666.67000000,581.60262000
2024-11-23T04:00:00Z,98666.66000000,98695.95000000,98284.61000000,98576.14000000,1249.36095000
2024-11-23T05:00:00Z,98576.14000000,98769.24000000,98399.83000000,98755.15000000,603.03176000
2024-11-23T06:00:00Z,98755.15000000,98800.00000000,98583.72000000,98709.90000000,567.51996000
2024-11-23T07:00:00Z,98709.90000000,98720.00000000,98408.57000000,98560.85000000,940.46801000
2024-11-23T08:00:00Z,98560.84000000,98623.76000000,98369.00000000,98451.98000000,1196.12543000
2024-11-23T09:00:00Z,98451.98000000,98539.69000000,98359.17000000,98449.07000000,740.01430000
2024-11-23T10:00:00Z,98449.06000000,98564.11000000,98300.00000000,98408.55000000,751.11494000
2024-11-23T11:00:00Z,98408.55000000,98523.10000000,98374.25000000,98429.99000000,489.49638000
2024-11-23T12:00:00Z,98430.00000000,98619.99000000,98415.00000000,98598.75000000,798.23630000
2024-11-23T13:00:00Z,98598.74000000,98847.68000000,98532.08000000,98532.08000000,837.41697000
2024-11-23T14:00:00Z,98532.09000000,98783.85000000,98465.04000000,98744.37000000,1154.22024000
2024-11-23T15:00:00Z,98744.37000000,98779.70000000,98400.00000000,98400.00000000,1348.81631000
2024-11-23T16:00:00Z,98400.01000000,98459.56000000,97533.00000000,97708.85000000,4007.99470000
2024-11-23T17:00:00Z,97708.85000000,98051.29000000,97336.06000000,97900.79000000,2022.77114000
2024-11-23T18:00:00Z,97900.79000000,98067.66000000,97636.36000000,97839.99000000,834.76174000
2024-11-23T19:00:00Z,97839.99000000,97840.00000000,97362.00000000,97504.00000000,621.25669000
2024-11-23T20:00:00Z,97504.00000000,97712.63000000,97136.00000000,97703.52000000,1046.09877000
2024-11-23T21:00:00Z,97703.53000000,98015.82000000,97544.06000000,97962.80000000,649.84625000
2024-11-23T22:00:00Z,97962.81000000,98015.82000000,97508.83000000,97631.99000000,497.13727000
2024-11-23T23:00:00Z,97632.00000000,97727.28000000,97402.87000000,97672.40000000,483.84156000
2024-11-24T00:00:00Z,97672.40000000,97998.95000000,97620.74000000,97919.50000000,960.14844000
2024-11-24T01:00:00Z,97919.51000000,98400.00000000,97919.50000000,98182.40000000,1230.90504000
2024-11-24T02:00:00Z,98182.40000000,98564.00000000,98182.40000000,98390.66000000,1140.53119000
2024-11-24T03:00:00Z,98390.66000000,98428.00000000,98105.01000000,98200.10000000,657.99671000
2024-11-24T04:00:00Z,98200.10000000,98260.00000000,97872.20000000,98169.21000000,585.35013000
2024-11-24T05:00:00Z,98169.22000000,98269.99000000,97915.00000000,98264.44000000,737.36062000
2024-11-24T06:00:00Z,98264.44000000,98412.14000000,98028.17000000,98360.02000000,1129.96793000
2024-11-24T07:00:00Z,98360.03000000,98431.06000000,98168.62000000,98431.05000000,1130.67147000
2024-11-24T08:00:00Z,98431.05000000,98472.98000000,97945.00000000,98067.75000000,923.59984000
2024-11-24T09:00:00Z,98067.75000000,98195.75000000,97816.23000000,97936.47000000,700.50160000
2024-11-24T10:00:00Z,97936.47000000,97974.12000000,97435.89000000,97668.85000000,709.65699000
2024-11-24T11:00:00Z,97668.85000000,97732.01000000,97239.29000000,97280.03000000,1273.16329000
2024-11-24T12:00:00Z,97280.04000000,97430.02000000,96403.78000000,96899.99000000,3199.08852000
2024-11-24T13:00:00Z,96899.99000000,97606.52000000,96726.00000000,97214.93000000,1641.95321000
2024-11-24T14:00:00Z,97214.93000000,97214.94000000,96577.52000000,97029.95000000,1898.27855000
2024-11-24T15:00:00Z,97029.96000000,97091.31000000,95900.01000000,95901.51000000,2642.99893000
2024-11-24T16:00:00Z,95901.52000000,96747.98000000,95734.77000000,96404.00000000,2310.89572000
2024-11-24T17:00:00Z,96403.99000000,96414.64000000,95747.57000000,95902.83000000,1649.22729000
2024-11-24T18:00:00Z,95902.83000000,96563.87000000,95832.36000000,96537.56000000,866.98322000
2024-11-24T19:00:00Z,96537.56000000,96537.57000000,96120.92000000,96320.02000000,835.76337000
2024-11-24T20:00:00Z,96320.01000000,96844.46000000,96195.47000000,96826.49000000,717.92100000
2024-11-24T21:00:00Z,96826.48000000,96997.32000000,96591.17000000,96974.89000000,785.67851000
2024-11-24T22:00:00Z,96974.89000000,98000.00000000,96974.89000000,97999.99000000,1499.70626000
2024-11-24T23:00:00Z,97999.99000000,98369.46000000,97531.00000000,97900.04000000,1972.63055000
2024-11-25T00:00:00Z,97900.05000000,98050.00000000,97518.28000000,97714.28000000,1038.89860000
2024-11-25T01:00:00Z,97714.28000000,97840.00000000,96888.00000000,97205.23000000,1363.33777000
2024-11-25T02:00:00Z,97205.22000000,97714.28000000,97202.53000000,97368.63000000,772.57817000
2024-11-25T03:00:00Z,97368.62000000,97898.81000000,97339.16000000,97898.80000000,663.44882000
2024-11-25T04:00:00Z,97898.81000000,98050.00000000,97491.66000000,97800.00000000,1108.54922000
2024-11-25T05:00:00Z,97799.99000000,98239.43000000,97776.39000000,98082.69000000,1422.10023000
2024-11-25T06:00:00Z,98082.69000000,98376.99000000,98037.00000000,98082.86000000,1317.07606000
2024-11-25T07:00:00Z,98082.87000000,98271.63000000,97735.29000000,98047.34000000,1382.99014000
2024-11-25T08:00:00Z,98047.34000000,98292.00000000,97850.00000000,98217.77000000,1115.52291000
2024-11-25T09:00:00Z,98217.77000000,98871.80000000,98205.00000000,98492.96000000,2043.34112000
2024-11-25T10:00:00Z,98492.95000000,98680.94000000,98203.41000000,98319.34000000,1139.98678000
2024-11-25T11:00:00Z,98319.35000000,98553.90000000,98031.11000000,98188.09000000,896.88048000
2024-11-25T12:00:00Z,98188.09000000,98313.08000000,97850.00000000,97900.00000000,942.82165000
2024-11-25T13:00:00Z,97900.01000000,97929.70000000,97222.22000000,97468.30000000,2003.87762000
2024-11-25T14:00:00Z,97468.29000000,97640.00000000,95340.00000000,95385.49000000,4321.63813000
2024-11-25T15:00:00Z,95385.50000000,96488.95000000,94525.00000000,96000.56000000,7077.15091000
2024-11-25T16:00:00Z,96000.57000000,96500.00000000,95686.43000000,95912.00000000,2500.76428000
2024-11-25T17:00:00Z,95912.00000000,95912.00000000,94850.00000000,95238.09000000,3012.83030000
2024-11-25T18:00:00Z,95238.10000000,95908.59000000,94856.67000000,95139.99000000,1976.54900000
2024-11-25T19:00:00Z,95140.00000000,95288.00000000,94400.00000000,94669.48000000,2792.99650000
2024-11-25T20:00:00Z,94669.49000000,95300.00000000,94498.35000000,94955.89000000,1921.88304000
2024-11-25T21:00:00Z,94955.89000000,95166.65000000,93564.00000000,93747.80000000,2977.66837000
2024-11-25T22:00:00Z,93747.81000000,94414.17000000,92600.19000000,94404.49000000,4141.71114000
2024-11-25T23:00:00Z,94404.49000000,94405.93000000,92820.00000000,93010.01000000,2912.84972000
2024-11-26T00:00:00Z,93010.01000000,94356.00000000,92727.90000000,93836.50000000,2627.24565000
2024-11-26T01:00:00Z,93836.58000000,94857.15000000,93819.87000000,94857.15000000,1464.80746000
2024-11-26T02:00:00Z,94857.15000000,94923.69000000,94408.76000000,94587.98000000,1117.26552000
2024-11-26T03:00:00Z,94587.99000000,94700.12000000,94234.59000000,94464.00000000,1036.34148000
2024-11-26T04:00:00Z,94464.00000000,94536.79000000,94048.49000000,94309.52000000,1033.57893000
2024-11-26T05:00:00Z,94309.52000000,94676.00000000,94188.23000000,94647.96000000,938.12181000
2024-11-26T06:00:00Z,94647.96000000,94973.37000000,94450.00000000,94495.96000000,864.96111000
2024-11-26T07:00:00Z,94495.96000000,94510.48000000,93500.08000000,93785.71000000,1885.36431000
2024-11-26T08:00:00Z,93785.72000000,93785.72000000,92326.31000000,93142.85000000,4451.53471000
2024-11-26T09:00:00Z,93142.85000000,93732.00000000,93064.00000000,93519.62000000,2198.13475000
2024-11-26T10:00:00Z,93519.61000000,93750.00000000,92272.72000000,92327.99000000,2566.71282000
2024-11-26T11:00:00Z,92327.99000000,92686.44000000,91466.52000000,92356.85000000,4376.55360000
2024-11-26T12:00:00Z,92356.84000000,92670.00000000,91784.86000000,92164.21000000,3215.96285000
2024-11-26T13:00:00Z,92164.21000000,92920.00000000,91914.61000000,92168.84000000,2731.84235000
2024-11-26T14:00:00Z,92168.84000000,93546.20000000,91739.70000000,93274.15000000,4131.32937000
2024-11-26T15:00:00Z,93274.14000000,93559.00000000,92316.71000000,92813.00000000,3099.99558000
2024-11-26T16:00:00Z,92812.99000000,94685.60000000,92692.00000000,94029.43000000,3367.10928000
2024-11-26T17:00:00Z,94029.42000000,94044.00000000,93425.16000000,93547.99000000,1825.51046000
2024-11-26T18:00:00Z,93547.99000000,93632.00000000,92000.00000000,92119.99000000,2396.58272000
2024-11-26T19:00:00Z,92120.00000000,92670.28000000,91554.11000000,91683.89000000,3039.36680000
2024-11-26T20:00:00Z,91683.90000000,92040.00000000,90791.10000000,91036.01000000,4496.09161000
2024-11-26T21:00:00Z,91036.00000000,91919.83000000,90850.45000000,91700.08000000,1927.03485000
2024-11-26T22:00:00Z,91700.09000000,92364.00000000,91543.86000000,91811.14000000,1753.92386000
2024-11-26T23:00:00Z,91811.14000000,92068.00000000,91588.00000000,91965.16000000,1313.35950000
2024-11-27T00:00:00Z,91965.16000000,92428.58000000,91792.14000000,91939.33000000,1258.85709000
2024-11-27T01:00:00Z,91939.33000000,92813.92000000,91824.34000000,92753.86000000,1552.30509000
2024-11-27T02:00:00Z,92753.86000000,93037.38000000,92304.80000000,92943.34000000,1337.36368000
2024-11-27T03:00:00Z,92943.34000000,92946.10000000,92521.73000000,92588.00000000,1407.05432000
2024-11-27T04:00:00Z,92588.00000000,93211.20000000,92500.00000000,92568.00000000,1553.55520000
2024-11-27T05:00:00Z,92568.00000000,92815.23000000,92361.66000000,92768.01000000,886.15723000
2024-11-27T06:00:00Z,92768.01000000,93393.19000000,92768.01000000,93068.16000000,1418.27916000
2024-11-27T07:00:00Z,93068.15000000,93648.00000000,93024.00000000,93597.16000000,982.28053000
2024-11-27T08:00:00Z,93597.16000000,93609.93000000,93236.01000000,93433.21000000,1196.09475000
2024-11-27T09:00:00Z,93433.20000000,93492.98000000,93109.12000000,93403.50000000,849.82941000
2024-11-27T10:00:00Z,93403.49000000,93885.60000000,93353.82000000,93821.35000000,1020.37533000
2024-11-27T11:00:00Z,93821.35000000,93823.34000000,93316.87000000,93367.99000000,927.71240000
2024-11-27T12:00:00Z,93367.99000000,93500.00000000,92847.84000000,93499.99000000,1362.34844000
2024-11-27T13:00:00Z,93499.99000000,94264.00000000,93416.00000000,94264.00000000,1732.88941000
2024-11-27T14:00:00Z,94264.00000000,94885.00000000,94106.74000000,94833.41000000,2687.68780000
2024-11-27T15:00:00Z,94833.42000000,95850.00000000,94316.00000000,95556.01000000,4085.67328000
2024-11-27T16:00:00Z,95556.00000000,96333.10000000,95184.79000000,95689.19000000,3735.98049000
2024-11-27T17:00:00Z,95689.18000000,96300.00000000,95300.90000000,96247.24000000,2172.15499000
2024-11-27T18:00:00Z,96247.24000000,96539.33000000,96004.00000000,96119.51000000,2183.10482000
2024-11-27T19:00:00Z,96119.51000000,96631.68000000,95893.13000000,96627.99000000,1434.64526000
2024-11-27T20:00:00Z,96627.99000000,97208.21000000,96312.01000000,96482.75000000,2769.17906000
2024-11-27T21:00:00Z,96482.96000000,96595.00000000,96052.39000000,96267.86000000,1587.26456000
2024-11-27T22:00:00Z,96267.87000000,96520.00000000,96035.00000000,96047.47000000,1228.85624000
2024-11-27T23:00:00Z,96047.47000000,96183.01000000,95731.72000000,95863.11000000,1783.77880000
2024-11-28T00:00:00Z,95863.11000000,96564.00000000,95722.22000000,96552.01000000,1430.37340000
2024-11-28T01:00:00Z,96552.00000000,96552.52000000,96084.00000000,96273.95000000,1230.16331000
2024-11-28T02:00:00Z,96273.94000000,96439.69000000,95624.01000000,95699.79000000,1574.70118000
2024-11-28T03:00:00Z,95699.79000000,95789.33000000,94822.54000000,95471.43000000,2040.46488000
2024-11-28T04:00:00Z,95471.44000000,95840.65000000,95338.08000000,95742.72000000,1348.18004000
2024-11-28T05:00:00Z,95742.73000000,95922.39000000,95350.22000000,95443.43000000,1214.96792000
2024-11-28T06:00:00Z,95443.44000000,95692.00000000,95063.15000000,95479.07000000,1427.20010000
2024-11-28T07:00:00Z,95479.07000000,95757.08000000,95218.01000000,95299.66000000,1024.65086000
2024-11-28T08:00:00Z,95299.66000000,95615.45000000,95090.00000000,95456.01000000,929.59955000
2024-11-28T09:00:00Z,95456.02000000,95507.62000000,94940.10000000,94976.00000000,872.54696000
2024-11-28T10:00:00Z,94976.00000000,95149.61000000,94640.00000000,94958.74000000,1675.94679000
2024-11-28T11:00:00Z,94958.74000000,95780.00000000,94760.84000000,95452.01000000,1273.93260000
2024-11-28T12:00:00Z,95452.00000000,95688.68000000,95204.00000000,95484.01000000,928.57105000
2024-11-28T13:00:00Z,95484.01000000,95777.76000000,95025.13000000,95711.25000000,1160.45403000
2024-11-28T14:00:00Z,95711.24000000,96221.80000000,95359.18000000,95376.04000000,1807.71904000
2024-11-28T15:00:00Z,95376.03000000,95508.94000000,94900.00000000,95007.14000000,1651.54390000
2024-11-28T16:00:00Z,95007.15000000,95308.00000000,94817.00000000,94972.00000000,1029.97590000
2024-11-28T17:00:00Z,94972.00000000,95240.00000000,94821.77000000,94864.31000000,1122.59940000
2024-11-28T18:00:00Z,94864.32000000,95329.58000000,94854.16000000,95290.21000000,811.99521000
2024-11-28T19:00:00Z,95290.21000000,95435.68000000,95024.00000000,95119.48000000,714.25570000
2024-11-28T20:00:00Z,95119.48000000,95131.53000000,94698.00000000,94820.01000000,810.83116000
2024-11-28T21:00:00Z,94820.00000000,95164.00000000,94809.52000000,95099.99000000,1023.53283000
2024-11-28T22:00:00Z,95100.00000000,95651.82000000,95008.22000000,95651.79000000,907.44782000
2024-11-28T23:00:00Z,95651.78000000,96023.48000000,95530.24000000,95643.98000000,802.88994000
2024-11-29T00:00:00Z,95643.99000000,95825.40000000,95364.99000000,95476.01000000,643.65307000
2024-11-29T01:00:00Z,95476.00000000,95970.56000000,95407.20000000,95920.00000000,542.26396000
2024-11-29T02:00:00Z,95920.01000000,96859.00000000,95903.93000000,96739.98000000,1265.34857000
2024-11-29T03:00:00Z,96739.99000000,96812.24000000,96436.51000000,96590.36000000,757.51091000
2024-11-29T04:00:00Z,96590.35000000,96630.09000000,96236.99000000,96263.83000000,589.10252000
2024-11-29T05:00:00Z,96263.84000000,96540.71000000,96153.85000000,96153.86000000,515.37368000
2024-11-29T06:00:00Z,96153.86000000,96358.00000000,95997.85000000,96266.19000000,626.08590000
2024-11-29T07:00:00Z,96266.18000000,96416.34000000,95600.03000000,95625.05000000,1186.42089000
2024-11-29T08:00:00Z,95625.05000000,95998.76000000,95616.00000000,95979.99000000,751.73481000
2024-11-29T09:00:00Z,95980.00000000,96482.61000000,95870.71000000,96355.39000000,851.51172000
2024-11-29T10:00:00Z,96355.39000000,96849.00000000,96293.61000000,96844.01000000,1116.53171000
2024-11-29T11:00:00Z,96844.00000000,97358.21000000,96548.00000000,97237.91000000,1444.65653000
2024-11-29T12:00:00Z,97237.91000000,97500.00000000,96876.82000000,96929.07000000,1711.23986000
2024-11-29T13:00:00Z,96929.07000000,97259.27000000,96768.00000000,97223.36000000,733.98329000
2024-11-29T14:00:00Z,97223.35000000,98052.00000000,96916.66000000,98002.01000000,2591.48375000
2024-11-29T15:00:00Z,98002.01000000,98619.99000000,97685.46000000,98019.47000000,3820.86943000
2024-11-29T16:00:00Z,98019.46000000,98440.00000000,97700.00000000,97779.99000000,1997.13465000
2024-11-29T17:00:00Z,97779.99000000,97810.00000000,96952.00000000,96968.29000000,2113.02564000
2024-11-29T18:00:00Z,96968.28000000,97359.36000000,96853.82000000,97175.99000000,998.21089000
2024-11-29T19:00:00Z,97175.99000000,97481.77000000,96879.53000000,97329.73000000,884.98604000
2024-11-29T20:00:00Z,97329.73000000,97624.62000000,97200.00000000,97307.98000000,724.47274000
2024-11-29T21:00:00Z,97307.98000000,97428.00000000,96981.01000000,97386.07000000,502.29134000
2024-11-29T22:00:00Z,97386.07000000,97477.01000000,97232.00000000,97292.69000000,438.30227000
2024-11-29T23:00:00Z,97292.69000000,97486.27000000,97111.47000000,97460.00000000,895.58814000
2024-11-30T00:00:00Z,97460.00000000,97463.95000000,96946.06000000,96968.06000000,713.95220000
2024-11-30T01:00:00Z,96968.06000000,96968.07000000,96425.21000000,96425.22000000,972.92368000
2024-11-30T02:00:00Z,96425.22000000,96703.68000000,96309.85000000,96609.21000000,724.10767000
2024-11-30T03:00:00Z,96609.20000000,96708.44000000,96394.56000000,96640.02000000,641.59085000
2024-11-30T04:00:00Z,96640.02000000,96730.66000000,96532.70000000,96680.18000000,376.40360000
2024-11-30T05:00:00Z,96680.18000000,97183.51000000,96680.17000000,97102.32000000,636.49230000
2024-11-30T06:00:00Z,97102.33000000,97234.02000000,96602.00000000,96639.66000000,1571.94959000
2024-11-30T07:00:00Z,96639.67000000,96920.00000000,96550.25000000,96783.38000000,812.54565000
2024-11-30T08:00:00Z,96783.38000000,96968.78000000,96699.97000000,96953.49000000,571.60043000
2024-11-30T09:00:00Z,96953.48000000,96953.49000000,96617.05000000,96779.98000000,509.04419000
2024-11-30T10:00:00Z,96779.98000000,96802.79000000,96121.00000000,96137.48000000,837.68484000
2024-11-30T11:00:00Z,96137.48000000,96444.00000000,96092.01000000,96267.99000000,527.28592000
2024-11-30T12:00:00Z,96267.99000000,96563.98000000,96242.14000000,96553.23000000,419.01373000
2024-11-30T13:00:00Z,96553.23000000,96682.54000000,96404.00000000,96405.34000000,617.96870000
2024-11-30T14:00:00Z,96405.34000000,96720.00000000,96308.00000000,96462.64000000,561.32076000
2024-11-30T15:00:00Z,96462.65000000,96732.15000000,96403.20000000,96645.41000000,462.12069000
2024-11-30T16:00:00Z,96645.42000000,96960.00000000,96531.35000000,96871.31000000,724.01283000
2024-11-30T17:00:00Z,96871.31000000,96964.00000000,96777.77000000,96780.38000000,414.54363000
2024-11-30T18:00:00Z,96780.38000000,97010.00000000,96764.50000000,96966.37000000,364.99285000
2024-11-30T19:00:00Z,96966.37000000,97062.50000000,96876.51000000,97019.68000000,319.04171000
2024-11-30T20:00:00Z,97019.69000000,97040.00000000,96824.78000000,96967.99000000,363.64404000
2024-11-30T21:00:00Z,96967.99000000,96977.69000000,96772.35000000,96792.02000000,307.83913000
2024-11-30T22:00:00Z,96792.03000000,96831.84000000,96344.00000000,96466.11000000,643.55467000
2024-11-30T23:00:00Z,96466.11000000,96592.00000000,96320.99000000,96407.99000000,410.19940000
2024-12-01T00:00:00Z,96407.99000000,96672.49000000,96260.00000000,96340.60000000,532.95388000
2024-12-01T01:00:00Z,96340.61000000,96516.00000000,96044.21000000,96106.62000000,756.83521000
2024-12-01T02:00:00Z,96106.62000000,96518.88000000,95693.88000000,95776.22000000,1892.57481000
2024-12-01T03:00:00Z,95776.22000000,96441.72000000,95770.03000000,96336.75000000,439.67101000
2024-12-01T04:00:00Z,96336.76000000,96515.52000000,96195.99000000,96515.52000000,425.10396000
2024-12-01T05:00:00Z,96515.51000000,96515.51000000,96284.51000000,96308.83000000,342.77205000
2024-12-01T06:00:00Z,96308.82000000,96483.98000000,96284.52000000,96327.66000000,284.94834000
2024-12-01T07:00:00Z,96327.65000000,96490.62000000,96299.10000000,96472.97000000,232.07707000
2024-12-01T08:00:00Z,96472.97000000,97179.04000000,96424.99000000,97048.01000000,1566.85489000
2024-12-01T09:00:00Z,97048.00000000,97098.53000000,96853.82000000,97030.15000000,447.52809000
2024-12-01T10:00:00Z,97030.15000000,97036.00000000,96535.87000000,96811.99000000,372.85396000
2024-12-01T11:00:00Z,96811.99000000,97140.00000000,96811.99000000,97108.89000000,416.13015000
2024-12-01T12:00:00Z,97108.89000000,97130.56000000,96774.48000000,96774.49000000,619.39670000
2024-12-01T13:00:00Z,96774.48000000,97388.78000000,96660.88000000,97071.93000000,1269.18144000
2024-12-01T14:00:00Z,97071.93000000,97332.88000000,96968.25000000,97289.78000000,723.39318000
2024-12-01T15:00:00Z,97289.77000000,97311.95000000,96960.51000000,97028.02000000,648.10982000
2024-12-01T16:00:00Z,97028.02000000,97333.00000000,97000.00000000,97187.98000000,1175.84041000
2024-12-01T17:00:00Z,97187.98000000,97299.98000000,97035.02000000,97299.97000000,499.07351000
2024-12-01T18:00:00Z,97299.97000000,97523.41000000,97095.23000000,97118.69000000,690.43406000
2024-12-01T19:00:00Z,97118.69000000,97306.59000000,96958.48000000,97178.73000000,602.77541000
2024-12-01T20:00:00Z,97178.73000000,97200.00000000,96800.01000000,97099.99000000,608.28813000
2024-12-01T21:00:00Z,97099.99000000,97780.00000000,97052.16000000,97767.62000000,672.45318000
2024-12-01T22:00:00Z,97767.61000000,97836.00000000,97384.00000000,97562.56000000,769.64210000
2024-12-01T23:00:00Z,97562.56000000,97771.04000000,97170.50000000,97185.18000000,949.71316000
2024-12-02T00:00:00Z,97185.17000000,97613.08000000,97068.84000000,97436.75000000,1101.06797000
2024-12-02T01:00:00Z,97436.75000000,98130.00000000,97405.26000000,97964.93000000,1944.92206000
2024-12-02T02:00:00Z,97964.93000000,98050.00000000,97445.87000000,97644.76000000,911.50431000
2024-12-02T03:00:00Z,97644.75000000,97662.60000000,96350.00000000,96483.75000000,1435.45466000
2024-12-02T04:00:00Z,96483.75000000,96841.27000000,96077.00000000,96708.00000000,2113.72725000
2024-12-02T05:00:00Z,96708.00000000,96924.00000000,96349.01000000,96359.99000000,704.32952000
2024-12-02T06:00:00Z,96359.99000000,96434.02000000,96141.43000000,96279.99000000,774.11264000
2024-12-02T07:00:00Z,96279.99000000,96465.38000000,95749.97000000,95999.99000000,1786.28249000
2024-12-02T08:00:00Z,95999.99000000,96112.00000000,94872.00000000,95053.66000000,2561.69785000
2024-12-02T09:00:00Z,95053.66000000,95546.21000000,94967.32000000,95493.18000000,1323.54796000
2024-12-02T10:00:00Z,95492.81000000,95496.75000000,94820.41000000,94972.01000000,1297.52641000
2024-12-02T11:00:00Z,94972.01000000,95332.80000000,94868.33000000,95128.68000000,1117.08285000
2024-12-02T12:00:00Z,95128.67000000,95407.64000000,94766.00000000,94972.02000000,1125.17789000
2024-12-02T13:00:00Z,94972.03000000,95822.61000000,94837.77000000,95679.99000000,1636.29258000
2024-12-02T14:00:00Z,95679.99000000,96814.73000000,95501.00000000,96321.27000000,2094.23553000
2024-12-02T15:00:00Z,96321.27000000,97214.77000000,95701.53000000,97048.00000000,3441.97446000
2024-12-02T16:00:00Z,97048.01000000,97356.69000000,96000.00000000,96167.46000000,2585.99366000
2024-12-02T17:00:00Z,96167.45000000,96573.00000000,94395.00000000,94604.03000000,3311.66979000
2024-12-02T18:00:00Z,94604.03000000,95839.44000000,94488.00000000,95646.14000000,1728.47693000
2024-12-02T19:00:00Z,95646.13000000,95856.40000000,95157.12000000,95816.00000000,1170.85264000
2024-12-02T20:00:00Z,95816.01000000,96327.87000000,95451.33000000,95666.66000000,1146.95152000
2024-12-02T21:00:00Z,95666.66000000,95754.64000000,95345.05000000,95406.88000000,775.05733000
2024-12-02T22:00:00Z,95406.88000000,95529.34000000,95112.01000000,95372.00000000,824.11254000
2024-12-02T23:00:00Z,95372.00000000,95869.28000000,95328.00000000,95840.62000000,1046.61897000
2024-12-03T00:00:00Z,95840.61000000,96105.26000000,95680.00000000,95804.03000000,1319.66771000
2024-12-03T01:00:00Z,95804.04000000,95920.64000000,95454.54000000,95524.08000000,758.47935000
2024-12-03T02:00:00Z,95524.08000000,96305.52000000,95400.00000000,96035.49000000,1027.42213000
2024-12-03T03:00:00Z,96035.48000000,96210.42000000,95916.02000000,96079.36000000,565.82005000
2024-12-03T04:00:00Z,96079.36000000,96220.00000000,95900.00000000,95920.64000000,580.79822000
2024-12-03T05:00:00Z,95920.64000000,96168.00000000,95848.36000000,96155.18000000,572.94235000
2024-12-03T06:00:00Z,96155.17000000,96238.10000000,95522.44000000,95632.22000000,1057.77004000
2024-12-03T07:00:00Z,95632.22000000,95721.95000000,95277.35000000,95550.00000000,1298.94713000
2024-12-03T08:00:00Z,95550.00000000,95662.94000000,95305.95000000,95528.00000000,816.04704000
2024-12-03T09:00:00Z,95528.00000000,95539.69000000,95158.00000000,95256.01000000,767.73327000
2024-12-03T10:00:00Z,95256.00000000,95482.63000000,94641.93000000,94697.90000000,1328.43580000
2024-12-03T11:00:00Z,94697.90000000,95033.99000000,94595.38000000,94988.01000000,1144.27280000
2024-12-03T12:00:00Z,94988.00000000,95005.67000000,94679.51000000,94813.58000000,959.39741000
2024-12-03T13:00:00Z,94813.59000000,94871.23000000,93670.00000000,93715.98000000,3416.93540000
2024-12-03T14:00:00Z,93715.98000000,95448.97000000,93578.17000000,95235.25000000,5054.59198000
2024-12-03T15:00:00Z,95235.25000000,96250.00000000,95100.36000000,95682.54000000,4112.15370000
2024-12-03T16:00:00Z,95682.54000000,96169.99000000,94860.00000000,95112.00000000,2102.60918000
2024-12-03T17:00:00Z,95112.00000000,95900.00000000,94882.83000000,95828.00000000,1569.70182000
2024-12-03T18:00:00Z,95828.01000000,95828.01000000,95270.20000000,95481.15000000,1039.50620000
2024-12-03T19:00:00Z,95481.15000000,95500.00000000,94939.77000000,95428.60000000,1225.15604000
2024-12-03T20:00:00Z,95428.61000000,95680.00000000,95272.50000000,95615.06000000,1517.38179000
2024-12-03T21:00:00Z,95615.06000000,96100.00000000,95545.82000000,96000.00000000,1544.87685000
2024-12-03T22:00:00Z,96000.01000000,96140.01000000,95644.44000000,96117.76000000,1005.40430000
2024-12-03T23:00:00Z,96117.76000000,96124.28000000,95811.31000000,95849.69000000,1041.27227000
2024-12-04T00:00:00Z,95849.69000000,96027.35000000,95572.18000000,95746.42000000,1163.38095000
2024-12-04T01:00:00Z,95746.41000000,96614.16000000,95449.98000000,96216.00000000,1710.49995000
2024-12-04T02:00:00Z,96216.00000000,96223.34000000,95224.17000000,95788.00000000,1285.02700000
2024-12-04T03:00:00Z,95788.01000000,95896.00000000,95548.75000000,95770.32000000,629.40058000
2024-12-04T04:00:00Z,95770.32000000,96050.10000000,95717.54000000,96024.80000000,676.25556000
2024-12-04T05:00:00Z,96024.80000000,96480.23000000,96016.68000000,96480.22000000,743.85498000
2024-12-04T06:00:00Z,96480.22000000,96714.41000000,96279.80000000,96539.68000000,1201.55961000
2024-12-04T07:00:00Z,96539.69000000,96702.79000000,96404.54000000,96588.81000000,985.76728000
2024-12-04T08:00:00Z,96588.81000000,96810.12000000,96524.40000000,96687.53000000,965.59916000
2024-12-04T09:00:00Z,96687.53000000,96950.00000000,96661.53000000,96815.78000000,1046.92043000
2024-12-04T10:00:00Z,96815.78000000,96836.10000000,96430.00000000,96512.00000000,875.05140000
2024-12-04T11:00:00Z,96511.99000000,96512.00000000,96172.00000000,96190.41000000,892.53931000
2024-12-04T12:00:00Z,96190.41000000,96277.71000000,95684.67000000,95967.98000000,1153.84025000
2024-12-04T13:00:00Z,95967.98000000,96011.61000000,95352.41000000,95665.51000000,1444.66410000
2024-12-04T14:00:00Z,95665.51000000,96560.00000000,95456.37000000,95822.99000000,2471.04588000
2024-12-04T15:00:00Z,95822.99000000,96386.20000000,95411.47000000,95742.81000000,2889.64076000
2024-12-04T16:00:00Z,95742.80000000,95820.00000000,94587.83000000,94847.81000000,3483.10085000
2024-12-04T17:00:00Z,94847.81000000,95571.63000000,94685.51000000,95546.62000000,1754.08338000
2024-12-04T18:00:00Z,95546.63000000,96225.48000000,95451.00000000,96111.01000000,1649.74210000
2024-12-04T19:00:00Z,96111.01000000,97232.01000000,96043.65000000,97209.64000000,2580.08489000
2024-12-04T20:00:00Z,97209.64000000,99000.00000000,97128.52000000,98747.97000000,7370.81853000
2024-12-04T21:00:00Z,98747.96000000,98900.00000000,97416.59000000,97691.11000000,3022.15927000
2024-12-04T22:00:00Z,97691.11000000,98598.00000000,97544.00000000,98174.61000000,1637.42365000
2024-12-04T23:00:00Z,98174.60000000,99000.00000000,98164.01000000,98587.32000000,2218.07741000
2024-12-05T00:00:00Z,98587.32000000,98799.00000000,98212.53000000,98296.01000000,1885.73231000
2024-12-05T01:00:00Z,98296.01000000,98648.47000000,97888.89000000,98179.14000000,2159.70606000
2024-12-05T02:00:00Z,98179.14000000,101616.22000000,98138.23000000,101248.19000000,13614.29957900
2024-12-05T03:00:00Z,101248.19000000,104088.00000000,101248.19000000,102964.00000000,12251.75148300
2024-12-05T04:00:00Z,102964.00000000,103544.71000000,102484.00000000,103339.96000000,4204.10271000
2024-12-05T05:00:00Z,103339.96000000,103455.13000000,101706.35000000,102450.01000000,3818.61708000
2024-12-05T06:00:00Z,102450.01000000,102662.46000000,101421.59000000,101904.02000000,3820.02291000
2024-12-05T07:00:00Z,101904.02000000,102560.76000000,101324.16000000,102236.10000000,3087.83057000
2024-12-05T08:00:00Z,102236.10000000,102899.99000000,102236.10000000,102764.00000000,3813.37873000
2024-12-05T09:00:00Z,102764.01000000,103159.76000000,102565.63000000,102698.24000000,2204.40307000
2024-12-05T10:00:00Z,102698.25000000,102920.00000000,102260.00000000,102280.62000000,1591.37326000
2024-12-05T11:00:00Z,102280.62000000,102672.84000000,102237.79000000,102566.91000000,1395.71099000
2024-12-05T12:00:00Z,102566.91000000,103295.99000000,102452.95000000,102846.15000000,2215.64476000
2024-12-05T13:00:00Z,102846.16000000,103250.00000000,102684.73000000,102753.90000000,1851.85906000
2024-12-05T14:00:00Z,102753.91000000,103550.00000000,102280.00000000,103507.99000000,3124.41507000
2024-12-05T15:00:00Z,103508.00000000,103540.00000000,100925.97000000,101292.01000000,8058.89896000
2024-12-05T16:00:00Z,101292.00000000,101999.00000000,100568.02000000,101037.51000000,4508.84935000
2024-12-05T17:00:00Z,101037.50000000,101356.00000000,100533.41000000,101282.36000000,2414.13279000
2024-12-05T18:00:00Z,101282.37000000,101521.14000000,100172.67000000,100179.24000000,3771.11550000
2024-12-05T19:00:00Z,100179.24000000,100932.00000000,98599.36000000,99028.00000000,4094.54231000
2024-12-05T20:00:00Z,99028.01000000,99424.00000000,97888.00000000,99072.84000000,5619.97633000
2024-12-05T21:00:00Z,99072.84000000,99479.72000000,98801.93000000,98908.02000000,1883.42416000
2024-12-05T22:00:00Z,98908.01000000,99040.00000000,90500.00000000,96589.04000000,14364.88865000
2024-12-05T23:00:00Z,96589.03000000,97457.55000000,95340.00000000,96945.63000000,4167.05397000
2024-12-06T00:00:00Z,96945.63000000,97757.51000000,95981.72000000,97551.99000000,3693.49758000
2024-12-06T01:00:00Z,97551.99000000,98828.70000000,97109.68000000,98118.38000000,3073.99532000
2024-12-06T02:00:00Z,98118.38000000,98161.07000000,97473.68000000,97589.74000000,1855.59169000
2024-12-06T03:00:00Z,97589.75000000,97752.14000000,97186.27000000,97735.29000000,1879.69228000
2024-12-06T04:00:00Z,97735.29000000,97972.85000000,97370.19000000,97877.50000000,917.85636000
2024-12-06T05:00:00Z,97877.51000000,98266.66000000,97633.26000000,97864.01000000,1012.80730000
2024-12-06T06:00:00Z,97864.02000000,98275.90000000,97755.09000000,98079.96000000,1155.86623000
2024-12-06T07:00:00Z,98079.97000000,98288.00000000,97759.74000000,98138.54000000,1513.64496000
2024-12-06T08:00:00Z,98138.53000000,98705.23000000,98013.93000000,98345.38000000,1621.63385000
2024-12-06T09:00:00Z,98345.38000000,98542.33000000,97927.22000000,98000.00000000,1586.98865000
2024-12-06T10:00:00Z,98000.00000000,98186.00000000,97622.86000000,98124.78000000,1357.01704000
2024-12-06T11:00:00Z,98124.79000000,98320.00000000,97812.42000000,98069.62000000,942.87343000
2024-12-06T12:00:00Z,98069.61000000,98382.36000000,97512.26000000,97636.29000000,1273.05657000
2024-12-06T13:00:00Z,97638.55000000,98913.46000000,97512.26000000,98591.99000000,2422.42538000
2024-12-06T14:00:00Z,98591.99000000,99483.81000000,98346.19000000,99481.69000000,3056.57310000
2024-12-06T15:00:00Z,99481.68000000,99483.81000000,98568.82000000,99309.99000000,2616.12535000
2024-12-06T16:00:00Z,99310.00000000,99500.00000000,98762.60000000,99004.07000000,1589.18851000
2024-12-06T17:00:00Z,99004.06000000,101250.00000000,98882.58000000,100844.05000000,3287.63064000
2024-12-06T18:00:00Z,100844.06000000,101766.48000000,100588.23000000,101363.95000000,3318.42583000
2024-12-06T19:00:00Z,101363.95000000,101799.00000000,101120.16000000,101439.99000000,1457.11119000
2024-12-06T20:00:00Z,101439.99000000,101898.99000000,101056.00000000,101360.00000000,1587.73777000
2024-12-06T21:00:00Z,101360.00000000,101449.99000000,100290.90000000,100372.01000000,1134.08609000
2024-12-06T22:00:00Z,100372.01000000,100707.37000000,100357.68000000,100504.00000000,695.79652000
2024-12-06T23:00:00Z,100504.00000000,100573.99000000,99053.03000000,99740.84000000,1999.91146000
2024-12-07T00:00:00Z,99740.84000000,100406.15000000,99529.41000000,100272.01000000,912.55455000
2024-12-07T01:00:00Z,100272.01000000,100428.00000000,99824.62000000,100044.31000000,666.65588000
2024-12-07T02:00:00Z,100044.31000000,100169.42000000,99868.00000000,99930.01000000,423.24483000
2024-12-07T03:00:00Z,99930.01000000,99930.01000000,99285.71000000,99299.63000000,800.94309000
2024-12-07T04:00:00Z,99299.64000000,99666.31000000,99025.01000000,99494.57000000,859.54997000
2024-12-07T05:00:00Z,99494.58000000,99643.96000000,98844.00000000,99155.98000000,909.81086000
2024-12-07T06:00:00Z,99155.99000000,99393.60000000,99060.12000000,99336.27000000,808.71363000
2024-12-07T07:00:00Z,99336.28000000,99494.19000000,99108.00000000,99405.20000000,675.92852000
2024-12-07T08:00:00Z,99405.20000000,99561.44000000,99260.00000000,99414.76000000,498.53222000
2024-12-07T09:00:00Z,99414.76000000,99821.83000000,99414.75000000,99676.48000000,558.38011000
2024-12-07T10:00:00Z,99676.48000000,99708.43000000,99440.00000000,99529.50000000,795.39219000
2024-12-07T11:00:00Z,99529.50000000,99750.00000000,99421.53000000,99620.00000000,437.99027000
2024-12-07T12:00:00Z,99620.00000000,99703.55000000,99364.00000000,99426.87000000,421.89864000
2024-12-07T13:00:00Z,99426.88000000,99518.75000000,99304.00000000,99350.00000000,495.32597000
2024-12-07T14:00:00Z,99350.00000000,99779.34000000,99036.01000000,99465.30000000,738.05732000
2024-12-07T15:00:00Z,99465.30000000,99800.00000000,99336.00000000,99756.01000000,753.80096000
2024-12-07T16:00:00Z,99756.00000000,99799.99000000,99476.62000000,99621.56000000,503.91810000
2024-12-07T17:00:00Z,99621.57000000,99717.80000000,99460.37000000,99631.97000000,416.16617000
2024-12-07T18:00:00Z,99631.98000000,100263.64000000,99582.35000000,100123.32000000,722.02580000
2024-12-07T19:00:00Z,100123.32000000,100262.35000000,99920.31000000,100077.45000000,615.47471000
2024-12-07T20:00:00Z,100077.45000000,100380.72000000,100077.45000000,100313.57000000,439.41032000
2024-12-07T21:00:00Z,100313.57000000,100439.18000000,99700.00000000,99869.80000000,527.22024000
2024-12-07T22:00:00Z,99869.81000000,100046.92000000,99595.11000000,99595.11000000,408.98144000
2024-12-07T23:00:00Z,99595.12000000,100259.00000000,99595.11000000,99831.99000000,541.97011000
2024-12-08T00:00:00Z,99831.99000000,99978.38000000,99632.28000000,99978.38000000,384.70173000
2024-12-08T01:00:00Z,99978.38000000,100128.00000000,99669.01000000,99848.36000000,390.67541000
2024-12-08T02:00:00Z,99848.35000000,100328.88000000,99750.17000000,100146.90000000,590.34251000
2024-12-08T03:00:00Z,100146.91000000,100260.00000000,99912.00000000,99934.82000000,322.49487000
2024-12-08T04:00:00Z,99934.83000000,100030.00000000,99694.66000000,99756.01000000,483.49842000
2024-12-08T05:00:00Z,99756.00000000,99783.56000000,99370.00000000,99534.26000000,431.31034000
2024-12-08T06:00:00Z,99534.26000000,99803.32000000,99336.00000000,99675.96000000,397.06249000
2024-12-08T07:00:00Z,99675.97000000,99863.35000000,99632.61000000,99675.11000000,278.48465000
2024-12-08T08:00:00Z,99675.11000000,99687.85000000,98964.00000000,98980.01000000,668.22137000
2024-12-08T09:00:00Z,98980.02000000,99300.00000000,98657.70000000,98884.02000000,890.41696000
2024-12-08T10:00:00Z,98884.03000000,99409.02000000,98876.00000000,99249.22000000,525.53622000
2024-12-08T11:00:00Z,99249.21000000,99844.28000000,99124.01000000,99701.16000000,473.22138000
2024-12-08T12:00:00Z,99701.17000000,100200.00000000,99452.00000000,99922.48000000,766.06693000
2024-12-08T13:00:00Z,99922.49000000,100500.00000000,99803.80000000,100408.80000000,993.73135000
2024-12-08T14:00:00Z,100408.79000000,100426.10000000,99724.75000000,99726.73000000,784.39963000
2024-12-08T15:00:00Z,99726.72000000,99964.63000000,99357.16000000,99912.01000000,844.24534000
2024-12-08T16:00:00Z,99912.01000000,100142.85000000,99733.15000000,99832.96000000,648.81492000
2024-12-08T17:00:00Z,99832.97000000,100000.00000000,99628.01000000,99943.98000000,477.73217000
2024-12-08T18:00:00Z,99943.99000000,100016.00000000,99563.83000000,99660.98000000,561.37841000
2024-12-08T19:00:00Z,99660.99000000,100198.00000000,99480.00000000,100100.98000000,531.70789000
2024-12-08T20:00:00Z,100100.99000000,100156.00000000,99800.00000000,99800.01000000,402.06692000
2024-12-08T21:00:00Z,99800.01000000,100058.83000000,99736.06000000,100026.97000000,359.99203000
2024-12-08T22:00:00Z,100026.98000000,100274.44000000,99879.21000000,100220.01000000,504.28845000
2024-12-08T23:00:00Z,100220.01000000,101351.00000000,100088.98000000,101109.59000000,1902.60649000
2024-12-09T00:00:00Z,101109.60000000,101215.93000000,99347.98000000,99656.36000000,2258.99758000
2024-12-09T01:00:00Z,99656.36000000,99863.99000000,99390.00000000,99528.54000000,823.51766000
2024-12-09T02:00:00Z,99528.55000000,99721.56000000,99009.73000000,99195.89000000,1413.47378000
2024-12-09T03:00:00Z,99195.89000000,99350.45000000,98432.18000000,99090.84000000,1635.58345000
2024-12-09T04:00:00Z,99090.84000000,99459.61000000,98767.54000000,99427.99000000,1121.55117000
2024-12-09T05:00:00Z,99428.00000000,99554.89000000,99324.00000000,99435.87000000,828.28925000
2024-12-09T06:00:00Z,99435.87000000,99475.99000000,98856.02000000,99044.64000000,742.40929000
2024-12-09T07:00:00Z,99044.64000000,99729.88000000,98328.00000000,99576.51000000,1948.80400000
2024-12-09T08:00:00Z,99576.51000000,99679.71000000,98808.00000000,98901.15000000,1450.14652000
2024-12-09T09:00:00Z,98901.15000000,99099.99000000,98406.08000000,98406.08000000,1562.66715000
2024-12-09T10:00:00Z,98406.08000000,98770.11000000,98272.04000000,98714.52000000,1334.96471000
2024-12-09T11:00:00Z,98714.52000000,98714.52000000,98035.57000000,98088.47000000,1407.15762000
2024-12-09T12:00:00Z,98088.47000000,98627.70000000,97948.01000000,98601.05000000,1508.07381000
2024-12-09T13:00:00Z,98601.05000000,99211.58000000,98237.03000000,99004.03000000,1460.24803000
2024-12-09T14:00:00Z,99004.03000000,100390.00000000,98856.00000000,100156.26000000,2487.20504000
2024-12-09T15:00:00Z,100156.26000000,100421.80000000,97508.58000000,97812.00000000,5110.07575000
2024-12-09T16:00:00Z,97812.00000000,98398.00000000,97460.00000000,97844.06000000,2642.96173000
2024-12-09T17:00:00Z,97844.06000000,98240.00000000,97350.00000000,97368.04000000,1542.83473000
2024-12-09T18:00:00Z,97368.05000000,98260.00000000,97365.48000000,97776.66000000,1546.89958000
2024-12-09T19:00:00Z,97776.65000000,97776.66000000,97000.00000000,97070.32000000,1913.69602000
2024-12-09T20:00:00Z,97070.33000000,97330.49000000,96111.00000000,96252.01000000,3713.47796000
2024-12-09T21:00:00Z,96252.00000000,97572.52000000,94150.05000000,96892.00000000,8232.45482000
2024-12-09T22:00:00Z,96892.00000000,97381.47000000,94837.42000000,96984.01000000,5598.28570000
2024-12-09T23:00:00Z,96984.00000000,97533.14000000,96700.46000000,97276.47000000,1665.34060000
2024-12-10T00:00:00Z,97276.48000000,98138.00000000,97000.00000000,97867.91000000,1941.40264000
2024-12-10T01:00:00Z,97867.91000000,98058.50000000,97467.80000000,97946.00000000,1095.21618000
2024-12-10T02:00:00Z,97946.00000000,97946.01000000,96614.27000000,96660.01000000,1804.43021000
2024-12-10T03:00:00Z,96660.00000000,96947.26000000,95565.41000000,96931.99000000,3126.85208000
2024-12-10T04:00:00Z,96931.99000000,97132.45000000,95900.00000000,97031.97000000,1630.90831000
2024-12-10T05:00:00Z,97031.98000000,97051.99000000,96520.49000000,96941.99000000,1054.45271000
2024-12-10T06:00:00Z,96941.99000000,97519.20000000,96810.85000000,97464.60000000,1222.41402000
2024-12-10T07:00:00Z,97464.60000000,97502.74000000,96908.00000000,97196.44000000,943.52763000
2024-12-10T08:00:00Z,97196.44000000,97547.52000000,96938.19000000,97385.72000000,866.37002000
2024-12-10T09:00:00Z,97385.72000000,97680.00000000,97224.79000000,97489.10000000,851.77822000
2024-12-10T10:00:00Z,97489.10000000,97862.43000000,97489.09000000,97687.50000000,947.81939000
2024-12-10T11:00:00Z,97687.50000000,97937.50000000,97444.42000000,97722.52000000,1066.94048000
2024-12-10T12:00:00Z,97722.53000000,97841.10000000,96864.04000000,97161.50000000,1548.27714000
2024-12-10T13:00:00Z,97161.50000000,97929.99000000,97128.00000000,97738.36000000,1701.94365000
2024-12-10T14:00:00Z,97738.35000000,98270.00000000,97140.00000000,97820.01000000,3526.12099000
2024-12-10T15:00:00Z,97820.01000000,98113.68000000,95555.00000000,95658.79000000,4812.98677000
2024-12-10T16:00:00Z,95658.79000000,96500.00000000,94508.69000000,96319.77000000,7543.54551000
2024-12-10T17:00:00Z,96319.76000000,96391.17000000,94401.76000000,94484.01000000,5401.75410000
2024-12-10T18:00:00Z,94484.01000000,95524.00000000,94256.54000000,95132.03000000,2558.43561000
2024-12-10T19:00:00Z,95132.04000000,96171.14000000,94980.27000000,95856.50000000,1778.37842000
2024-12-10T20:00:00Z,95856.50000000,96700.00000000,95616.00000000,96434.76000000,1949.38081000
2024-12-10T21:00:00Z,96434.75000000,97200.70000000,96382.35000000,96858.00000000,2026.89962000
2024-12-10T22:00:00Z,96858.00000000,97099.49000000,96587.43000000,96849.44000000,1109.33596000
2024-12-10T23:00:00Z,96849.45000000,97128.62000000,96402.70000000,96593.00000000,1199.51886000
2024-12-11T00:00:00Z,96593.00000000,96842.42000000,95816.36000000,96412.61000000,1676.16419000
2024-12-11T01:00:00Z,96412.61000000,96635.79000000,95658.24000000,95752.02000000,1661.31944000
2024-12-11T02:00:00Z,95752.02000000,97444.44000000,95677.96000000,97207.29000000,1684.35094000
2024-12-11T03:00:00Z,97207.29000000,97625.76000000,97128.24000000,97398.43000000,1079.97914000
2024-12-11T04:00:00Z,97398.42000000,97600.00000000,97181.70000000,97546.96000000,1071.82464000
2024-12-11T05:00:00Z,97546.97000000,97700.00000000,97300.80000000,97495.19000000,581.06970000
2024-12-11T06:00:00Z,97495.20000000,97765.77000000,97391.40000000,97689.57000000,482.35697000
2024-12-11T07:00:00Z,97689.57000000,97790.36000000,97248.87000000,97334.60000000,747.37970000
2024-12-11T08:00:00Z,97334.59000000,98472.57000000,97316.78000000,98109.90000000,1557.01346000
2024-12-11T09:00:00Z,98109.90000000,98171.35000000,97757.44000000,97999.99000000,778.44620000
2024-12-11T10:00:00Z,98000.00000000,98301.17000000,97862.66000000,98214.29000000,779.21065000
2024-12-11T11:00:00Z,98214.29000000,98450.00000000,98137.09000000,98292.61000000,800.38789000
2024-12-11T12:00:00Z,98292.61000000,98493.04000000,98164.02000000,98236.00000000,775.58074000
2024-12-11T13:00:00Z,98236.00000000,98865.47000000,98072.33000000,98736.86000000,1875.90205000
2024-12-11T14:00:00Z,98736.86000000,99539.29000000,98369.82000000,99515.98000000,2230.19310000
2024-12-11T15:00:00Z,99515.99000000,100800.00000000,99414.72000000,100361.64000000,5764.60580000
2024-12-11T16:00:00Z,100361.64000000,101090.90000000,100295.61000000,100575.99000000,2950.52479000
2024-12-11T17:00:00Z,100576.00000000,100982.07000000,99660.15000000,99781.90000000,2298.27737000
2024-12-11T18:00:00Z,99781.89000000,100786.30000000,99608.23000000,100388.71000000,2207.59419000
2024-12-11T19:00:00Z,100388.72000000,101141.01000000,100388.71000000,101122.71000000,1758.39622000
2024-12-11T20:00:00Z,101122.71000000,101674.72000000,101024.75000000,101271.56000000,2068.71914000
2024-12-11T21:00:00Z,101271.57000000,101536.70000000,100866.42000000,101520.12000000,1152.95810000
2024-12-11T22:00:00Z,101520.13000000,101888.00000000,101180.63000000,101209.74000000,1098.87478000
2024-12-11T23:00:00Z,101209.74000000,101500.00000000,101068.25000000,101125.00000000,672.65371000
2024-12-12T00:00:00Z,101125.00000000,101200.00000000,100559.71000000,100772.46000000,970.26535000
2024-12-12T01:00:00Z,100772.47000000,100861.98000000,100331.61000000,100496.30000000,1065.71101000
2024-12-12T02:00:00Z,100496.30000000,101824.77000000,100496.30000000,101824.76000000,1067.28192000
2024-12-12T03:00:00Z,101824.77000000,101829.00000000,100792.00000000,101025.87000000,1481.01937000
2024-12-12T04:00:00Z,101025.88000000,101191.85000000,100572.00000000,100675.70000000,877.84617000
2024-12-12T05:00:00Z,100675.70000000,101136.92000000,100617.64000000,100618.86000000,1063.06897000
2024-12-12T06:00:00Z,100618.87000000,100701.24000000,100402.82000000,100584.37000000,548.35286000
2024-12-12T07:00:00Z,100584.37000000,100828.16000000,100496.47000000,100499.99000000,528.75796000
2024-12-12T08:00:00Z,100499.99000000,101049.36000000,100470.58000000,100980.00000000,703.47330000
2024-12-12T09:00:00Z,100979.99000000,101126.54000000,100794.11000000,100814.07000000,604.85218000
2024-12-12T10:00:00Z,100814.06000000,100814.07000000,100473.14000000,100579.44000000,620.99851000
2024-12-12T11:00:00Z,100579.44000000,100637.97000000,100178.32000000,100358.42000000,663.75995000
2024-12-12T12:00:00Z,100358.42000000,100944.00000000,100348.35000000,100828.00000000,783.19887000
2024-12-12T13:00:00Z,100828.00000000,101545.78000000,100540.74000000,100911.99000000,1810.00915000
2024-12-12T14:00:00Z,100912.00000000,101749.74000000,100629.41000000,101702.04000000,2588.59757000
2024-12-12T15:00:00Z,101702.04000000,101861.60000000,100700.07000000,101797.14000000,2345.92427000
2024-12-12T16:00:00Z,101797.14000000,102540.00000000,101462.49000000,101462.49000000,3118.04465000
2024-12-12T17:00:00Z,101462.49000000,101700.00000000,101227.27000000,101617.65000000,1046.05464000
2024-12-12T18:00:00Z,101617.64000000,101657.75000000,100831.00000000,100857.59000000,907.96892000
2024-12-12T19:00:00Z,100857.59000000,101052.77000000,99311.64000000,99481.32000000,2862.50310000
2024-12-12T20:00:00Z,99481.33000000,100464.73000000,99465.33000000,100028.01000000,1571.02583000
2024-12-12T21:00:00Z,100028.02000000,100109.09000000,99700.00000000,99760.01000000,764.07160000
2024-12-12T22:00:00Z,99760.01000000,100476.19000000,99513.00000000,100444.00000000,803.02299000
2024-12-12T23:00:00Z,100444.00000000,100476.00000000,99879.38000000,100004.29000000,436.27831000
2024-12-13T00:00:00Z,100004.29000000,100356.85000000,99939.85000000,100083.21000000,501.95354000
2024-12-13T01:00:00Z,100083.21000000,100140.00000000,99210.53000000,99323.94000000,996.85798000
2024-12-13T02:00:00Z,99323.94000000,99675.66000000,99205.00000000,99484.99000000,1138.64214000
2024-12-13T03:00:00Z,99484.99000000,99793.50000000,99484.98000000,99729.09000000,532.23358000
2024-12-13T04:00:00Z,99729.09000000,100054.91000000,99652.00000000,100000.46000000,531.66419000
2024-12-13T05:00:00Z,100000.46000000,100172.00000000,99850.35000000,99890.00000000,430.05413000
2024-12-13T06:00:00Z,99889.99000000,100092.00000000,99700.00000000,99700.00000000,483.54224000
2024-12-13T07:00:00Z,99700.00000000,100225.52000000,99500.00000000,100130.00000000,1277.18261000
2024-12-13T08:00:00Z,100130.01000000,100361.93000000,99896.00000000,100272.00000000,562.17584000
2024-12-13T09:00:00Z,100271.99000000,100340.00000000,99904.43000000,100100.00000000,499.52207000
2024-12-13T10:00:00Z,100100.00000000,100550.00000000,99913.51000000,100457.62000000,520.33241000
2024-12-13T11:00:00Z,100457.62000000,100789.00000000,100314.19000000,100353.37000000,678.01774000
2024-12-13T12:00:00Z,100353.37000000,100470.59000000,100142.11000000,100299.85000000,462.58738000
2024-12-13T13:00:00Z,100299.85000000,100527.91000000,99936.25000000,100284.35000000,605.47063000
2024-12-13T14:00:00Z,100284.36000000,101018.12000000,100220.92000000,101018.12000000,988.71208000
2024-12-13T15:00:00Z,101018.12000000,101375.26000000,99700.00000000,99873.16000000,2338.34375000
2024-12-13T16:00:00Z,99873.16000000,101272.73000000,99800.00000000,100988.01000000,1964.84991000
2024-12-13T17:00:00Z,100988.02000000,101777.75000000,100780.01000000,101737.89000000,1575.29189000
2024-12-13T18:00:00Z,101737.88000000,101895.26000000,101293.14000000,101495.91000000,1655.90604000
2024-12-13T19:00:00Z,101495.92000000,101617.65000000,101205.88000000,101462.34000000,980.79695000
2024-12-13T20:00:00Z,101462.34000000,101879.98000000,101227.97000000,101680.00000000,1230.46768000
2024-12-13T21:00:00Z,101680.01000000,101691.46000000,101250.09000000,101303.64000000,699.51818000
2024-12-13T22:00:00Z,101303.63000000,101407.99000000,101090.90000000,101227.28000000,406.27702000
2024-12-13T23:00:00Z,101227.28000000,101529.42000000,101139.88000000,101424.25000000,843.63925000
2024-12-14T00:00:00Z,101424.24000000,101519.42000000,101148.35000000,101301.07000000,468.18694000
2024-12-14T01:00:00Z,101301.07000000,102650.00000000,101301.07000000,102145.28000000,2528.31652000
2024-12-14T02:00:00Z,102145.28000000,102279.43000000,101668.45000000,102032.61000000,698.88108000
2024-12-14T03:00:00Z,102032.61000000,102344.00000000,102022.39000000,102088.00000000,406.92709000
2024-12-14T04:00:00Z,102088.00000000,102138.00000000,101590.90000000,101681.81000000,636.87362000
2024-12-14T05:00:00Z,101681.82000000,101816.71000000,101632.00000000,101722.80000000,439.71251000
2024-12-14T06:00:00Z,101722.79000000,102000.00000000,101690.37000000,101906.05000000,572.18592000
2024-12-14T07:00:00Z,101906.06000000,101923.99000000,101596.43000000,101824.00000000,706.73681000
2024-12-14T08:00:00Z,101824.00000000,101863.64000000,101578.58000000,101803.03000000,319.99027000
2024-12-14T09:00:00Z,101803.04000000,101803.04000000,101478.05000000,101551.28000000,327.22429000
2024-12-14T10:00:00Z,101551.29000000,101602.31000000,101321.00000000,101550.58000000,371.42714000
2024-12-14T11:00:00Z,101550.59000000,101697.50000000,101464.92000000,101583.99000000,227.39658000
2024-12-14T12:00:00Z,101584.00000000,101647.06000000,101241.26000000,101297.96000000,590.74082000
2024-12-14T13:00:00Z,101297.96000000,101411.63000000,100826.38000000,101170.05000000,1220.28333000
2024-12-14T14:00:00Z,101170.04000000,101536.00000000,101163.64000000,101434.30000000,526.12869000
2024-12-14T15:00:00Z,101434.30000000,101742.43000000,101342.71000000,101625.12000000,400.83121000
2024-12-14T16:00:00Z,101625.12000000,101650.77000000,101420.01000000,101650.76000000,412.87893000
2024-12-14T17:00:00Z,101650.77000000,101737.70000000,100860.00000000,100988.00000000,798.14281000
2024-12-14T18:00:00Z,100988.01000000,101175.75000000,100831.63000000,100895.98000000,659.88076000
2024-12-14T19:00:00Z,100895.99000000,101411.77000000,100872.38000000,101313.54000000,442.94587000
2024-12-14T20:00:00Z,101313.54000000,101409.92000000,100609.41000000,100760.00000000,528.13263000
2024-12-14T21:00:00Z,100760.00000000,101187.03000000,100760.00000000,101074.68000000,300.55759000
2024-12-14T22:00:00Z,101074.68000000,101259.25000000,100895.53000000,101117.63000000,292.13848000
2024-12-14T23:00:00Z,101117.64000000,101499.08000000,101045.45000000,101420.00000000,315.18337000
2024-12-15T00:00:00Z,101420.00000000,101558.83000000,101237.14000000,101442.42000000,313.78863000
2024-12-15T01:00:00Z,101442.41000000,102196.97000000,101424.01000000,102134.48000000,1458.80477000
2024-12-15T02:00:00Z,102134.48000000,102155.28000000,101775.88000000,101831.15000000,728.33298000
2024-12-15T03:00:00Z,101831.16000000,101931.73000000,101722.31000000,101733.82000000,216.32352000
2024-12-15T04:00:00Z,101733.83000000,102850.00000000,101733.82000000,102366.17000000,1788.48948000
2024-12-15T05:00:00Z,102366.17000000,102511.81000000,102107.92000000,102159.29000000,485.39491000
2024-12-15T06:00:00Z,102159.29000000,102169.90000000,101759.80000000,101759.80000000,417.41142000
2024-12-15T07:00:00Z,101759.81000000,101941.18000000,101534.01000000,101732.09000000,399.71077000
2024-12-15T08:00:00Z,101732.09000000,102015.16000000,101581.07000000,102015.15000000,434.85636000
2024-12-15T09:00:00Z,102015.15000000,102270.95000000,101919.60000000,102264.34000000,361.99787000
2024-12-15T10:00:00Z,102264.34000000,102450.22000000,102147.58000000,102280.00000000,390.62989000
2024-12-15T11:00:00Z,102280.01000000,102691.01000000,102228.01000000,102671.44000000,613.11003000
2024-12-15T12:00:00Z,102671.44000000,103359.97000000,102533.33000000,102946.54000000,2308.19851000
2024-12-15T13:00:00Z,102946.55000000,102987.43000000,102473.01000000,102784.65000000,917.26646000
2024-12-15T14:00:00Z,102784.65000000,103061.88000000,102622.99000000,102994.37000000,988.69088000
2024-12-15T15:00:00Z,102994.37000000,103039.99000000,102704.00000000,102704.01000000,704.04111000
2024-12-15T16:00:00Z,102704.00000000,103490.00000000,102583.65000000,103127.08000000,1092.30198000
2024-12-15T17:00:00Z,103127.08000000,103368.19000000,102978.93000000,103164.00000000,493.45924000
2024-12-15T18:00:00Z,103164.01000000,103358.89000000,102984.58000000,103204.00000000,381.55820000
2024-12-15T19:00:00Z,103203.99000000,103455.00000000,103178.47000000,103252.95000000,474.60080000
2024-12-15T20:00:00Z,103252.96000000,103404.16000000,103066.67000000,103144.83000000,421.52166000
2024-12-15T21:00:00Z,103144.83000000,103197.67000000,102634.25000000,102859.06000000,733.51731000
2024-12-15T22:00:00Z,102859.05000000,103385.80000000,102621.50000000,103277.32000000,752.53486000
2024-12-15T23:00:00Z,103277.31000000,105250.00000000,103246.07000000,104463.99000000,5352.38013500
2024-12-16T00:00:00Z,104463.99000000,106648.00000000,104324.50000000,105444.95000000,4439.21432600
2024-12-16T01:00:00Z,105444.95000000,105591.58000000,104979.39000000,105531.99000000,1469.85302000
2024-12-16T02:00:00Z,105532.00000000,105640.00000000,104446.28000000,104585.32000000,1719.94162000
2024-12-16T03:00:00Z,104585.32000000,105000.00000000,104259.48000000,104582.28000000,1174.83928000
2024-12-16T04:00:00Z,104582.28000000,104805.22000000,104469.89000000,104686.15000000,650.79766000
2024-12-16T05:00:00Z,104686.15000000,105064.00000000,104482.46000000,105028.00000000,781.51923000
2024-12-16T06:00:00Z,105028.01000000,105373.76000000,104956.00000000,105149.98000000,971.06116000
2024-12-16T07:00:00Z,105149.98000000,105420.76000000,104900.00000000,104992.79000000,679.89461000
2024-12-16T08:00:00Z,104992.79000000,105016.85000000,104505.22000000,104535.44000000,713.40126000
2024-12-16T09:00:00Z,104535.44000000,104942.48000000,104500.46000000,104676.72000000,767.27443000
2024-12-16T10:00:00Z,104676.73000000,104722.10000000,104350.01000000,104684.99000000,993.28252000
2024-12-16T11:00:00Z,104684.98000000,104836.36000000,103625.78000000,103757.99000000,1498.30185000
2024-12-16T12:00:00Z,103758.00000000,104145.90000000,103333.00000000,103656.02000000,1555.92886000
2024-12-16T13:00:00Z,103656.02000000,104138.99000000,103484.51000000,103908.02000000,1256.73983000
2024-12-16T14:00:00Z,103908.03000000,106000.00000000,103879.25000000,105487.00000000,3025.52605000
2024-12-16T15:00:00Z,105487.01000000,106499.99000000,105253.46000000,106332.01000000,3451.11467000
2024-12-16T16:00:00Z,106332.00000000,107195.58000000,106140.00000000,106824.95000000,3224.84045800
2024-12-16T17:00:00Z,106824.94000000,107195.00000000,106693.26000000,107078.55000000,2075.56347000
2024-12-16T18:00:00Z,107078.55000000,107793.07000000,106882.47000000,107078.60000000,3417.43628600
2024-12-16T19:00:00Z,107078.60000000,107078.61000000,105797.41000000,106583.12000000,3277.26405000
2024-12-16T20:00:00Z,106583.13000000,106648.48000000,105762.56000000,105808.36000000,1901.28728000
2024-12-16T21:00:00Z,105808.36000000,106274.90000000,105688.93000000,106057.77000000,880.58820000
2024-12-16T22:00:00Z,106057.78000000,106301.59000000,105721.39000000,105815.99000000,620.69466000
2024-12-16T23:00:00Z,105816.00000000,106064.00000000,105480.02000000,106058.66000000,756.03796000
2024-12-17T00:00:00Z,106058.65000000,106244.40000000,105657.34000000,105856.51000000,1086.89201000
2024-12-17T01:00:00Z,105856.51000000,106469.29000000,105744.62000000,106376.00000000,1112.03906000
2024-12-17T02:00:00Z,106376.01000000,106590.55000000,106197.74000000,106269.14000000,804.33118000
2024-12-17T03:00:00Z,106269.15000000,107000.00000000,106240.50000000,106866.49000000,879.61902000
2024-12-17T04:00:00Z,106866.50000000,106866.50000000,106412.99000000,106500.77000000,533.25830000
2024-12-17T05:00:00Z,106500.77000000,106823.28000000,106448.00000000,106817.43000000,576.75389000
2024-12-17T06:00:00Z,106817.44000000,106845.00000000,106368.45000000,106549.98000000,543.19883000
2024-12-17T07:00:00Z,106549.99000000,107143.29000000,106478.00000000,106805.75000000,1284.61121000
2024-12-17T08:00:00Z,106805.75000000,107550.02000000,106753.53000000,107406.61000000,1330.80553000
2024-12-17T09:00:00Z,107406.61000000,107474.10000000,107130.00000000,107306.03000000,693.66559000
2024-12-17T10:00:00Z,107306.03000000,107343.82000000,106897.44000000,107209.67000000,792.66466000
2024-12-17T11:00:00Z,107209.67000000,107329.49000000,106708.86000000,106808.31000000,805.81206000
2024-12-17T12:00:00Z,106808.31000000,107177.55000000,106534.29000000,107136.01000000,997.93197000
2024-12-17T13:00:00Z,107136.01000000,107620.09000000,106981.06000000,107298.42000000,795.32765000
2024-12-17T14:00:00Z,107298.42000000,108353.00000000,107056.13000000,108258.39000000,2997.39758600
2024-12-17T15:00:00Z,108258.38000000,108258.38000000,105725.99000000,106478.47000000,4148.52325000
2024-12-17T16:00:00Z,106478.48000000,107100.86000000,106148.00000000,107075.72000000,1719.47030000
2024-12-17T17:00:00Z,107075.73000000,107617.12000000,106713.96000000,107506.37000000,1501.46563000
2024-12-17T18:00:00Z,107506.37000000,107633.00000000,106410.55000000,106551.89000000,1312.39668000
2024-12-17T19:00:00Z,106551.89000000,106986.44000000,106216.06000000,106475.89000000,1342.02320000
2024-12-17T20:00:00Z,106475.89000000,106903.99000000,106156.22000000,106732.98000000,1003.81925000
2024-12-17T21:00:00Z,106732.98000000,106799.18000000,106236.53000000,106411.54000000,442.63546000
2024-12-17T22:00:00Z,106411.53000000,106419.38000000,105321.49000000,105972.01000000,1143.43647000
2024-12-17T23:00:00Z,105972.00000000,106350.01000000,105550.00000000,106133.74000000,1216.85768000
2024-12-18T00:00:00Z,106133.74000000,106460.00000000,105620.03000000,106098.93000000,999.41593000
2024-12-18T01:00:00Z,106098.92000000,106524.98000000,104942.32000000,105332.84000000,2375.39062000
2024-12-18T02:00:00Z,105335.23000000,105651.88000000,105016.00000000,105312.91000000,985.53584000
2024-12-18T03:00:00Z,105312.90000000,105331.63000000,104581.58000000,104763.98000000,1424.59685000
2024-12-18T04:00:00Z,104763.99000000,104763.99000000,103516.98000000,103868.01000000,2603.97627000
2024-12-18T05:00:00Z,103868.00000000,104125.18000000,103276.00000000,103572.17000000,1659.21540000
2024-12-18T06:00:00Z,103572.16000000,104000.21000000,103137.82000000,103794.65000000,1754.37180000
2024-12-18T07:00:00Z,103794.65000000,104317.82000000,103702.32000000,104250.75000000,1239.07366000
2024-12-18T08:00:00Z,104250.75000000,104378.92000000,103729.18000000,103805.43000000,707.25432000
2024-12-18T09:00:00Z,103805.42000000,104435.00000000,103804.66000000,104047.99000000,794.73016000
2024-12-18T10:00:00Z,104047.99000000,104659.25000000,103984.00000000,104531.03000000,547.48679000
2024-12-18T11:00:00Z,104531.03000000,105033.33000000,104500.00000000,105028.33000000,878.17039000
2024-12-18T12:00:00Z,105028.33000000,105350.00000000,104687.44000000,104920.01000000,1428.18959000
2024-12-18T13:00:00Z,104920.02000000,105271.80000000,104532.01000000,104580.58000000,888.46850000
2024-12-18T14:00:00Z,104580.57000000,104860.66000000,103855.07000000,104019.93000000,2756.64761000
2024-12-18T15:00:00Z,104019.94000000,104569.41000000,103650.00000000,104428.54000000,2169.56095000
2024-12-18T16:00:00Z,104428.54000000,104474.14000000,103380.43000000,104199.62000000,2165.97625000
2024-12-18T17:00:00Z,104199.63000000,104819.83000000,103876.00000000,104656.18000000,998.63962000
2024-12-18T18:00:00Z,104656.18000000,104999.98000000,104150.01000000,104808.99000000,1126.27380000
2024-12-18T19:00:00Z,104805.44000000,104805.44000000,102817.82000000,102817.82000000,4875.44811000
2024-12-18T20:00:00Z,102817.82000000,102997.77000000,100303.72000000,100846.67000000,10402.44410000
2024-12-18T21:00:00Z,100846.68000000,101745.45000000,100481.81000000,101010.55000000,3022.31056000
2024-12-18T22:00:00Z,101010.54000000,101560.89000000,100648.99000000,101152.45000000,1684.68673000
2024-12-18T23:00:00Z,101152.45000000,101203.45000000,100000.00000000,100204.01000000,2820.13370000
2024-12-19T00:00:00Z,100204.01000000,100986.09000000,100128.00000000,100831.16000000,2011.20722000
2024-12-19T01:00:00Z,100831.17000000,100903.28000000,99605.98000000,99768.97000000,1922.58004000
2024-12-19T02:00:00Z,99768.97000000,100534.56000000,98802.00000000,100534.56000000,4808.23260000
2024-12-19T03:00:00Z,100534.56000000,101310.25000000,100456.00000000,101193.15000000,2269.12938000
2024-12-19T04:00:00Z,101193.15000000,101228.31000000,100629.99000000,100671.62000000,834.97520000
2024-12-19T05:00:00Z,100671.62000000,101415.25000000,100671.62000000,101300.01000000,935.02447000
2024-12-19T06:00:00Z,101300.01000000,101392.15000000,101015.44000000,101200.01000000,712.40267000
2024-12-19T07:00:00Z,101200.01000000,101727.28000000,101124.46000000,101656.57000000,716.67385000
2024-12-19T08:00:00Z,101656.57000000,101820.00000000,101380.10000000,101640.40000000,745.81150000
2024-12-19T09:00:00Z,101640.40000000,101873.08000000,101537.56000000,101815.99000000,863.07944000
2024-12-19T10:00:00Z,101815.99000000,102609.72000000,101758.19000000,102409.34000000,1608.23665000
2024-12-19T11:00:00Z,102409.34000000,102514.05000000,102176.38000000,102449.99000000,857.73867000
2024-12-19T12:00:00Z,102450.00000000,102559.21000000,101882.09000000,101988.00000000,1055.08532000
2024-12-19T13:00:00Z,101987.99000000,102216.07000000,101667.00000000,101952.44000000,1706.53325000
2024-12-19T14:00:00Z,101952.44000000,102800.11000000,100694.07000000,100942.41000000,3192.18817000
2024-12-19T15:00:00Z,100942.41000000,101063.38000000,99500.00000000,100679.86000000,4543.00113000
2024-12-19T16:00:00Z,100679.86000000,101200.00000000,99830.00000000,100716.30000000,2127.60244000
2024-12-19T17:00:00Z,100716.30000000,100748.87000000,97500.00000000,98855.86000000,5111.98146000
2024-12-19T18:00:00Z,98855.86000000,98952.73000000,96900.00000000,98932.73000000,5024.54216000
2024-12-19T19:00:00Z,98932.72000000,99064.06000000,96251.32000000,97199.72000000,3592.37286000
2024-12-19T20:00:00Z,97199.72000000,97312.00000000,95700.00000000,96409.54000000,4430.95326000
2024-12-19T21:00:00Z,96409.55000000,98090.90000000,95828.98000000,97417.66000000,2612.13623000
2024-12-19T22:00:00Z,97417.66000000,98500.00000000,97231.02000000,98391.21000000,1990.04732000
2024-12-19T23:00:00Z,98391.21000000,98400.01000000,97455.30000000,97461.86000000,1475.86271000
2024-12-20T00:00:00Z,97461.86000000,97814.09000000,96648.78000000,97248.22000000,2526.33162000
2024-12-20T01:00:00Z,97248.22000000,97542.68000000,96159.84000000,96319.99000000,2512.42589000
2024-12-20T02:00:00Z,96319.99000000,97731.91000000,96000.00000000,97632.59000000,2632.07757000
2024-12-20T03:00:00Z,97632.59000000,97784.81000000,96969.70000000,97106.02000000,1041.19363000
2024-12-20T04:00:00Z,97106.02000000,97838.98000000,96839.40000000,97304.07000000,1275.17255000
2024-12-20T05:00:00Z,97304.07000000,97491.95000000,96672.47000000,96734.32000000,1339.46566000
2024-12-20T06:00:00Z,96734.33000000,97303.99000000,96374.03000000,97281.37000000,1663.60632000
2024-12-20T07:00:00Z,97281.38000000,98233.00000000,97276.50000000,97832.53000000,2593.15424000
2024-12-20T08:00:00Z,97832.52000000,97864.91000000,95300.00000000,95473.74000000,3437.65104000
2024-12-20T09:00:00Z,95473.74000000,95738.79000000,94682.27000000,94811.85000000,4514.51169000
2024-12-20T10:00:00Z,94811.85000000,95114.71000000,94000.00000000,94359.53000000,4759.81141000
2024-12-20T11:00:00Z,94359.54000000,94749.92000000,92612.10000000,92723.98000000,6297.21711000
2024-12-20T12:00:00Z,92723.99000000,94244.00000000,92232.54000000,93941.75000000,5424.78009000
2024-12-20T13:00:00Z,93941.74000000,95803.57000000,93581.32000000,95204.00000000,4179.24629000
2024-12-20T14:00:00Z,95204.00000000,96235.29000000,94745.87000000,95627.99000000,3245.11909000
2024-12-20T15:00:00Z,95628.00000000,97572.00000000,95608.01000000,96991.62000000,3494.16219000
2024-12-20T16:00:00Z,96991.63000000,97700.00000000,96300.00000000,96727.99000000,2894.10090000
2024-12-20T17:00:00Z,96728.00000000,97375.45000000,96427.00000000,97206.59000000,1735.72497000
2024-12-20T18:00:00Z,97206.60000000,97308.39000000,96602.69000000,96993.58000000,1216.44814000
2024-12-20T19:00:00Z,96992.26000000,97748.00000000,96840.00000000,97116.00000000,1339.74895000
2024-12-20T20:00:00Z,97116.00000000,97232.00000000,96422.06000000,96451.88000000,1354.12601000
2024-12-20T21:00:00Z,96451.88000000,96647.36000000,95393.84000000,96623.29000000,1604.60540000
2024-12-20T22:00:00Z,96623.29000000,97513.00000000,96451.03000000,97463.93000000,978.34197000
2024-12-20T23:00:00Z,97463.93000000,97816.44000000,97389.38000000,97805.44000000,825.11297000
2024-12-21T00:00:00Z,97805.44000000,97813.59000000,97216.32000000,97525.77000000,941.26945000
2024-12-21T01:00:00Z,97525.77000000,97668.68000000,97198.76000000,97357.23000000,939.89900000
2024-12-21T02:00:00Z,97357.23000000,97610.54000000,97188.09000000,97396.00000000,507.91033000
2024-12-21T03:00:00Z,97396.00000000,97487.47000000,97244.00000000,97487.46000000,489.58985000
2024-12-21T04:00:00Z,97487.47000000,97643.00000000,97378.50000000,97588.00000000,424.52783000
2024-12-21T05:00:00Z,97588.00000000,98692.00000000,97541.06000000,98691.98000000,1167.51919000
2024-12-21T06:00:00Z,98691.98000000,98837.49000000,98318.60000000,98726.76000000,1768.19966000
2024-12-21T07:00:00Z,98726.76000000,99540.61000000,98500.00000000,99040.00000000,2107.70340000
2024-12-21T08:00:00Z,99040.00000000,99187.95000000,98438.01000000,98650.00000000,1024.17691000
2024-12-21T09:00:00Z,98650.00000000,98686.77000000,98296.01000000,98565.82000000,668.62346000
2024-12-21T10:00:00Z,98565.82000000,98649.90000000,98043.12000000,98131.22000000,904.66058000
2024-12-21T11:00:00Z,98131.22000000,98424.77000000,97800.00000000,98262.08000000,836.65859000
2024-12-21T12:00:00Z,98262.08000000,98283.95000000,97105.26000000,97131.99000000,1762.27838000
2024-12-21T13:00:00Z,97132.00000000,97500.48000000,96398.39000000,97344.54000000,2544.04817000
2024-12-21T14:00:00Z,97344.02000000,97755.35000000,97069.40000000,97083.11000000,968.11701000
2024-12-21T15:00:00Z,97083.11000000,97719.86000000,97070.28000000,97527.97000000,655.66124000
2024-12-21T16:00:00Z,97527.96000000,97718.80000000,96951.41000000,97292.00000000,1007.90405000
2024-12-21T17:00:00Z,97292.00000000,97695.80000000,97035.58000000,97595.28000000,805.82908000
2024-12-21T18:00:00Z,97595.29000000,97723.18000000,97287.87000000,97400.01000000,378.39640000
2024-12-21T19:00:00Z,97400.01000000,97436.69000000,96819.36000000,97269.03000000,741.60788000
2024-12-21T20:00:00Z,97269.03000000,98057.51000000,97224.83000000,97456.91000000,882.07806000
2024-12-21T21:00:00Z,97456.92000000,97577.99000000,96539.91000000,96892.00000000,703.06094000
2024-12-21T22:00:00Z,96892.00000000,97399.99000000,96624.00000000,97147.46000000,879.19206000
2024-12-21T23:00:00Z,97147.46000000,97313.26000000,96900.00000000,97291.99000000,374.62991000
2024-12-22T00:00:00Z,97292.00000000,97448.08000000,97052.00000000,97253.01000000,422.37636000
2024-12-22T01:00:00Z,97253.01000000,97432.69000000,96720.00000000,97060.01000000,447.72923000
2024-12-22T02:00:00Z,97060.00000000,97236.18000000,96613.18000000,96719.99000000,371.81103000
2024-12-22T03:00:00Z,96719.99000000,97320.00000000,96549.37000000,96994.37000000,606.61122000
2024-12-22T04:00:00Z,96994.37000000,97071.97000000,96072.00000000,96076.01000000,713.47180000
2024-12-22T05:00:00Z,96076.01000000,96409.64000000,95890.28000000,96156.19000000,1122.09453000
2024-12-22T06:00:00Z,96156.19000000,96749.99000000,96112.00000000,96739.99000000,591.16867000
2024-12-22T07:00:00Z,96740.00000000,96847.99000000,96080.00000000,96210.24000000,554.68137000
2024-12-22T08:00:00Z,96210.25000000,96689.55000000,96196.85000000,96534.50000000,503.87812000
2024-12-22T09:00:00Z,96534.51000000,97256.02000000,96333.50000000,96940.27000000,777.26357000
2024-12-22T10:00:00Z,96940.27000000,97351.57000000,96852.00000000,97009.03000000,522.54613000
2024-12-22T11:00:00Z,97009.03000000,97334.25000000,96988.00000000,97101.28000000,381.30098000
2024-12-22T12:00:00Z,97101.29000000,97300.00000000,96836.36000000,96987.61000000,442.59499000
2024-12-22T13:00:00Z,96987.61000000,97250.00000000,96850.00000000,96976.00000000,512.07060000
2024-12-22T14:00:00Z,96976.00000000,97044.02000000,95254.77000000,95363.44000000,2055.07585000
2024-12-22T15:00:00Z,95363.44000000,95660.80000000,95109.13000000,95377.72000000,1435.16530000
2024-12-22T16:00:00Z,95377.71000000,95888.09000000,95200.00000000,95715.09000000,972.83507000
2024-12-22T17:00:00Z,95715.09000000,95854.54000000,95457.62000000,95612.19000000,554.90428000
2024-12-22T18:00:00Z,95612.18000000,96444.45000000,95371.96000000,95955.22000000,987.27141000
2024-12-22T19:00:00Z,95955.23000000,96152.00000000,94700.00000000,94836.55000000,1395.29769000
2024-12-22T20:00:00Z,94836.55000000,95624.00000000,94424.00000000,95592.49000000,1089.42566000
2024-12-22T21:00:00Z,95592.49000000,95740.00000000,95069.03000000,95203.11000000,734.29415000
2024-12-22T22:00:00Z,95203.10000000,95640.00000000,94250.35000000,95547.41000000,1382.41430000
2024-12-22T23:00:00Z,95547.42000000,95824.00000000,95024.00000000,95186.27000000,777.54805000
2024-12-23T00:00:00Z,95186.28000000,95410.77000000,94333.33000000,94390.84000000,1150.62099000
2024-12-23T01:00:00Z,94390.83000000,95130.01000000,93771.37000000,94449.99000000,1808.05684000
2024-12-23T02:00:00Z,94450.00000000,94786.45000000,93700.42000000,94723.96000000,1620.88771000
2024-12-23T03:00:00Z,94723.96000000,96043.99000000,94610.76000000,96025.15000000,1448.87686000
2024-12-23T04:00:00Z,96025.15000000,96509.98000000,95644.00000000,95832.03000000,912.17420000
2024-12-23T05:00:00Z,95832.02000000,95961.53000000,95352.21000000,95608.02000000,1320.33706000
2024-12-23T06:00:00Z,95608.01000000,95650.76000000,94705.07000000,94824.83000000,941.38747000
2024-12-23T07:00:00Z,94824.83000000,95579.62000000,94824.83000000,95404.01000000,745.23607000
2024-12-23T08:00:00Z,95404.01000000,95554.88000000,95036.77000000,95503.87000000,612.57094000
2024-12-23T09:00:00Z,95503.87000000,96167.98000000,95493.22000000,96013.72000000,893.03527000
2024-12-23T10:00:00Z,96013.72000000,96445.17000000,95962.26000000,96392.39000000,943.52748000
2024-12-23T11:00:00Z,96392.40000000,96538.92000000,95819.79000000,95932.42000000,571.71903000
2024-12-23T12:00:00Z,95932.41000000,96423.00000000,95864.80000000,96305.00000000,862.92265000
2024-12-23T13:00:00Z,96305.00000000,96350.00000000,94832.93000000,94924.34000000,1162.53760000
2024-12-23T14:00:00Z,94924.35000000,95621.54000000,93700.01000000,94389.67000000,3351.51629000
2024-12-23T15:00:00Z,94389.67000000,94430.89000000,93107.52000000,93250.37000000,2940.01344000
2024-12-23T16:00:00Z,93250.38000000,94260.00000000,92928.82000000,93980.61000000,2356.01885000
2024-12-23T17:00:00Z,93980.61000000,94135.47000000,93206.79000000,93364.26000000,1328.46895000
2024-12-23T18:00:00Z,93364.26000000,93747.66000000,92690.00000000,92758.55000000,1297.92664000
2024-12-23T19:00:00Z,92758.54000000,93710.03000000,92702.00000000,93044.79000000,1253.88219000
2024-12-23T20:00:00Z,93044.79000000,93530.01000000,92520.00000000,93186.34000000,1794.60092000
2024-12-23T21:00:00Z,93186.34000000,94305.61000000,93181.83000000,93964.01000000,1407.12075000
2024-12-23T22:00:00Z,93964.01000000,95191.81000000,93911.50000000,95191.81000000,1019.60575000
2024-12-23T23:00:00Z,95191.80000000,95509.09000000,94683.81000000,94881.47000000,1067.72308000
2024-12-24T00:00:00Z,94881.47000000,94881.47000000,94131.11000000,94550.22000000,955.84079000
2024-12-24T01:00:00Z,94550.23000000,94672.00000000,94036.00000000,94123.43000000,567.58156000
2024-12-24T02:00:00Z,94123.43000000,94320.00000000,93569.02000000,93961.45000000,879.60295000
2024-12-24T03:00:00Z,93961.45000000,94400.00000000,93810.02000000,94348.75000000,732.79870000
2024-12-24T04:00:00Z,94348.75000000,94416.00000000,94052.70000000,94412.30000000,546.31234000
2024-12-24T05:00:00Z,94412.30000000,94653.45000000,94311.55000000,94606.06000000,412.67676000
2024-12-24T06:00:00Z,94606.06000000,94606.07000000,93830.47000000,93918.99000000,591.57780000
2024-12-24T07:00:00Z,93918.99000000,94313.61000000,93810.45000000,94233.19000000,448.92608000
2024-12-24T08:00:00Z,94233.20000000,94635.70000000,94125.42000000,94495.77000000,633.45604000
2024-12-24T09:00:00Z,94495.77000000,94530.42000000,93952.00000000,94068.01000000,446.78916000
2024-12-24T10:00:00Z,94068.01000000,94194.07000000,93840.00000000,93972.01000000,389.62902000
2024-12-24T11:00:00Z,93972.01000000,94425.70000000,93934.69000000,94398.60000000,466.22641000
2024-12-24T12:00:00Z,94398.60000000,94410.39000000,94075.10000000,94304.32000000,421.20785000
2024-12-24T13:00:00Z,94305.84000000,96094.00000000,94289.24000000,96085.02000000,1620.10206000
2024-12-24T14:00:00Z,96085.02000000,97498.64000000,95864.50000000,97465.06000000,2637.73752000
2024-12-24T15:00:00Z,97465.06000000,98300.00000000,97235.55000000,98300.00000000,2291.31734000
2024-12-24T16:00:00Z,98299.99000000,98666.00000000,97964.00000000,98496.23000000,2172.24903000
2024-12-24T17:00:00Z,98496.23000000,99030.72000000,98325.78000000,98797.47000000,1789.42098000
2024-12-24T18:00:00Z,98797.47000000,99487.99000000,98418.16000000,98618.66000000,1479.28279000
2024-12-24T19:00:00Z,98618.66000000,98743.52000000,97546.57000000,97581.09000000,1005.96025000
2024-12-24T20:00:00Z,97581.10000000,98056.27000000,97250.00000000,97298.01000000,1248.65596000
2024-12-24T21:00:00Z,97298.02000000,98462.28000000,97277.90000000,98397.96000000,791.97528000
2024-12-24T22:00:00Z,98397.95000000,99068.90000000,98355.43000000,98777.11000000,751.43045000
2024-12-24T23:00:00Z,98777.10000000,99019.10000000,98492.67000000,98663.58000000,393.46776000
2024-12-25T00:00:00Z,98663.58000000,98878.44000000,98393.60000000,98418.42000000,715.42470000
2024-12-25T01:00:00Z,98418.42000000,98597.60000000,97901.08000000,97983.18000000,598.00500000
2024-12-25T02:00:00Z,97983.17000000,98353.99000000,97725.27000000,98131.07000000,593.82651000
2024-12-25T03:00:00Z,98131.07000000,98280.02000000,97930.53000000,98029.48000000,439.76979000
2024-12-25T04:00:00Z,98029.49000000,98354.39000000,97875.91000000,98236.01000000,336.98364000
2024-12-25T05:00:00Z,98236.01000000,98360.65000000,98159.09000000,98279.28000000,255.48309000
2024-12-25T06:00:00Z,98279.28000000,98581.90000000,97844.18000000,97884.38000000,454.70940000
2024-12-25T07:00:00Z,97884.39000000,98366.79000000,97873.49000000,98084.33000000,407.46219000
2024-12-25T08:00:00Z,98084.33000000,98271.76000000,97926.99000000,98069.71000000,389.90170000
2024-12-25T09:00:00Z,98069.72000000,98265.07000000,98007.69000000,98189.54000000,332.61032000
2024-12-25T10:00:00Z,98189.55000000,99349.31000000,98145.75000000,98457.00000000,1287.95699000
2024-12-25T11:00:00Z,98456.99000000,98866.77000000,97773.83000000,97907.61000000,1015.89784000
2024-12-25T12:00:00Z,97907.61000000,98610.11000000,97632.02000000,98176.03000000,1309.05980000
2024-12-25T13:00:00Z,98176.02000000,98609.89000000,98131.85000000,98462.56000000,455.54429000
2024-12-25T14:00:00Z,98462.57000000,98832.89000000,98257.32000000,98710.00000000,550.83181000
2024-12-25T15:00:00Z,98710.00000000,98724.00000000,98202.43000000,98519.98000000,527.91917000
2024-12-25T16:00:00Z,98519.99000000,98696.40000000,98134.40000000,98425.51000000,508.99836000
2024-12-25T17:00:00Z,98425.50000000,98659.00000000,98185.21000000,98570.82000000,344.11537000
2024-12-25T18:00:00Z,98570.82000000,98978.18000000,98544.22000000,98756.26000000,567.60019000
2024-12-25T19:00:00Z,98756.26000000,99299.99000000,98734.66000000,99018.52000000,674.13162000
2024-12-25T20:00:00Z,99018.52000000,99400.00000000,98870.95000000,99144.62000000,542.46107000
2024-12-25T21:00:00Z,99144.62000000,99555.00000000,98384.61000000,98506.36000000,873.33545000
2024-12-25T22:00:00Z,98506.37000000,99100.00000000,98434.78000000,98811.16000000,466.68630000
2024-12-25T23:00:00Z,98811.16000000,99569.15000000,98811.16000000,99429.60000000,825.45050000
2024-12-26T00:00:00Z,99429.61000000,99963.70000000,98955.77000000,99028.66000000,1112.66226000
2024-12-26T01:00:00Z,99028.66000000,99250.00000000,98590.00000000,99057.01000000,842.68396000
2024-12-26T02:00:00Z,99057.02000000,99194.21000000,98468.26000000,98750.34000000,755.75962000
2024-12-26T03:00:00Z,98750.34000000,99167.12000000,98576.77000000,98995.17000000,627.92857000
2024-12-26T04:00:00Z,98995.18000000,98995.18000000,98255.00000000,98300.00000000,629.92754000
2024-12-26T05:00:00Z,98300.00000000,98460.00000000,98076.58000000,98375.01000000,634.59553000
2024-12-26T06:00:00Z,98375.01000000,98484.00000000,98023.10000000,98121.20000000,471.41543000
2024-12-26T07:00:00Z,98121.21000000,98292.00000000,97711.17000000,97719.99000000,802.99524000
2024-12-26T08:00:00Z,97719.99000000,97772.13000000,95616.18000000,95878.56000000,3318.24181000
2024-12-26T09:00:00Z,95878.56000000,95978.52000000,95420.26000000,95439.25000000,1084.30994000
2024-12-26T10:00:00Z,95439.40000000,95777.40000000,95199.14000000,95500.02000000,836.54692000
2024-12-26T11:00:00Z,95500.02000000,96035.50000000,95469.53000000,95695.81000000,817.15898000
2024-12-26T12:00:00Z,95695.81000000,95880.60000000,95462.57000000,95680.71000000,526.11877000
2024-12-26T13:00:00Z,95680.71000000,95772.90000000,95288.00000000,95704.44000000,919.98638000
2024-12-26T14:00:00Z,95704.45000000,96280.25000000,95234.93000000,95449.36000000,1656.27872000
2024-12-26T15:00:00Z,95449.36000000,96216.91000000,95270.00000000,96042.88000000,1165.18448000
2024-12-26T16:00:00Z,96042.89000000,96621.95000000,95816.86000000,96519.47000000,1018.76508000
2024-12-26T17:00:00Z,96519.47000000,96547.99000000,95680.00000000,95824.27000000,772.56303000
2024-12-26T18:00:00Z,95824.27000000,95986.40000000,95458.66000000,95743.44000000,530.95010000
2024-12-26T19:00:00Z,95743.44000000,96198.58000000,95444.44000000,96102.25000000,569.90971000
2024-12-26T20:00:00Z,96102.24000000,96114.46000000,95400.00000000,95589.60000000,630.68028000
2024-12-26T21:00:00Z,95589.60000000,95933.74000000,95302.00000000,95812.63000000,597.64881000
2024-12-26T22:00:00Z,95812.63000000,95963.86000000,95625.00000000,95821.92000000,326.30061000
2024-12-26T23:00:00Z,95821.92000000,95887.99000000,95372.32000000,95791.60000000,543.75550000
2024-12-27T00:00:00Z,95791.60000000,95930.39000000,95401.03000000,95794.56000000,627.70553000
2024-12-27T01:00:00Z,95794.55000000,96250.00000000,95575.07000000,95917.03000000,726.33893000
2024-12-27T02:00:00Z,95917.02000000,96443.68000000,95718.75000000,96073.77000000,973.05088000
2024-12-27T03:00:00Z,96073.77000000,96443.00000000,95982.51000000,96417.84000000,608.14876000
2024-12-27T04:00:00Z,96417.84000000,96595.98000000,96229.39000000,96300.00000000,892.67108000
2024-12-27T05:00:00Z,96300.01000000,96333.77000000,96001.00000000,96238.89000000,623.74969000
2024-12-27T06:00:00Z,96238.89000000,96594.44000000,96107.28000000,96594.16000000,389.55148000
2024-12-27T07:00:00Z,96594.17000000,96604.24000000,94646.03000000,95104.76000000,2694.55677000
2024-12-27T08:00:00Z,95104.76000000,96395.00000000,95104.76000000,95724.02000000,1419.07808000
2024-12-27T09:00:00Z,95724.01000000,97544.58000000,95674.00000000,96774.13000000,2345.43490000
2024-12-27T10:00:00Z,96774.14000000,97029.25000000,96195.20000000,96605.46000000,732.07575000
2024-12-27T11:00:00Z,96605.46000000,96953.71000000,96377.77000000,96952.38000000,466.91984000
2024-12-27T12:00:00Z,96952.38000000,97035.80000000,96617.64000000,96686.75000000,616.98763000
2024-12-27T13:00:00Z,96686.74000000,96686.74000000,96229.66000000,96407.99000000,791.88930000
2024-12-27T14:00:00Z,96407.99000000,96480.00000000,95161.17000000,95691.99000000,1516.74425000
2024-12-27T15:00:00Z,95692.00000000,95718.13000000,94011.11000000,94573.75000000,3500.11218000
2024-12-27T16:00:00Z,94573.75000000,94996.16000000,94101.02000000,94165.92000000,1635.42881000
2024-12-27T17:00:00Z,94165.92000000,94354.82000000,93500.01000000,94291.30000000,2312.03777000
2024-12-27T18:00:00Z,94291.30000000,94770.15000000,94212.30000000,94566.06000000,756.45526000
2024-12-27T19:00:00Z,94566.05000000,94810.07000000,94252.00000000,94750.00000000,575.05533000
2024-12-27T20:00:00Z,94750.11000000,94778.43000000,94313.82000000,94588.12000000,742.35545000
2024-12-27T21:00:00Z,94588.12000000,94823.09000000,94379.35000000,94526.07000000,397.53728000
2024-12-27T22:00:00Z,94526.07000000,94674.50000000,94200.00000000,94437.75000000,459.69514000
2024-12-27T23:00:00Z,94437.75000000,94526.09000000,94100.60000000,94299.03000000,697.68420000
2024-12-28T00:00:00Z,94299.03000000,94544.35000000,94243.32000000,94398.75000000,435.25082000
2024-12-28T01:00:00Z,94398.75000000,94615.24000000,94135.66000000,94556.93000000,377.17171000
2024-12-28T02:00:00Z,94556.92000000,94619.00000000,94276.01000000,94338.00000000,288.78768000
2024-12-28T03:00:00Z,94338.00000000,94720.00000000,94335.88000000,94594.91000000,240.31584000
2024-12-28T04:00:00Z,94594.91000000,94643.87000000,94511.71000000,94524.00000000,185.04174000
2024-12-28T05:00:00Z,94524.00000000,94800.00000000,94523.99000000,94625.64000000,245.81860000
2024-12-28T06:00:00Z,94625.64000000,94724.88000000,94405.28000000,94466.49000000,304.41114000
2024-12-28T07:00:00Z,94466.49000000,94634.25000000,94307.00000000,94381.99000000,235.91255000
2024-12-28T08:00:00Z,94381.98000000,94539.43000000,94312.67000000,94488.01000000,189.15654000
2024-12-28T09:00:00Z,94488.01000000,94692.30000000,94488.01000000,94589.27000000,281.34727000
2024-12-28T10:00:00Z,94589.28000000,94716.06000000,94502.21000000,94619.99000000,276.54014000
2024-12-28T11:00:00Z,94620.00000000,94883.00000000,94600.00000000,94754.83000000,316.63364000
2024-12-28T12:00:00Z,94754.83000000,94880.00000000,94577.66000000,94599.57000000,294.25135000
2024-12-28T13:00:00Z,94599.56000000,94761.33000000,94496.73000000,94665.94000000,394.23476000
2024-12-28T14:00:00Z,94665.29000000,95340.36000000,94411.76000000,94583.99000000,905.83186000
2024-12-28T15:00:00Z,94583.99000000,94819.57000000,94375.80000000,94447.29000000,418.82501000
2024-12-28T16:00:00Z,94447.28000000,94923.06000000,94389.45000000,94874.89000000,556.98186000
2024-12-28T17:00:00Z,94874.89000000,95245.24000000,94810.51000000,95022.57000000,570.88991000
2024-12-28T18:00:00Z,95022.58000000,95100.00000000,94715.16000000,94837.31000000,305.64776000
2024-12-28T19:00:00Z,94837.31000000,95138.05000000,94837.30000000,95027.76000000,265.45992000
2024-12-28T20:00:00Z,95027.75000000,95151.13000000,94878.26000000,95083.05000000,193.31417000
2024-12-28T21:00:00Z,95083.05000000,95223.72000000,94968.86000000,95171.67000000,208.89259000
2024-12-28T22:00:00Z,95171.67000000,95733.99000000,95047.11000000,95326.40000000,556.46419000
2024-12-28T23:00:00Z,95326.40000000,95408.90000000,95112.43000000,95300.00000000,338.71185000
2024-12-29T00:00:00Z,95300.00000000,95340.00000000,95042.60000000,95148.49000000,283.78071000
2024-12-29T01:00:00Z,95148.49000000,95210.22000000,94808.00000000,94857.65000000,316.37330000
2024-12-29T02:00:00Z,94857.66000000,95211.88000000,94851.25000000,95154.50000000,237.18289000
2024-12-29T03:00:00Z,95154.50000000,95221.69000000,94978.33000000,95172.40000000,215.77474000
2024-12-29T04:00:00Z,95172.41000000,95283.99000000,95063.40000000,95126.39000000,211.83200000
2024-12-29T05:00:00Z,95126.39000000,95199.97000000,95071.21000000,95118.89000000,135.90901000
2024-12-29T06:00:00Z,95118.89000000,95212.00000000,94971.44000000,95181.70000000,270.97676000
2024-12-29T07:00:00Z,95181.70000000,95272.05000000,95076.68000000,95272.04000000,257.21309000
2024-12-29T08:00:00Z,95272.05000000,95315.50000000,95078.50000000,95123.33000000,184.58621000
2024-12-29T09:00:00Z,95123.33000000,95211.41000000,95048.30000000,95190.49000000,175.08412000
2024-12-29T10:00:00Z,95190.50000000,95278.85000000,95102.76000000,95167.83000000,284.07406000
2024-12-29T11:00:00Z,95167.83000000,95183.61000000,95010.00000000,95032.57000000,144.75849000
2024-12-29T12:00:00Z,95032.58000000,95130.24000000,94900.82000000,94907.89000000,264.05508000
2024-12-29T13:00:00Z,94907.88000000,95015.18000000,94800.00000000,94928.20000000,484.06443000
2024-12-29T14:00:00Z,94928.20000000,95231.58000000,94010.00000000,94623.67000000,1574.50585000
2024-12-29T15:00:00Z,94623.68000000,94794.79000000,94404.90000000,94511.12000000,558.58884000
2024-12-29T16:00:00Z,94511.11000000,94578.89000000,93600.00000000,93900.01000000,1573.86589000
2024-12-29T17:00:00Z,93900.01000000,94117.50000000,93800.37000000,93945.01000000,611.15623000
2024-12-29T18:00:00Z,93945.00000000,93945.01000000,93600.00000000,93652.00000000,863.75577000
2024-12-29T19:00:00Z,93652.00000000,93880.00000000,93367.52000000,93612.89000000,991.70232000
2024-12-29T20:00:00Z,93612.89000000,93880.00000000,93345.00000000,93858.55000000,721.84653000
2024-12-29T21:00:00Z,93858.55000000,93949.52000000,93121.00000000,93352.65000000,1034.06452000
2024-12-29T22:00:00Z,93352.65000000,93770.41000000,93087.97000000,93135.32000000,1143.65741000
2024-12-29T23:00:00Z,93135.32000000,93871.02000000,93009.52000000,93738.20000000,1037.19753000
2024-12-30T00:00:00Z,93738.19000000,93908.24000000,93500.00000000,93583.96000000,575.76998000
2024-12-30T01:00:00Z,93583.96000000,94274.29000000,93368.93000000,93948.42000000,1152.47209000
2024-12-30T02:00:00Z,93948.41000000,93973.61000000,93413.72000000,93906.41000000,767.45195000
2024-12-30T03:00:00Z,93906.41000000,94080.00000000,93639.87000000,93722.71000000,402.93622000
2024-12-30T04:00:00Z,93722.72000000,93979.45000000,93264.14000000,93280.26000000,563.78609000
2024-12-30T05:00:00Z,93280.27000000,93581.53000000,93240.03000000,93581.53000000,472.45526000
2024-12-30T06:00:00Z,93581.53000000,94060.35000000,93517.38000000,93901.29000000,632.83617000
2024-12-30T07:00:00Z,93901.29000000,93947.99000000,93319.99000000,93731.65000000,770.90489000
2024-12-30T08:00:00Z,93731.66000000,93967.21000000,93723.29000000,93851.11000000,373.21320000
2024-12-30T09:00:00Z,93851.10000000,94023.84000000,93686.68000000,93892.35000000,459.50171000
2024-12-30T10:00:00Z,93892.35000000,94068.56000000,93730.95000000,93793.27000000,304.04427000
2024-12-30T11:00:00Z,93793.27000000,93953.09000000,93469.56000000,93923.14000000,547.14351000
2024-12-30T12:00:00Z,93923.14000000,94277.23000000,93722.06000000,93750.69000000,646.55159000
2024-12-30T13:00:00Z,93750.68000000,93820.90000000,92613.00000000,92680.52000000,2283.46335000
2024-12-30T14:00:00Z,92680.52000000,93120.00000000,91820.46000000,91883.99000000,3137.00815000
2024-12-30T15:00:00Z,91884.00000000,92473.32000000,91530.45000000,92130.21000000,3228.93941000
2024-12-30T16:00:00Z,92130.21000000,92227.17000000,91800.00000000,92120.60000000,1185.04222000
2024-12-30T17:00:00Z,92120.60000000,94200.00000000,91980.53000000,93832.83000000,2087.38638000
2024-12-30T18:00:00Z,93832.82000000,94684.09000000,93570.00000000,94583.99000000,1962.74282000
2024-12-30T19:00:00Z,94583.98000000,94622.75000000,93939.29000000,94417.04000000,895.80875000
2024-12-30T20:00:00Z,94417.04000000,95024.50000000,94296.75000000,94338.80000000,1146.04057000
2024-12-30T21:00:00Z,94338.80000000,94376.30000000,91901.57000000,92076.00000000,2274.79849000
2024-12-30T22:00:00Z,92076.00000000,93027.69000000,91948.00000000,92784.75000000,1170.61959000
2024-12-30T23:00:00Z,92784.76000000,92893.40000000,92389.28000000,92792.05000000,578.50584000
2024-12-31T00:00:00Z,92792.05000000,92907.03000000,92375.15000000,92450.00000000,584.04771000
2024-12-31T01:00:00Z,92450.00000000,92575.76000000,92033.73000000,92435.57000000,1243.12207000
2024-12-31T02:00:00Z,92435.73000000,92702.43000000,92303.21000000,92476.35000000,413.58133000
2024-12-31T03:00:00Z,92476.35000000,92654.74000000,92250.00000000,92509.59000000,432.51551000
2024-12-31T04:00:00Z,92509.60000000,92832.29000000,92344.07000000,92448.00000000,508.87389000
2024-12-31T05:00:00Z,92448.00000000,92750.00000000,92357.71000000,92596.08000000,330.97028000
2024-12-31T06:00:00Z,92596.08000000,93040.10000000,92568.50000000,92816.00000000,585.69313000
2024-12-31T07:00:00Z,92816.00000000,92910.03000000,92770.00000000,92860.75000000,485.23565000
2024-12-31T08:00:00Z,92860.75000000,94741.68000000,92842.88000000,93933.38000000,1778.41415000
2024-12-31T09:00:00Z,93933.38000000,94151.52000000,93831.24000000,94023.88000000,694.62156000
2024-12-31T10:00:00Z,94023.88000000,94271.29000000,93664.06000000,94113.69000000,715.16946000
2024-12-31T11:00:00Z,94113.69000000,94285.12000000,93984.00000000,94232.68000000,540.22294000
2024-12-31T12:00:00Z,94232.68000000,94958.85000000,94232.67000000,94539.85000000,1252.18005000
2024-12-31T13:00:00Z,94539.86000000,96054.79000000,94524.43000000,95587.12000000,1803.50187000
2024-12-31T14:00:00Z,95587.12000000,96250.00000000,95372.35000000,95679.17000000,1504.33717000
2024-12-31T15:00:00Z,95679.17000000,95982.62000000,94909.12000000,95412.00000000,1362.37354000
2024-12-31T16:00:00Z,95412.00000000,95590.52000000,94606.40000000,94868.42000000,1042.48497000
2024-12-31T17:00:00Z,94868.41000000,95047.71000000,93189.59000000,94120.94000000,1332.40373000
2024-12-31T18:00:00Z,94120.92000000,94416.72000000,93779.80000000,93875.68000000,816.81017000
2024-12-31T19:00:00Z,93875.69000000,94290.91000000,93712.45000000,94166.88000000,462.79342000
2024-12-31T20:00:00Z,94166.88000000,94222.50000000,93450.17000000,93564.04000000,733.04147000
2024-12-31T21:00:00Z,93564.01000000,93964.15000000,93504.67000000,93899.68000000,337.52715000
2024-12-31T22:00:00Z,93899.67000000,93899.67000000,93375.58000000,93488.84000000,315.53272000
2024-12-31T23:00:00Z,93488.83000000,93756.00000000,93375.38000000,93576.00000000,336.57995000
